[MetricOpStats] ParamMass_M  (rows=14264)
  row_sum       min=1.3468e-07  max=0.00594  mean=0.00197907  max/|min|=44104.5
  |row_sum|     min=1.3468e-07  max=0.00594  mean=0.00197907  max/min=44104.5
  diag          min=5.98578e-08  max=0.00264  mean=0.000879586  nonpos=0
  max_abs_entry=0.00264
[MetricOpStats] ParamStiffness_K  (rows=14264)
  row_sum       min=-8.9407e-08  max=8.9407e-08  mean=1.38068e-08  max/|min|=1
  |row_sum|     min=2.37605e+08  max=7.92e+08  mean=5.80481e+08  max/min=3.33326
  diag          min=3.96018e+07  max=1.584e+08  mean=1.05543e+08  nonpos=0
  max_abs_entry=1.584e+08
[MetricOpStats] ParamMass_M_reprint  (rows=14264)
  row_sum       min=1.3468e-07  max=0.00594  mean=0.00197907  max/|min|=44104.5
  |row_sum|     min=1.3468e-07  max=0.00594  mean=0.00197907  max/min=44104.5
  diag          min=5.98578e-08  max=0.00264  mean=0.000879586  nonpos=0
  max_abs_entry=0.00264
[MetricOpStats] K_over_M
  |row_sum| ratio  max=1.33333e+11  mean=2.9331e+11
[RieszDiagnostics] M and K retained for diagnostics; Euclidean inner product unchanged.
MrHyDE vector contract check (primal) errors: e[0]=0 e[1]=0 e[2]=0 e[3]=0 e[4]=0 e[5]=0 e[6]=0 e[7]=0 e[8]=0 e[9]=0 e[10]=0 e[11]=0 e[12]=0
MrHyDE vector contract check (dual) errors: e[0]=0 e[1]=3.21279e-16 e[2]=0 e[3]=0 e[4]=0 e[5]=5.68711e-17 e[6]=1.10283e-16 e[7]=0 e[8]=0 e[9]=7.42542e-16 e[10]=4.44089e-16 e[11]=0 e[12]=0
MrHyDE vector contract check: max_primal_err=0 max_dual_err=7.42542e-16 tol=1e-08

Truncated CG Trust-Region Solver
------------------------------------------------------------------------------------------------------------------
Trust-Region status output definitions

  iter    - Number of iterates (steps taken)
  value   - Objective function value
  gnorm   - Norm of the gradient
  snorm   - Norm of the step (update to optimization vector)
  delta   - Trust-Region radius
  #fval   - Number of times the objective function was evaluated
  #grad   - Number of times the gradient was computed

  tr_flag - Trust-Region flag
    0 - Both actual and predicted reductions are positive (success)
    1 - Actual reduction is positive and predicted reduction is negative (impossible)
    2 - Actual reduction is nonpositive and predicted reduction is positive
    3 - Actual reduction is nonpositive and predicted reduction is negative (impossible)
    4 - Actual and/or predicted reduction is a NaN
    5 - Subproblem solution did not produce sufficient decrease

  iterCG - Number of Truncated CG iterations

  flagGC - Trust-Region Truncated CG flag
    0 - Residual tolerance met
    1 - Iteration limit exceeded
    2 - Negative curvature detected
    3 - Trust-Region radius exceeded
    4 - Initial right hand side is zero
------------------------------------------------------------------------------------------------------------------
  iter  value          gnorm          snorm          delta          #fval     #grad     tr_flag   iterCG    flagCG    
  0     1.241567e-11   1.093678e+00   ---            1.000000e+00   1         1         ---       ---       ---       
  In TrustRegionUtilities::analyzeRatio
    Current objective function value:        1.24157e-11
    New objective function value:            9.7249e-15
    Actual reduction:                        1.24059e-11
    Predicted reduction:                     2.18961e-11
    Safeguard:                               2.22045e-15
    Actual reduction with safeguard:         1.24082e-11
    Predicted reduction with safeguard:      2.18983e-11
    Ratio of actual and predicted reduction: 0.566627
    Trust-region flag:                       0

------------------------------------------------------------------------------------------------------------------
Trust-Region status output definitions

  iter    - Number of iterates (steps taken)
  value   - Objective function value
  gnorm   - Norm of the gradient
  snorm   - Norm of the step (update to optimization vector)
  delta   - Trust-Region radius
  #fval   - Number of times the objective function was evaluated
  #grad   - Number of times the gradient was computed

  tr_flag - Trust-Region flag
    0 - Both actual and predicted reductions are positive (success)
    1 - Actual reduction is positive and predicted reduction is negative (impossible)
    2 - Actual reduction is nonpositive and predicted reduction is positive
    3 - Actual reduction is nonpositive and predicted reduction is negative (impossible)
    4 - Actual and/or predicted reduction is a NaN
    5 - Subproblem solution did not produce sufficient decrease

  iterCG - Number of Truncated CG iterations

  flagGC - Trust-Region Truncated CG flag
    0 - Residual tolerance met
    1 - Iteration limit exceeded
    2 - Negative curvature detected
    3 - Trust-Region radius exceeded
    4 - Initial right hand side is zero
------------------------------------------------------------------------------------------------------------------
  iter  value          gnorm          snorm          delta          #fval     #grad     tr_flag   iterCG    flagCG    
  1     9.724901e-15   3.252866e-02   4.566974e-11   1.000000e+00   2         2         0         20        1         
  In TrustRegionUtilities::analyzeRatio
    Current objective function value:        9.7249e-15
    New objective function value:            6.75706e-16
    Actual reduction:                        9.04919e-15
    Predicted reduction:                     1.5224e-14
    Safeguard:                               2.22045e-15
    Actual reduction with safeguard:         1.12696e-14
    Predicted reduction with safeguard:      1.74444e-14
    Ratio of actual and predicted reduction: 0.64603
    Trust-region flag:                       0

------------------------------------------------------------------------------------------------------------------
Trust-Region status output definitions

  iter    - Number of iterates (steps taken)
  value   - Objective function value
  gnorm   - Norm of the gradient
  snorm   - Norm of the step (update to optimization vector)
  delta   - Trust-Region radius
  #fval   - Number of times the objective function was evaluated
  #grad   - Number of times the gradient was computed

  tr_flag - Trust-Region flag
    0 - Both actual and predicted reductions are positive (success)
    1 - Actual reduction is positive and predicted reduction is negative (impossible)
    2 - Actual reduction is nonpositive and predicted reduction is positive
    3 - Actual reduction is nonpositive and predicted reduction is negative (impossible)
    4 - Actual and/or predicted reduction is a NaN
    5 - Subproblem solution did not produce sufficient decrease

  iterCG - Number of Truncated CG iterations

  flagGC - Trust-Region Truncated CG flag
    0 - Residual tolerance met
    1 - Iteration limit exceeded
    2 - Negative curvature detected
    3 - Trust-Region radius exceeded
    4 - Initial right hand side is zero
------------------------------------------------------------------------------------------------------------------
  iter  value          gnorm          snorm          delta          #fval     #grad     tr_flag   iterCG    flagCG    
  2     6.757062e-16   8.051913e-03   3.407304e-12   1.000000e+00   3         3         0         20        1         
  In TrustRegionUtilities::analyzeRatio
    Current objective function value:        6.75706e-16
    New objective function value:            9.42092e-17
    Actual reduction:                        5.81497e-16
    Predicted reduction:                     9.78195e-16
    Safeguard:                               2.22045e-15
    Actual reduction with safeguard:         2.80194e-15
    Predicted reduction with safeguard:      3.19864e-15
    Ratio of actual and predicted reduction: 0.875979
    Trust-region flag:                       0

------------------------------------------------------------------------------------------------------------------
Trust-Region status output definitions

  iter    - Number of iterates (steps taken)
  value   - Objective function value
  gnorm   - Norm of the gradient
  snorm   - Norm of the step (update to optimization vector)
  delta   - Trust-Region radius
  #fval   - Number of times the objective function was evaluated
  #grad   - Number of times the gradient was computed

  tr_flag - Trust-Region flag
    0 - Both actual and predicted reductions are positive (success)
    1 - Actual reduction is positive and predicted reduction is negative (impossible)
    2 - Actual reduction is nonpositive and predicted reduction is positive
    3 - Actual reduction is nonpositive and predicted reduction is negative (impossible)
    4 - Actual and/or predicted reduction is a NaN
    5 - Subproblem solution did not produce sufficient decrease

  iterCG - Number of Truncated CG iterations

  flagGC - Trust-Region Truncated CG flag
    0 - Residual tolerance met
    1 - Iteration limit exceeded
    2 - Negative curvature detected
    3 - Trust-Region radius exceeded
    4 - Initial right hand side is zero
------------------------------------------------------------------------------------------------------------------
  iter  value          gnorm          snorm          delta          #fval     #grad     tr_flag   iterCG    flagCG    
  3     9.420919e-17   2.623605e-03   8.341122e-13   1.000000e+00   4         4         0         20        1         
  In TrustRegionUtilities::analyzeRatio
    Current objective function value:        9.42092e-17
    New objective function value:            2.1734e-17
    Actual reduction:                        7.24752e-17
    Predicted reduction:                     1.1949e-16
    Safeguard:                               2.22045e-15
    Actual reduction with safeguard:         2.29292e-15
    Predicted reduction with safeguard:      2.33994e-15
    Ratio of actual and predicted reduction: 0.979908
    Trust-region flag:                       0

------------------------------------------------------------------------------------------------------------------
Trust-Region status output definitions

  iter    - Number of iterates (steps taken)
  value   - Objective function value
  gnorm   - Norm of the gradient
  snorm   - Norm of the step (update to optimization vector)
  delta   - Trust-Region radius
  #fval   - Number of times the objective function was evaluated
  #grad   - Number of times the gradient was computed

  tr_flag - Trust-Region flag
    0 - Both actual and predicted reductions are positive (success)
    1 - Actual reduction is positive and predicted reduction is negative (impossible)
    2 - Actual reduction is nonpositive and predicted reduction is positive
    3 - Actual reduction is nonpositive and predicted reduction is negative (impossible)
    4 - Actual and/or predicted reduction is a NaN
    5 - Subproblem solution did not produce sufficient decrease

  iterCG - Number of Truncated CG iterations

  flagGC - Trust-Region Truncated CG flag
    0 - Residual tolerance met
    1 - Iteration limit exceeded
    2 - Negative curvature detected
    3 - Trust-Region radius exceeded
    4 - Initial right hand side is zero
------------------------------------------------------------------------------------------------------------------
  iter  value          gnorm          snorm          delta          #fval     #grad     tr_flag   iterCG    flagCG    
  4     2.173402e-17   1.353077e-03   3.178463e-13   1.000000e+01   5         5         0         20        1         
  In TrustRegionUtilities::analyzeRatio
    Current objective function value:        2.1734e-17
    New objective function value:            8.77496e-18
    Actual reduction:                        1.29591e-17
    Predicted reduction:                     2.02885e-17
    Safeguard:                               2.22045e-15
    Actual reduction with safeguard:         2.23341e-15
    Predicted reduction with safeguard:      2.24073e-15
    Ratio of actual and predicted reduction: 0.996729
    Trust-region flag:                       0

------------------------------------------------------------------------------------------------------------------
Trust-Region status output definitions

  iter    - Number of iterates (steps taken)
  value   - Objective function value
  gnorm   - Norm of the gradient
  snorm   - Norm of the step (update to optimization vector)
  delta   - Trust-Region radius
  #fval   - Number of times the objective function was evaluated
  #grad   - Number of times the gradient was computed

  tr_flag - Trust-Region flag
    0 - Both actual and predicted reductions are positive (success)
    1 - Actual reduction is positive and predicted reduction is negative (impossible)
    2 - Actual reduction is nonpositive and predicted reduction is positive
    3 - Actual reduction is nonpositive and predicted reduction is negative (impossible)
    4 - Actual and/or predicted reduction is a NaN
    5 - Subproblem solution did not produce sufficient decrease

  iterCG - Number of Truncated CG iterations

  flagGC - Trust-Region Truncated CG flag
    0 - Residual tolerance met
    1 - Iteration limit exceeded
    2 - Negative curvature detected
    3 - Trust-Region radius exceeded
    4 - Initial right hand side is zero
------------------------------------------------------------------------------------------------------------------
  iter  value          gnorm          snorm          delta          #fval     #grad     tr_flag   iterCG    flagCG    
  5     8.774956e-18   4.287199e-04   1.259570e-13   1.000000e+02   6         6         0         20        1         
  In TrustRegionUtilities::analyzeRatio
    Current objective function value:        8.77496e-18
    New objective function value:            5.42668e-18
    Actual reduction:                        3.34828e-18
    Predicted reduction:                     4.87709e-18
    Safeguard:                               2.22045e-15
    Actual reduction with safeguard:         2.22379e-15
    Predicted reduction with safeguard:      2.22532e-15
    Ratio of actual and predicted reduction: 0.999313
    Trust-region flag:                       0

------------------------------------------------------------------------------------------------------------------
Trust-Region status output definitions

  iter    - Number of iterates (steps taken)
  value   - Objective function value
  gnorm   - Norm of the gradient
  snorm   - Norm of the step (update to optimization vector)
  delta   - Trust-Region radius
  #fval   - Number of times the objective function was evaluated
  #grad   - Number of times the gradient was computed

  tr_flag - Trust-Region flag
    0 - Both actual and predicted reductions are positive (success)
    1 - Actual reduction is positive and predicted reduction is negative (impossible)
    2 - Actual reduction is nonpositive and predicted reduction is positive
    3 - Actual reduction is nonpositive and predicted reduction is negative (impossible)
    4 - Actual and/or predicted reduction is a NaN
    5 - Subproblem solution did not produce sufficient decrease

  iterCG - Number of Truncated CG iterations

  flagGC - Trust-Region Truncated CG flag
    0 - Residual tolerance met
    1 - Iteration limit exceeded
    2 - Negative curvature detected
    3 - Trust-Region radius exceeded
    4 - Initial right hand side is zero
------------------------------------------------------------------------------------------------------------------
  iter  value          gnorm          snorm          delta          #fval     #grad     tr_flag   iterCG    flagCG    
  6     5.426676e-18   3.907079e-04   7.467606e-14   1.000000e+03   7         7         0         20        1         
  In TrustRegionUtilities::analyzeRatio
    Current objective function value:        5.42668e-18
    New objective function value:            4.03232e-18
    Actual reduction:                        1.39435e-18
    Predicted reduction:                     1.88656e-18
    Safeguard:                               2.22045e-15
    Actual reduction with safeguard:         2.22184e-15
    Predicted reduction with safeguard:      2.22233e-15
    Ratio of actual and predicted reduction: 0.999779
    Trust-region flag:                       0

------------------------------------------------------------------------------------------------------------------
Trust-Region status output definitions

  iter    - Number of iterates (steps taken)
  value   - Objective function value
  gnorm   - Norm of the gradient
  snorm   - Norm of the step (update to optimization vector)
  delta   - Trust-Region radius
  #fval   - Number of times the objective function was evaluated
  #grad   - Number of times the gradient was computed

  tr_flag - Trust-Region flag
    0 - Both actual and predicted reductions are positive (success)
    1 - Actual reduction is positive and predicted reduction is negative (impossible)
    2 - Actual reduction is nonpositive and predicted reduction is positive
    3 - Actual reduction is nonpositive and predicted reduction is negative (impossible)
    4 - Actual and/or predicted reduction is a NaN
    5 - Subproblem solution did not produce sufficient decrease

  iterCG - Number of Truncated CG iterations

  flagGC - Trust-Region Truncated CG flag
    0 - Residual tolerance met
    1 - Iteration limit exceeded
    2 - Negative curvature detected
    3 - Trust-Region radius exceeded
    4 - Initial right hand side is zero
------------------------------------------------------------------------------------------------------------------
  iter  value          gnorm          snorm          delta          #fval     #grad     tr_flag   iterCG    flagCG    
  7     4.032322e-18   1.935959e-04   4.731059e-14   1.000000e+03   8         8         0         20        1         
  In TrustRegionUtilities::analyzeRatio
    Current objective function value:        4.03232e-18
    New objective function value:            3.17832e-18
    Actual reduction:                        8.54006e-19
    Predicted reduction:                     1.14104e-18
    Safeguard:                               2.22045e-15
    Actual reduction with safeguard:         2.2213e-15
    Predicted reduction with safeguard:      2.22159e-15
    Ratio of actual and predicted reduction: 0.999871
    Trust-region flag:                       0

------------------------------------------------------------------------------------------------------------------
Trust-Region status output definitions

  iter    - Number of iterates (steps taken)
  value   - Objective function value
  gnorm   - Norm of the gradient
  snorm   - Norm of the step (update to optimization vector)
  delta   - Trust-Region radius
  #fval   - Number of times the objective function was evaluated
  #grad   - Number of times the gradient was computed

  tr_flag - Trust-Region flag
    0 - Both actual and predicted reductions are positive (success)
    1 - Actual reduction is positive and predicted reduction is negative (impossible)
    2 - Actual reduction is nonpositive and predicted reduction is positive
    3 - Actual reduction is nonpositive and predicted reduction is negative (impossible)
    4 - Actual and/or predicted reduction is a NaN
    5 - Subproblem solution did not produce sufficient decrease

  iterCG - Number of Truncated CG iterations

  flagGC - Trust-Region Truncated CG flag
    0 - Residual tolerance met
    1 - Iteration limit exceeded
    2 - Negative curvature detected
    3 - Trust-Region radius exceeded
    4 - Initial right hand side is zero
------------------------------------------------------------------------------------------------------------------
  iter  value          gnorm          snorm          delta          #fval     #grad     tr_flag   iterCG    flagCG    
  8     3.178317e-18   2.269021e-04   4.142954e-14   1.000000e+03   9         9         0         20        1         
  In TrustRegionUtilities::analyzeRatio
    Current objective function value:        3.17832e-18
    New objective function value:            2.5887e-18
    Actual reduction:                        5.89617e-19
    Predicted reduction:                     7.94516e-19
    Safeguard:                               2.22045e-15
    Actual reduction with safeguard:         2.22104e-15
    Predicted reduction with safeguard:      2.22124e-15
    Ratio of actual and predicted reduction: 0.999908
    Trust-region flag:                       0

------------------------------------------------------------------------------------------------------------------
Trust-Region status output definitions

  iter    - Number of iterates (steps taken)
  value   - Objective function value
  gnorm   - Norm of the gradient
  snorm   - Norm of the step (update to optimization vector)
  delta   - Trust-Region radius
  #fval   - Number of times the objective function was evaluated
  #grad   - Number of times the gradient was computed

  tr_flag - Trust-Region flag
    0 - Both actual and predicted reductions are positive (success)
    1 - Actual reduction is positive and predicted reduction is negative (impossible)
    2 - Actual reduction is nonpositive and predicted reduction is positive
    3 - Actual reduction is nonpositive and predicted reduction is negative (impossible)
    4 - Actual and/or predicted reduction is a NaN
    5 - Subproblem solution did not produce sufficient decrease

  iterCG - Number of Truncated CG iterations

  flagGC - Trust-Region Truncated CG flag
    0 - Residual tolerance met
    1 - Iteration limit exceeded
    2 - Negative curvature detected
    3 - Trust-Region radius exceeded
    4 - Initial right hand side is zero
------------------------------------------------------------------------------------------------------------------
  iter  value          gnorm          snorm          delta          #fval     #grad     tr_flag   iterCG    flagCG    
  9     2.588700e-18   1.329564e-04   3.200327e-14   1.000000e+03   10        10        0         20        1         
  In TrustRegionUtilities::analyzeRatio
    Current objective function value:        2.5887e-18
    New objective function value:            2.15729e-18
    Actual reduction:                        4.3141e-19
    Predicted reduction:                     5.83048e-19
    Safeguard:                               2.22045e-15
    Actual reduction with safeguard:         2.22088e-15
    Predicted reduction with safeguard:      2.22103e-15
    Ratio of actual and predicted reduction: 0.999932
    Trust-region flag:                       0

------------------------------------------------------------------------------------------------------------------
Trust-Region status output definitions

  iter    - Number of iterates (steps taken)
  value   - Objective function value
  gnorm   - Norm of the gradient
  snorm   - Norm of the step (update to optimization vector)
  delta   - Trust-Region radius
  #fval   - Number of times the objective function was evaluated
  #grad   - Number of times the gradient was computed

  tr_flag - Trust-Region flag
    0 - Both actual and predicted reductions are positive (success)
    1 - Actual reduction is positive and predicted reduction is negative (impossible)
    2 - Actual reduction is nonpositive and predicted reduction is positive
    3 - Actual reduction is nonpositive and predicted reduction is negative (impossible)
    4 - Actual and/or predicted reduction is a NaN
    5 - Subproblem solution did not produce sufficient decrease

  iterCG - Number of Truncated CG iterations

  flagGC - Trust-Region Truncated CG flag
    0 - Residual tolerance met
    1 - Iteration limit exceeded
    2 - Negative curvature detected
    3 - Trust-Region radius exceeded
    4 - Initial right hand side is zero
------------------------------------------------------------------------------------------------------------------
  iter  value          gnorm          snorm          delta          #fval     #grad     tr_flag   iterCG    flagCG    
  10    2.157289e-18   1.541751e-04   2.983616e-14   1.000000e+03   11        11        0         20        1         
  In TrustRegionUtilities::analyzeRatio
    Current objective function value:        2.15729e-18
    New objective function value:            1.829e-18
    Actual reduction:                        3.28291e-19
    Predicted reduction:                     4.43297e-19
    Safeguard:                               2.22045e-15
    Actual reduction with safeguard:         2.22077e-15
    Predicted reduction with safeguard:      2.22089e-15
    Ratio of actual and predicted reduction: 0.999948
    Trust-region flag:                       0

------------------------------------------------------------------------------------------------------------------
Trust-Region status output definitions

  iter    - Number of iterates (steps taken)
  value   - Objective function value
  gnorm   - Norm of the gradient
  snorm   - Norm of the step (update to optimization vector)
  delta   - Trust-Region radius
  #fval   - Number of times the objective function was evaluated
  #grad   - Number of times the gradient was computed

  tr_flag - Trust-Region flag
    0 - Both actual and predicted reductions are positive (success)
    1 - Actual reduction is positive and predicted reduction is negative (impossible)
    2 - Actual reduction is nonpositive and predicted reduction is positive
    3 - Actual reduction is nonpositive and predicted reduction is negative (impossible)
    4 - Actual and/or predicted reduction is a NaN
    5 - Subproblem solution did not produce sufficient decrease

  iterCG - Number of Truncated CG iterations

  flagGC - Trust-Region Truncated CG flag
    0 - Residual tolerance met
    1 - Iteration limit exceeded
    2 - Negative curvature detected
    3 - Trust-Region radius exceeded
    4 - Initial right hand side is zero
------------------------------------------------------------------------------------------------------------------
  iter  value          gnorm          snorm          delta          #fval     #grad     tr_flag   iterCG    flagCG    
  11    1.828998e-18   1.031770e-04   2.459529e-14   1.000000e+03   12        12        0         20        1         
  In TrustRegionUtilities::analyzeRatio
    Current objective function value:        1.829e-18
    New objective function value:            1.57497e-18
    Actual reduction:                        2.5403e-19
    Predicted reduction:                     3.45359e-19
    Safeguard:                               2.22045e-15
    Actual reduction with safeguard:         2.2207e-15
    Predicted reduction with safeguard:      2.22079e-15
    Ratio of actual and predicted reduction: 0.999959
    Trust-region flag:                       0

------------------------------------------------------------------------------------------------------------------
Trust-Region status output definitions

  iter    - Number of iterates (steps taken)
  value   - Objective function value
  gnorm   - Norm of the gradient
  snorm   - Norm of the step (update to optimization vector)
  delta   - Trust-Region radius
  #fval   - Number of times the objective function was evaluated
  #grad   - Number of times the gradient was computed

  tr_flag - Trust-Region flag
    0 - Both actual and predicted reductions are positive (success)
    1 - Actual reduction is positive and predicted reduction is negative (impossible)
    2 - Actual reduction is nonpositive and predicted reduction is positive
    3 - Actual reduction is nonpositive and predicted reduction is negative (impossible)
    4 - Actual and/or predicted reduction is a NaN
    5 - Subproblem solution did not produce sufficient decrease

  iterCG - Number of Truncated CG iterations

  flagGC - Trust-Region Truncated CG flag
    0 - Residual tolerance met
    1 - Iteration limit exceeded
    2 - Negative curvature detected
    3 - Trust-Region radius exceeded
    4 - Initial right hand side is zero
------------------------------------------------------------------------------------------------------------------
  iter  value          gnorm          snorm          delta          #fval     #grad     tr_flag   iterCG    flagCG    
  12    1.574968e-18   1.146839e-04   2.291393e-14   1.000000e+03   13        13        0         20        1         
  In TrustRegionUtilities::analyzeRatio
    Current objective function value:        1.57497e-18
    New objective function value:            1.37088e-18
    Actual reduction:                        2.04091e-19
    Predicted reduction:                     2.75705e-19
    Safeguard:                               2.22045e-15
    Actual reduction with safeguard:         2.22065e-15
    Predicted reduction with safeguard:      2.22072e-15
    Ratio of actual and predicted reduction: 0.999968
    Trust-region flag:                       0

------------------------------------------------------------------------------------------------------------------
Trust-Region status output definitions

  iter    - Number of iterates (steps taken)
  value   - Objective function value
  gnorm   - Norm of the gradient
  snorm   - Norm of the step (update to optimization vector)
  delta   - Trust-Region radius
  #fval   - Number of times the objective function was evaluated
  #grad   - Number of times the gradient was computed

  tr_flag - Trust-Region flag
    0 - Both actual and predicted reductions are positive (success)
    1 - Actual reduction is positive and predicted reduction is negative (impossible)
    2 - Actual reduction is nonpositive and predicted reduction is positive
    3 - Actual reduction is nonpositive and predicted reduction is negative (impossible)
    4 - Actual and/or predicted reduction is a NaN
    5 - Subproblem solution did not produce sufficient decrease

  iterCG - Number of Truncated CG iterations

  flagGC - Trust-Region Truncated CG flag
    0 - Residual tolerance met
    1 - Iteration limit exceeded
    2 - Negative curvature detected
    3 - Trust-Region radius exceeded
    4 - Initial right hand side is zero
------------------------------------------------------------------------------------------------------------------
  iter  value          gnorm          snorm          delta          #fval     #grad     tr_flag   iterCG    flagCG    
  13    1.370876e-18   8.489375e-05   1.988947e-14   1.000000e+03   14        14        0         20        1         
  In TrustRegionUtilities::analyzeRatio
    Current objective function value:        1.37088e-18
    New objective function value:            1.20732e-18
    Actual reduction:                        1.63558e-19
    Predicted reduction:                     2.23455e-19
    Safeguard:                               2.22045e-15
    Actual reduction with safeguard:         2.22061e-15
    Predicted reduction with safeguard:      2.22067e-15
    Ratio of actual and predicted reduction: 0.999973
    Trust-region flag:                       0

------------------------------------------------------------------------------------------------------------------
Trust-Region status output definitions

  iter    - Number of iterates (steps taken)
  value   - Objective function value
  gnorm   - Norm of the gradient
  snorm   - Norm of the step (update to optimization vector)
  delta   - Trust-Region radius
  #fval   - Number of times the objective function was evaluated
  #grad   - Number of times the gradient was computed

  tr_flag - Trust-Region flag
    0 - Both actual and predicted reductions are positive (success)
    1 - Actual reduction is positive and predicted reduction is negative (impossible)
    2 - Actual reduction is nonpositive and predicted reduction is positive
    3 - Actual reduction is nonpositive and predicted reduction is negative (impossible)
    4 - Actual and/or predicted reduction is a NaN
    5 - Subproblem solution did not produce sufficient decrease

  iterCG - Number of Truncated CG iterations

  flagGC - Trust-Region Truncated CG flag
    0 - Residual tolerance met
    1 - Iteration limit exceeded
    2 - Negative curvature detected
    3 - Trust-Region radius exceeded
    4 - Initial right hand side is zero
------------------------------------------------------------------------------------------------------------------
  iter  value          gnorm          snorm          delta          #fval     #grad     tr_flag   iterCG    flagCG    
  14    1.207318e-18   8.510900e-05   1.829591e-14   1.000000e+03   15        15        0         20        1         
  In TrustRegionUtilities::analyzeRatio
    Current objective function value:        1.20732e-18
    New objective function value:            1.07034e-18
    Actual reduction:                        1.36977e-19
    Predicted reduction:                     1.85244e-19
    Safeguard:                               2.22045e-15
    Actual reduction with safeguard:         2.22058e-15
    Predicted reduction with safeguard:      2.22063e-15
    Ratio of actual and predicted reduction: 0.999978
    Trust-region flag:                       0

------------------------------------------------------------------------------------------------------------------
Trust-Region status output definitions

  iter    - Number of iterates (steps taken)
  value   - Objective function value
  gnorm   - Norm of the gradient
  snorm   - Norm of the step (update to optimization vector)
  delta   - Trust-Region radius
  #fval   - Number of times the objective function was evaluated
  #grad   - Number of times the gradient was computed

  tr_flag - Trust-Region flag
    0 - Both actual and predicted reductions are positive (success)
    1 - Actual reduction is positive and predicted reduction is negative (impossible)
    2 - Actual reduction is nonpositive and predicted reduction is positive
    3 - Actual reduction is nonpositive and predicted reduction is negative (impossible)
    4 - Actual and/or predicted reduction is a NaN
    5 - Subproblem solution did not produce sufficient decrease

  iterCG - Number of Truncated CG iterations

  flagGC - Trust-Region Truncated CG flag
    0 - Residual tolerance met
    1 - Iteration limit exceeded
    2 - Negative curvature detected
    3 - Trust-Region radius exceeded
    4 - Initial right hand side is zero
------------------------------------------------------------------------------------------------------------------
  iter  value          gnorm          snorm          delta          #fval     #grad     tr_flag   iterCG    flagCG    
  15    1.070341e-18   7.462114e-05   1.672590e-14   1.000000e+03   16        16        0         20        1         
  In TrustRegionUtilities::analyzeRatio
    Current objective function value:        1.07034e-18
    New objective function value:            9.57342e-19
    Actual reduction:                        1.13e-19
    Predicted reduction:                     1.55154e-19
    Safeguard:                               2.22045e-15
    Actual reduction with safeguard:         2.22056e-15
    Predicted reduction with safeguard:      2.2206e-15
    Ratio of actual and predicted reduction: 0.999981
    Trust-region flag:                       0

------------------------------------------------------------------------------------------------------------------
Trust-Region status output definitions

  iter    - Number of iterates (steps taken)
  value   - Objective function value
  gnorm   - Norm of the gradient
  snorm   - Norm of the step (update to optimization vector)
  delta   - Trust-Region radius
  #fval   - Number of times the objective function was evaluated
  #grad   - Number of times the gradient was computed

  tr_flag - Trust-Region flag
    0 - Both actual and predicted reductions are positive (success)
    1 - Actual reduction is positive and predicted reduction is negative (impossible)
    2 - Actual reduction is nonpositive and predicted reduction is positive
    3 - Actual reduction is nonpositive and predicted reduction is negative (impossible)
    4 - Actual and/or predicted reduction is a NaN
    5 - Subproblem solution did not produce sufficient decrease

  iterCG - Number of Truncated CG iterations

  flagGC - Trust-Region Truncated CG flag
    0 - Residual tolerance met
    1 - Iteration limit exceeded
    2 - Negative curvature detected
    3 - Trust-Region radius exceeded
    4 - Initial right hand side is zero
------------------------------------------------------------------------------------------------------------------
  iter  value          gnorm          snorm          delta          #fval     #grad     tr_flag   iterCG    flagCG    
  16    9.573419e-19   6.695288e-05   1.512212e-14   1.000000e+03   17        17        0         20        1         
  In TrustRegionUtilities::analyzeRatio
    Current objective function value:        9.57342e-19
    New objective function value:            8.59894e-19
    Actual reduction:                        9.74483e-20
    Predicted reduction:                     1.31986e-19
    Safeguard:                               2.22045e-15
    Actual reduction with safeguard:         2.22054e-15
    Predicted reduction with safeguard:      2.22058e-15
    Ratio of actual and predicted reduction: 0.999984
    Trust-region flag:                       0

------------------------------------------------------------------------------------------------------------------
Trust-Region status output definitions

  iter    - Number of iterates (steps taken)
  value   - Objective function value
  gnorm   - Norm of the gradient
  snorm   - Norm of the step (update to optimization vector)
  delta   - Trust-Region radius
  #fval   - Number of times the objective function was evaluated
  #grad   - Number of times the gradient was computed

  tr_flag - Trust-Region flag
    0 - Both actual and predicted reductions are positive (success)
    1 - Actual reduction is positive and predicted reduction is negative (impossible)
    2 - Actual reduction is nonpositive and predicted reduction is positive
    3 - Actual reduction is nonpositive and predicted reduction is negative (impossible)
    4 - Actual and/or predicted reduction is a NaN
    5 - Subproblem solution did not produce sufficient decrease

  iterCG - Number of Truncated CG iterations

  flagGC - Trust-Region Truncated CG flag
    0 - Residual tolerance met
    1 - Iteration limit exceeded
    2 - Negative curvature detected
    3 - Trust-Region radius exceeded
    4 - Initial right hand side is zero
------------------------------------------------------------------------------------------------------------------
  iter  value          gnorm          snorm          delta          #fval     #grad     tr_flag   iterCG    flagCG    
  17    8.598936e-19   6.543045e-05   1.442688e-14   1.000000e+03   18        18        0         20        1         
  In TrustRegionUtilities::analyzeRatio
    Current objective function value:        8.59894e-19
    New objective function value:            7.77869e-19
    Actual reduction:                        8.2025e-20
    Predicted reduction:                     1.13187e-19
    Safeguard:                               2.22045e-15
    Actual reduction with safeguard:         2.22053e-15
    Predicted reduction with safeguard:      2.22056e-15
    Ratio of actual and predicted reduction: 0.999986
    Trust-region flag:                       0

------------------------------------------------------------------------------------------------------------------
Trust-Region status output definitions

  iter    - Number of iterates (steps taken)
  value   - Objective function value
  gnorm   - Norm of the gradient
  snorm   - Norm of the step (update to optimization vector)
  delta   - Trust-Region radius
  #fval   - Number of times the objective function was evaluated
  #grad   - Number of times the gradient was computed

  tr_flag - Trust-Region flag
    0 - Both actual and predicted reductions are positive (success)
    1 - Actual reduction is positive and predicted reduction is negative (impossible)
    2 - Actual reduction is nonpositive and predicted reduction is positive
    3 - Actual reduction is nonpositive and predicted reduction is negative (impossible)
    4 - Actual and/or predicted reduction is a NaN
    5 - Subproblem solution did not produce sufficient decrease

  iterCG - Number of Truncated CG iterations

  flagGC - Trust-Region Truncated CG flag
    0 - Residual tolerance met
    1 - Iteration limit exceeded
    2 - Negative curvature detected
    3 - Trust-Region radius exceeded
    4 - Initial right hand side is zero
------------------------------------------------------------------------------------------------------------------
  iter  value          gnorm          snorm          delta          #fval     #grad     tr_flag   iterCG    flagCG    
  18    7.778686e-19   5.494931e-05   1.281278e-14   1.000000e+03   19        19        0         20        1         
  In TrustRegionUtilities::analyzeRatio
    Current objective function value:        7.77869e-19
    New objective function value:            7.05394e-19
    Actual reduction:                        7.24741e-20
    Predicted reduction:                     9.83372e-20
    Safeguard:                               2.22045e-15
    Actual reduction with safeguard:         2.22052e-15
    Predicted reduction with safeguard:      2.22054e-15
    Ratio of actual and predicted reduction: 0.999988
    Trust-region flag:                       0

------------------------------------------------------------------------------------------------------------------
Trust-Region status output definitions

  iter    - Number of iterates (steps taken)
  value   - Objective function value
  gnorm   - Norm of the gradient
  snorm   - Norm of the step (update to optimization vector)
  delta   - Trust-Region radius
  #fval   - Number of times the objective function was evaluated
  #grad   - Number of times the gradient was computed

  tr_flag - Trust-Region flag
    0 - Both actual and predicted reductions are positive (success)
    1 - Actual reduction is positive and predicted reduction is negative (impossible)
    2 - Actual reduction is nonpositive and predicted reduction is positive
    3 - Actual reduction is nonpositive and predicted reduction is negative (impossible)
    4 - Actual and/or predicted reduction is a NaN
    5 - Subproblem solution did not produce sufficient decrease

  iterCG - Number of Truncated CG iterations

  flagGC - Trust-Region Truncated CG flag
    0 - Residual tolerance met
    1 - Iteration limit exceeded
    2 - Negative curvature detected
    3 - Trust-Region radius exceeded
    4 - Initial right hand side is zero
------------------------------------------------------------------------------------------------------------------
  iter  value          gnorm          snorm          delta          #fval     #grad     tr_flag   iterCG    flagCG    
  19    7.053945e-19   6.046019e-05   1.271712e-14   1.000000e+03   20        20        0         20        1         
  In TrustRegionUtilities::analyzeRatio
    Current objective function value:        7.05394e-19
    New objective function value:            6.43525e-19
    Actual reduction:                        6.18695e-20
    Predicted reduction:                     8.57681e-20
    Safeguard:                               2.22045e-15
    Actual reduction with safeguard:         2.22051e-15
    Predicted reduction with safeguard:      2.22053e-15
    Ratio of actual and predicted reduction: 0.999989
    Trust-region flag:                       0

------------------------------------------------------------------------------------------------------------------
Trust-Region status output definitions

  iter    - Number of iterates (steps taken)
  value   - Objective function value
  gnorm   - Norm of the gradient
  snorm   - Norm of the step (update to optimization vector)
  delta   - Trust-Region radius
  #fval   - Number of times the objective function was evaluated
  #grad   - Number of times the gradient was computed

  tr_flag - Trust-Region flag
    0 - Both actual and predicted reductions are positive (success)
    1 - Actual reduction is positive and predicted reduction is negative (impossible)
    2 - Actual reduction is nonpositive and predicted reduction is positive
    3 - Actual reduction is nonpositive and predicted reduction is negative (impossible)
    4 - Actual and/or predicted reduction is a NaN
    5 - Subproblem solution did not produce sufficient decrease

  iterCG - Number of Truncated CG iterations

  flagGC - Trust-Region Truncated CG flag
    0 - Residual tolerance met
    1 - Iteration limit exceeded
    2 - Negative curvature detected
    3 - Trust-Region radius exceeded
    4 - Initial right hand side is zero
------------------------------------------------------------------------------------------------------------------
  iter  value          gnorm          snorm          delta          #fval     #grad     tr_flag   iterCG    flagCG    
  20    6.435250e-19   4.559729e-05   1.105151e-14   1.000000e+03   21        21        0         20        1         
  In TrustRegionUtilities::analyzeRatio
    Current objective function value:        6.43525e-19
    New objective function value:            5.86765e-19
    Actual reduction:                        5.67597e-20
    Predicted reduction:                     7.73308e-20
    Safeguard:                               2.22045e-15
    Actual reduction with safeguard:         2.2205e-15
    Predicted reduction with safeguard:      2.22052e-15
    Ratio of actual and predicted reduction: 0.999991
    Trust-region flag:                       0

------------------------------------------------------------------------------------------------------------------
Trust-Region status output definitions

  iter    - Number of iterates (steps taken)
  value   - Objective function value
  gnorm   - Norm of the gradient
  snorm   - Norm of the step (update to optimization vector)
  delta   - Trust-Region radius
  #fval   - Number of times the objective function was evaluated
  #grad   - Number of times the gradient was computed

  tr_flag - Trust-Region flag
    0 - Both actual and predicted reductions are positive (success)
    1 - Actual reduction is positive and predicted reduction is negative (impossible)
    2 - Actual reduction is nonpositive and predicted reduction is positive
    3 - Actual reduction is nonpositive and predicted reduction is negative (impossible)
    4 - Actual and/or predicted reduction is a NaN
    5 - Subproblem solution did not produce sufficient decrease

  iterCG - Number of Truncated CG iterations

  flagGC - Trust-Region Truncated CG flag
    0 - Residual tolerance met
    1 - Iteration limit exceeded
    2 - Negative curvature detected
    3 - Trust-Region radius exceeded
    4 - Initial right hand side is zero
------------------------------------------------------------------------------------------------------------------
  iter  value          gnorm          snorm          delta          #fval     #grad     tr_flag   iterCG    flagCG    
  21    5.867653e-19   7.298521e-05   1.175238e-14   1.000000e+03   22        22        0         20        1         
  In TrustRegionUtilities::analyzeRatio
    Current objective function value:        5.86765e-19
    New objective function value:            5.37705e-19
    Actual reduction:                        4.90605e-20
    Predicted reduction:                     6.81938e-20
    Safeguard:                               2.22045e-15
    Actual reduction with safeguard:         2.2205e-15
    Predicted reduction with safeguard:      2.22051e-15
    Ratio of actual and predicted reduction: 0.999991
    Trust-region flag:                       0

------------------------------------------------------------------------------------------------------------------
Trust-Region status output definitions

  iter    - Number of iterates (steps taken)
  value   - Objective function value
  gnorm   - Norm of the gradient
  snorm   - Norm of the step (update to optimization vector)
  delta   - Trust-Region radius
  #fval   - Number of times the objective function was evaluated
  #grad   - Number of times the gradient was computed

  tr_flag - Trust-Region flag
    0 - Both actual and predicted reductions are positive (success)
    1 - Actual reduction is positive and predicted reduction is negative (impossible)
    2 - Actual reduction is nonpositive and predicted reduction is positive
    3 - Actual reduction is nonpositive and predicted reduction is negative (impossible)
    4 - Actual and/or predicted reduction is a NaN
    5 - Subproblem solution did not produce sufficient decrease

  iterCG - Number of Truncated CG iterations

  flagGC - Trust-Region Truncated CG flag
    0 - Residual tolerance met
    1 - Iteration limit exceeded
    2 - Negative curvature detected
    3 - Trust-Region radius exceeded
    4 - Initial right hand side is zero
------------------------------------------------------------------------------------------------------------------
  iter  value          gnorm          snorm          delta          #fval     #grad     tr_flag   iterCG    flagCG    
  22    5.377048e-19   3.921163e-05   9.651226e-15   1.000000e+03   23        23        0         20        1         
  In TrustRegionUtilities::analyzeRatio
    Current objective function value:        5.37705e-19
    New objective function value:            4.94158e-19
    Actual reduction:                        4.35465e-20
    Predicted reduction:                     5.93489e-20
    Safeguard:                               2.22045e-15
    Actual reduction with safeguard:         2.22049e-15
    Predicted reduction with safeguard:      2.22051e-15
    Ratio of actual and predicted reduction: 0.999993
    Trust-region flag:                       0

------------------------------------------------------------------------------------------------------------------
Trust-Region status output definitions

  iter    - Number of iterates (steps taken)
  value   - Objective function value
  gnorm   - Norm of the gradient
  snorm   - Norm of the step (update to optimization vector)
  delta   - Trust-Region radius
  #fval   - Number of times the objective function was evaluated
  #grad   - Number of times the gradient was computed

  tr_flag - Trust-Region flag
    0 - Both actual and predicted reductions are positive (success)
    1 - Actual reduction is positive and predicted reduction is negative (impossible)
    2 - Actual reduction is nonpositive and predicted reduction is positive
    3 - Actual reduction is nonpositive and predicted reduction is negative (impossible)
    4 - Actual and/or predicted reduction is a NaN
    5 - Subproblem solution did not produce sufficient decrease

  iterCG - Number of Truncated CG iterations

  flagGC - Trust-Region Truncated CG flag
    0 - Residual tolerance met
    1 - Iteration limit exceeded
    2 - Negative curvature detected
    3 - Trust-Region radius exceeded
    4 - Initial right hand side is zero
------------------------------------------------------------------------------------------------------------------
  iter  value          gnorm          snorm          delta          #fval     #grad     tr_flag   iterCG    flagCG    
  23    4.941583e-19   5.204320e-05   1.026959e-14   1.000000e+03   24        24        0         20        1         
  In TrustRegionUtilities::analyzeRatio
    Current objective function value:        4.94158e-19
    New objective function value:            4.56201e-19
    Actual reduction:                        3.79571e-20
    Predicted reduction:                     5.30851e-20
    Safeguard:                               2.22045e-15
    Actual reduction with safeguard:         2.22048e-15
    Predicted reduction with safeguard:      2.2205e-15
    Ratio of actual and predicted reduction: 0.999993
    Trust-region flag:                       0

------------------------------------------------------------------------------------------------------------------
Trust-Region status output definitions

  iter    - Number of iterates (steps taken)
  value   - Objective function value
  gnorm   - Norm of the gradient
  snorm   - Norm of the step (update to optimization vector)
  delta   - Trust-Region radius
  #fval   - Number of times the objective function was evaluated
  #grad   - Number of times the gradient was computed

  tr_flag - Trust-Region flag
    0 - Both actual and predicted reductions are positive (success)
    1 - Actual reduction is positive and predicted reduction is negative (impossible)
    2 - Actual reduction is nonpositive and predicted reduction is positive
    3 - Actual reduction is nonpositive and predicted reduction is negative (impossible)
    4 - Actual and/or predicted reduction is a NaN
    5 - Subproblem solution did not produce sufficient decrease

  iterCG - Number of Truncated CG iterations

  flagGC - Trust-Region Truncated CG flag
    0 - Residual tolerance met
    1 - Iteration limit exceeded
    2 - Negative curvature detected
    3 - Trust-Region radius exceeded
    4 - Initial right hand side is zero
------------------------------------------------------------------------------------------------------------------
  iter  value          gnorm          snorm          delta          #fval     #grad     tr_flag   iterCG    flagCG    
  24    4.562012e-19   3.503339e-05   8.556100e-15   1.000000e+03   25        25        0         20        1         
  In TrustRegionUtilities::analyzeRatio
    Current objective function value:        4.56201e-19
    New objective function value:            4.21428e-19
    Actual reduction:                        3.47731e-20
    Predicted reduction:                     4.74773e-20
    Safeguard:                               2.22045e-15
    Actual reduction with safeguard:         2.22048e-15
    Predicted reduction with safeguard:      2.22049e-15
    Ratio of actual and predicted reduction: 0.999994
    Trust-region flag:                       0

------------------------------------------------------------------------------------------------------------------
Trust-Region status output definitions

  iter    - Number of iterates (steps taken)
  value   - Objective function value
  gnorm   - Norm of the gradient
  snorm   - Norm of the step (update to optimization vector)
  delta   - Trust-Region radius
  #fval   - Number of times the objective function was evaluated
  #grad   - Number of times the gradient was computed

  tr_flag - Trust-Region flag
    0 - Both actual and predicted reductions are positive (success)
    1 - Actual reduction is positive and predicted reduction is negative (impossible)
    2 - Actual reduction is nonpositive and predicted reduction is positive
    3 - Actual reduction is nonpositive and predicted reduction is negative (impossible)
    4 - Actual and/or predicted reduction is a NaN
    5 - Subproblem solution did not produce sufficient decrease

  iterCG - Number of Truncated CG iterations

  flagGC - Trust-Region Truncated CG flag
    0 - Residual tolerance met
    1 - Iteration limit exceeded
    2 - Negative curvature detected
    3 - Trust-Region radius exceeded
    4 - Initial right hand side is zero
------------------------------------------------------------------------------------------------------------------
  iter  value          gnorm          snorm          delta          #fval     #grad     tr_flag   iterCG    flagCG    
  25    4.214280e-19   4.494525e-05   9.277153e-15   1.000000e+03   26        26        0         20        1         
  In TrustRegionUtilities::analyzeRatio
    Current objective function value:        4.21428e-19
    New objective function value:            3.90961e-19
    Actual reduction:                        3.04667e-20
    Predicted reduction:                     4.27945e-20
    Safeguard:                               2.22045e-15
    Actual reduction with safeguard:         2.22048e-15
    Predicted reduction with safeguard:      2.22049e-15
    Ratio of actual and predicted reduction: 0.999994
    Trust-region flag:                       0

------------------------------------------------------------------------------------------------------------------
Trust-Region status output definitions

  iter    - Number of iterates (steps taken)
  value   - Objective function value
  gnorm   - Norm of the gradient
  snorm   - Norm of the step (update to optimization vector)
  delta   - Trust-Region radius
  #fval   - Number of times the objective function was evaluated
  #grad   - Number of times the gradient was computed

  tr_flag - Trust-Region flag
    0 - Both actual and predicted reductions are positive (success)
    1 - Actual reduction is positive and predicted reduction is negative (impossible)
    2 - Actual reduction is nonpositive and predicted reduction is positive
    3 - Actual reduction is nonpositive and predicted reduction is negative (impossible)
    4 - Actual and/or predicted reduction is a NaN
    5 - Subproblem solution did not produce sufficient decrease

  iterCG - Number of Truncated CG iterations

  flagGC - Trust-Region Truncated CG flag
    0 - Residual tolerance met
    1 - Iteration limit exceeded
    2 - Negative curvature detected
    3 - Trust-Region radius exceeded
    4 - Initial right hand side is zero
------------------------------------------------------------------------------------------------------------------
  iter  value          gnorm          snorm          delta          #fval     #grad     tr_flag   iterCG    flagCG    
  26    3.909613e-19   3.063394e-05   7.643427e-15   1.000000e+03   27        27        0         20        1         
  In TrustRegionUtilities::analyzeRatio
    Current objective function value:        3.90961e-19
    New objective function value:            3.62537e-19
    Actual reduction:                        2.84246e-20
    Predicted reduction:                     3.89149e-20
    Safeguard:                               2.22045e-15
    Actual reduction with safeguard:         2.22047e-15
    Predicted reduction with safeguard:      2.22048e-15
    Ratio of actual and predicted reduction: 0.999995
    Trust-region flag:                       0

------------------------------------------------------------------------------------------------------------------
Trust-Region status output definitions

  iter    - Number of iterates (steps taken)
  value   - Objective function value
  gnorm   - Norm of the gradient
  snorm   - Norm of the step (update to optimization vector)
  delta   - Trust-Region radius
  #fval   - Number of times the objective function was evaluated
  #grad   - Number of times the gradient was computed

  tr_flag - Trust-Region flag
    0 - Both actual and predicted reductions are positive (success)
    1 - Actual reduction is positive and predicted reduction is negative (impossible)
    2 - Actual reduction is nonpositive and predicted reduction is positive
    3 - Actual reduction is nonpositive and predicted reduction is negative (impossible)
    4 - Actual and/or predicted reduction is a NaN
    5 - Subproblem solution did not produce sufficient decrease

  iterCG - Number of Truncated CG iterations

  flagGC - Trust-Region Truncated CG flag
    0 - Residual tolerance met
    1 - Iteration limit exceeded
    2 - Negative curvature detected
    3 - Trust-Region radius exceeded
    4 - Initial right hand side is zero
------------------------------------------------------------------------------------------------------------------
  iter  value          gnorm          snorm          delta          #fval     #grad     tr_flag   iterCG    flagCG    
  27    3.625367e-19   4.353919e-05   8.546458e-15   1.000000e+03   28        28        0         20        1         
  In TrustRegionUtilities::analyzeRatio
    Current objective function value:        3.62537e-19
    New objective function value:            3.37521e-19
    Actual reduction:                        2.50152e-20
    Predicted reduction:                     3.52563e-20
    Safeguard:                               2.22045e-15
    Actual reduction with safeguard:         2.22047e-15
    Predicted reduction with safeguard:      2.22048e-15
    Ratio of actual and predicted reduction: 0.999995
    Trust-region flag:                       0

------------------------------------------------------------------------------------------------------------------
Trust-Region status output definitions

  iter    - Number of iterates (steps taken)
  value   - Objective function value
  gnorm   - Norm of the gradient
  snorm   - Norm of the step (update to optimization vector)
  delta   - Trust-Region radius
  #fval   - Number of times the objective function was evaluated
  #grad   - Number of times the gradient was computed

  tr_flag - Trust-Region flag
    0 - Both actual and predicted reductions are positive (success)
    1 - Actual reduction is positive and predicted reduction is negative (impossible)
    2 - Actual reduction is nonpositive and predicted reduction is positive
    3 - Actual reduction is nonpositive and predicted reduction is negative (impossible)
    4 - Actual and/or predicted reduction is a NaN
    5 - Subproblem solution did not produce sufficient decrease

  iterCG - Number of Truncated CG iterations

  flagGC - Trust-Region Truncated CG flag
    0 - Residual tolerance met
    1 - Iteration limit exceeded
    2 - Negative curvature detected
    3 - Trust-Region radius exceeded
    4 - Initial right hand side is zero
------------------------------------------------------------------------------------------------------------------
  iter  value          gnorm          snorm          delta          #fval     #grad     tr_flag   iterCG    flagCG    
  28    3.375215e-19   2.639422e-05   6.860032e-15   1.000000e+03   29        29        0         20        1         
  In TrustRegionUtilities::analyzeRatio
    Current objective function value:        3.37521e-19
    New objective function value:            3.14111e-19
    Actual reduction:                        2.34107e-20
    Predicted reduction:                     3.21332e-20
    Safeguard:                               2.22045e-15
    Actual reduction with safeguard:         2.22047e-15
    Predicted reduction with safeguard:      2.22048e-15
    Ratio of actual and predicted reduction: 0.999996
    Trust-region flag:                       0

------------------------------------------------------------------------------------------------------------------
Trust-Region status output definitions

  iter    - Number of iterates (steps taken)
  value   - Objective function value
  gnorm   - Norm of the gradient
  snorm   - Norm of the step (update to optimization vector)
  delta   - Trust-Region radius
  #fval   - Number of times the objective function was evaluated
  #grad   - Number of times the gradient was computed

  tr_flag - Trust-Region flag
    0 - Both actual and predicted reductions are positive (success)
    1 - Actual reduction is positive and predicted reduction is negative (impossible)
    2 - Actual reduction is nonpositive and predicted reduction is positive
    3 - Actual reduction is nonpositive and predicted reduction is negative (impossible)
    4 - Actual and/or predicted reduction is a NaN
    5 - Subproblem solution did not produce sufficient decrease

  iterCG - Number of Truncated CG iterations

  flagGC - Trust-Region Truncated CG flag
    0 - Residual tolerance met
    1 - Iteration limit exceeded
    2 - Negative curvature detected
    3 - Trust-Region radius exceeded
    4 - Initial right hand side is zero
------------------------------------------------------------------------------------------------------------------
  iter  value          gnorm          snorm          delta          #fval     #grad     tr_flag   iterCG    flagCG    
  29    3.141108e-19   4.109340e-05   7.873598e-15   1.000000e+03   30        30        0         20        1         
  In TrustRegionUtilities::analyzeRatio
    Current objective function value:        3.14111e-19
    New objective function value:            2.9333e-19
    Actual reduction:                        2.07811e-20
    Predicted reduction:                     2.93888e-20
    Safeguard:                               2.22045e-15
    Actual reduction with safeguard:         2.22047e-15
    Predicted reduction with safeguard:      2.22048e-15
    Ratio of actual and predicted reduction: 0.999996
    Trust-region flag:                       0

------------------------------------------------------------------------------------------------------------------
Trust-Region status output definitions

  iter    - Number of iterates (steps taken)
  value   - Objective function value
  gnorm   - Norm of the gradient
  snorm   - Norm of the step (update to optimization vector)
  delta   - Trust-Region radius
  #fval   - Number of times the objective function was evaluated
  #grad   - Number of times the gradient was computed

  tr_flag - Trust-Region flag
    0 - Both actual and predicted reductions are positive (success)
    1 - Actual reduction is positive and predicted reduction is negative (impossible)
    2 - Actual reduction is nonpositive and predicted reduction is positive
    3 - Actual reduction is nonpositive and predicted reduction is negative (impossible)
    4 - Actual and/or predicted reduction is a NaN
    5 - Subproblem solution did not produce sufficient decrease

  iterCG - Number of Truncated CG iterations

  flagGC - Trust-Region Truncated CG flag
    0 - Residual tolerance met
    1 - Iteration limit exceeded
    2 - Negative curvature detected
    3 - Trust-Region radius exceeded
    4 - Initial right hand side is zero
------------------------------------------------------------------------------------------------------------------
  iter  value          gnorm          snorm          delta          #fval     #grad     tr_flag   iterCG    flagCG    
  30    2.933297e-19   2.497103e-05   6.229669e-15   1.000000e+03   31        31        0         20        1         
  In TrustRegionUtilities::analyzeRatio
    Current objective function value:        2.9333e-19
    New objective function value:            2.73908e-19
    Actual reduction:                        1.94216e-20
    Predicted reduction:                     2.66998e-20
    Safeguard:                               2.22045e-15
    Actual reduction with safeguard:         2.22047e-15
    Predicted reduction with safeguard:      2.22047e-15
    Ratio of actual and predicted reduction: 0.999997
    Trust-region flag:                       0

------------------------------------------------------------------------------------------------------------------
Trust-Region status output definitions

  iter    - Number of iterates (steps taken)
  value   - Objective function value
  gnorm   - Norm of the gradient
  snorm   - Norm of the step (update to optimization vector)
  delta   - Trust-Region radius
  #fval   - Number of times the objective function was evaluated
  #grad   - Number of times the gradient was computed

  tr_flag - Trust-Region flag
    0 - Both actual and predicted reductions are positive (success)
    1 - Actual reduction is positive and predicted reduction is negative (impossible)
    2 - Actual reduction is nonpositive and predicted reduction is positive
    3 - Actual reduction is nonpositive and predicted reduction is negative (impossible)
    4 - Actual and/or predicted reduction is a NaN
    5 - Subproblem solution did not produce sufficient decrease

  iterCG - Number of Truncated CG iterations

  flagGC - Trust-Region Truncated CG flag
    0 - Residual tolerance met
    1 - Iteration limit exceeded
    2 - Negative curvature detected
    3 - Trust-Region radius exceeded
    4 - Initial right hand side is zero
------------------------------------------------------------------------------------------------------------------
  iter  value          gnorm          snorm          delta          #fval     #grad     tr_flag   iterCG    flagCG    
  31    2.739081e-19   3.469387e-05   7.202037e-15   1.000000e+03   32        32        0         20        1         
  In TrustRegionUtilities::analyzeRatio
    Current objective function value:        2.73908e-19
    New objective function value:            2.56642e-19
    Actual reduction:                        1.72663e-20
    Predicted reduction:                     2.45168e-20
    Safeguard:                               2.22045e-15
    Actual reduction with safeguard:         2.22046e-15
    Predicted reduction with safeguard:      2.22047e-15
    Ratio of actual and predicted reduction: 0.999997
    Trust-region flag:                       0

------------------------------------------------------------------------------------------------------------------
Trust-Region status output definitions

  iter    - Number of iterates (steps taken)
  value   - Objective function value
  gnorm   - Norm of the gradient
  snorm   - Norm of the step (update to optimization vector)
  delta   - Trust-Region radius
  #fval   - Number of times the objective function was evaluated
  #grad   - Number of times the gradient was computed

  tr_flag - Trust-Region flag
    0 - Both actual and predicted reductions are positive (success)
    1 - Actual reduction is positive and predicted reduction is negative (impossible)
    2 - Actual reduction is nonpositive and predicted reduction is positive
    3 - Actual reduction is nonpositive and predicted reduction is negative (impossible)
    4 - Actual and/or predicted reduction is a NaN
    5 - Subproblem solution did not produce sufficient decrease

  iterCG - Number of Truncated CG iterations

  flagGC - Trust-Region Truncated CG flag
    0 - Residual tolerance met
    1 - Iteration limit exceeded
    2 - Negative curvature detected
    3 - Trust-Region radius exceeded
    4 - Initial right hand side is zero
------------------------------------------------------------------------------------------------------------------
  iter  value          gnorm          snorm          delta          #fval     #grad     tr_flag   iterCG    flagCG    
  32    2.566417e-19   2.271405e-05   5.675848e-15   1.000000e+03   33        33        0         20        1         
  In TrustRegionUtilities::analyzeRatio
    Current objective function value:        2.56642e-19
    New objective function value:            2.40211e-19
    Actual reduction:                        1.64306e-20
    Predicted reduction:                     2.26511e-20
    Safeguard:                               2.22045e-15
    Actual reduction with safeguard:         2.22046e-15
    Predicted reduction with safeguard:      2.22047e-15
    Ratio of actual and predicted reduction: 0.999997
    Trust-region flag:                       0

------------------------------------------------------------------------------------------------------------------
Trust-Region status output definitions

  iter    - Number of iterates (steps taken)
  value   - Objective function value
  gnorm   - Norm of the gradient
  snorm   - Norm of the step (update to optimization vector)
  delta   - Trust-Region radius
  #fval   - Number of times the objective function was evaluated
  #grad   - Number of times the gradient was computed

  tr_flag - Trust-Region flag
    0 - Both actual and predicted reductions are positive (success)
    1 - Actual reduction is positive and predicted reduction is negative (impossible)
    2 - Actual reduction is nonpositive and predicted reduction is positive
    3 - Actual reduction is nonpositive and predicted reduction is negative (impossible)
    4 - Actual and/or predicted reduction is a NaN
    5 - Subproblem solution did not produce sufficient decrease

  iterCG - Number of Truncated CG iterations

  flagGC - Trust-Region Truncated CG flag
    0 - Residual tolerance met
    1 - Iteration limit exceeded
    2 - Negative curvature detected
    3 - Trust-Region radius exceeded
    4 - Initial right hand side is zero
------------------------------------------------------------------------------------------------------------------
  iter  value          gnorm          snorm          delta          #fval     #grad     tr_flag   iterCG    flagCG    
  33    2.402111e-19   3.432688e-05   6.727053e-15   1.000000e+03   34        34        0         20        1         
  In TrustRegionUtilities::analyzeRatio
    Current objective function value:        2.40211e-19
    New objective function value:            2.25512e-19
    Actual reduction:                        1.46993e-20
    Predicted reduction:                     2.09283e-20
    Safeguard:                               2.22045e-15
    Actual reduction with safeguard:         2.22046e-15
    Predicted reduction with safeguard:      2.22047e-15
    Ratio of actual and predicted reduction: 0.999997
    Trust-region flag:                       0

------------------------------------------------------------------------------------------------------------------
Trust-Region status output definitions

  iter    - Number of iterates (steps taken)
  value   - Objective function value
  gnorm   - Norm of the gradient
  snorm   - Norm of the step (update to optimization vector)
  delta   - Trust-Region radius
  #fval   - Number of times the objective function was evaluated
  #grad   - Number of times the gradient was computed

  tr_flag - Trust-Region flag
    0 - Both actual and predicted reductions are positive (success)
    1 - Actual reduction is positive and predicted reduction is negative (impossible)
    2 - Actual reduction is nonpositive and predicted reduction is positive
    3 - Actual reduction is nonpositive and predicted reduction is negative (impossible)
    4 - Actual and/or predicted reduction is a NaN
    5 - Subproblem solution did not produce sufficient decrease

  iterCG - Number of Truncated CG iterations

  flagGC - Trust-Region Truncated CG flag
    0 - Residual tolerance met
    1 - Iteration limit exceeded
    2 - Negative curvature detected
    3 - Trust-Region radius exceeded
    4 - Initial right hand side is zero
------------------------------------------------------------------------------------------------------------------
  iter  value          gnorm          snorm          delta          #fval     #grad     tr_flag   iterCG    flagCG    
  34    2.255118e-19   2.178377e-05   5.211873e-15   1.000000e+03   35        35        0         20        1         
  In TrustRegionUtilities::analyzeRatio
    Current objective function value:        2.25512e-19
    New objective function value:            2.11352e-19
    Actual reduction:                        1.41594e-20
    Predicted reduction:                     1.95886e-20
    Safeguard:                               2.22045e-15
    Actual reduction with safeguard:         2.22046e-15
    Predicted reduction with safeguard:      2.22047e-15
    Ratio of actual and predicted reduction: 0.999998
    Trust-region flag:                       0

------------------------------------------------------------------------------------------------------------------
Trust-Region status output definitions

  iter    - Number of iterates (steps taken)
  value   - Objective function value
  gnorm   - Norm of the gradient
  snorm   - Norm of the step (update to optimization vector)
  delta   - Trust-Region radius
  #fval   - Number of times the objective function was evaluated
  #grad   - Number of times the gradient was computed

  tr_flag - Trust-Region flag
    0 - Both actual and predicted reductions are positive (success)
    1 - Actual reduction is positive and predicted reduction is negative (impossible)
    2 - Actual reduction is nonpositive and predicted reduction is positive
    3 - Actual reduction is nonpositive and predicted reduction is negative (impossible)
    4 - Actual and/or predicted reduction is a NaN
    5 - Subproblem solution did not produce sufficient decrease

  iterCG - Number of Truncated CG iterations

  flagGC - Trust-Region Truncated CG flag
    0 - Residual tolerance met
    1 - Iteration limit exceeded
    2 - Negative curvature detected
    3 - Trust-Region radius exceeded
    4 - Initial right hand side is zero
------------------------------------------------------------------------------------------------------------------
  iter  value          gnorm          snorm          delta          #fval     #grad     tr_flag   iterCG    flagCG    
  35    2.113524e-19   3.677004e-05   6.388119e-15   1.000000e+03   36        36        0         20        1         
  In TrustRegionUtilities::analyzeRatio
    Current objective function value:        2.11352e-19
    New objective function value:            1.9869e-19
    Actual reduction:                        1.26622e-20
    Predicted reduction:                     1.80535e-20
    Safeguard:                               2.22045e-15
    Actual reduction with safeguard:         2.22046e-15
    Predicted reduction with safeguard:      2.22046e-15
    Ratio of actual and predicted reduction: 0.999998
    Trust-region flag:                       0

------------------------------------------------------------------------------------------------------------------
Trust-Region status output definitions

  iter    - Number of iterates (steps taken)
  value   - Objective function value
  gnorm   - Norm of the gradient
  snorm   - Norm of the step (update to optimization vector)
  delta   - Trust-Region radius
  #fval   - Number of times the objective function was evaluated
  #grad   - Number of times the gradient was computed

  tr_flag - Trust-Region flag
    0 - Both actual and predicted reductions are positive (success)
    1 - Actual reduction is positive and predicted reduction is negative (impossible)
    2 - Actual reduction is nonpositive and predicted reduction is positive
    3 - Actual reduction is nonpositive and predicted reduction is negative (impossible)
    4 - Actual and/or predicted reduction is a NaN
    5 - Subproblem solution did not produce sufficient decrease

  iterCG - Number of Truncated CG iterations

  flagGC - Trust-Region Truncated CG flag
    0 - Residual tolerance met
    1 - Iteration limit exceeded
    2 - Negative curvature detected
    3 - Trust-Region radius exceeded
    4 - Initial right hand side is zero
------------------------------------------------------------------------------------------------------------------
  iter  value          gnorm          snorm          delta          #fval     #grad     tr_flag   iterCG    flagCG    
  36    1.986902e-19   1.854025e-05   4.759494e-15   1.000000e+03   37        37        0         20        1         
  In TrustRegionUtilities::analyzeRatio
    Current objective function value:        1.9869e-19
    New objective function value:            1.8622e-19
    Actual reduction:                        1.24702e-20
    Predicted reduction:                     1.73585e-20
    Safeguard:                               2.22045e-15
    Actual reduction with safeguard:         2.22046e-15
    Predicted reduction with safeguard:      2.22046e-15
    Ratio of actual and predicted reduction: 0.999998
    Trust-region flag:                       0

------------------------------------------------------------------------------------------------------------------
Trust-Region status output definitions

  iter    - Number of iterates (steps taken)
  value   - Objective function value
  gnorm   - Norm of the gradient
  snorm   - Norm of the step (update to optimization vector)
  delta   - Trust-Region radius
  #fval   - Number of times the objective function was evaluated
  #grad   - Number of times the gradient was computed

  tr_flag - Trust-Region flag
    0 - Both actual and predicted reductions are positive (success)
    1 - Actual reduction is positive and predicted reduction is negative (impossible)
    2 - Actual reduction is nonpositive and predicted reduction is positive
    3 - Actual reduction is nonpositive and predicted reduction is negative (impossible)
    4 - Actual and/or predicted reduction is a NaN
    5 - Subproblem solution did not produce sufficient decrease

  iterCG - Number of Truncated CG iterations

  flagGC - Trust-Region Truncated CG flag
    0 - Residual tolerance met
    1 - Iteration limit exceeded
    2 - Negative curvature detected
    3 - Trust-Region radius exceeded
    4 - Initial right hand side is zero
------------------------------------------------------------------------------------------------------------------
  iter  value          gnorm          snorm          delta          #fval     #grad     tr_flag   iterCG    flagCG    
  37    1.862200e-19   4.367612e-05   6.287536e-15   1.000000e+03   38        38        0         20        1         
  In TrustRegionUtilities::analyzeRatio
    Current objective function value:        1.8622e-19
    New objective function value:            1.75008e-19
    Actual reduction:                        1.12121e-20
    Predicted reduction:                     1.59643e-20
    Safeguard:                               2.22045e-15
    Actual reduction with safeguard:         2.22046e-15
    Predicted reduction with safeguard:      2.22046e-15
    Ratio of actual and predicted reduction: 0.999998
    Trust-region flag:                       0

------------------------------------------------------------------------------------------------------------------
Trust-Region status output definitions

  iter    - Number of iterates (steps taken)
  value   - Objective function value
  gnorm   - Norm of the gradient
  snorm   - Norm of the step (update to optimization vector)
  delta   - Trust-Region radius
  #fval   - Number of times the objective function was evaluated
  #grad   - Number of times the gradient was computed

  tr_flag - Trust-Region flag
    0 - Both actual and predicted reductions are positive (success)
    1 - Actual reduction is positive and predicted reduction is negative (impossible)
    2 - Actual reduction is nonpositive and predicted reduction is positive
    3 - Actual reduction is nonpositive and predicted reduction is negative (impossible)
    4 - Actual and/or predicted reduction is a NaN
    5 - Subproblem solution did not produce sufficient decrease

  iterCG - Number of Truncated CG iterations

  flagGC - Trust-Region Truncated CG flag
    0 - Residual tolerance met
    1 - Iteration limit exceeded
    2 - Negative curvature detected
    3 - Trust-Region radius exceeded
    4 - Initial right hand side is zero
------------------------------------------------------------------------------------------------------------------
  iter  value          gnorm          snorm          delta          #fval     #grad     tr_flag   iterCG    flagCG    
  38    1.750080e-19   1.477191e-05   4.327267e-15   1.000000e+03   39        39        0         20        1         
  In TrustRegionUtilities::analyzeRatio
    Current objective function value:        1.75008e-19
    New objective function value:            1.64779e-19
    Actual reduction:                        1.02292e-20
    Predicted reduction:                     1.42092e-20
    Safeguard:                               2.22045e-15
    Actual reduction with safeguard:         2.22046e-15
    Predicted reduction with safeguard:      2.22046e-15
    Ratio of actual and predicted reduction: 0.999998
    Trust-region flag:                       0

------------------------------------------------------------------------------------------------------------------
Trust-Region status output definitions

  iter    - Number of iterates (steps taken)
  value   - Objective function value
  gnorm   - Norm of the gradient
  snorm   - Norm of the step (update to optimization vector)
  delta   - Trust-Region radius
  #fval   - Number of times the objective function was evaluated
  #grad   - Number of times the gradient was computed

  tr_flag - Trust-Region flag
    0 - Both actual and predicted reductions are positive (success)
    1 - Actual reduction is positive and predicted reduction is negative (impossible)
    2 - Actual reduction is nonpositive and predicted reduction is positive
    3 - Actual reduction is nonpositive and predicted reduction is negative (impossible)
    4 - Actual and/or predicted reduction is a NaN
    5 - Subproblem solution did not produce sufficient decrease

  iterCG - Number of Truncated CG iterations

  flagGC - Trust-Region Truncated CG flag
    0 - Residual tolerance met
    1 - Iteration limit exceeded
    2 - Negative curvature detected
    3 - Trust-Region radius exceeded
    4 - Initial right hand side is zero
------------------------------------------------------------------------------------------------------------------
  iter  value          gnorm          snorm          delta          #fval     #grad     tr_flag   iterCG    flagCG    
  39    1.647787e-19   2.943195e-05   5.558582e-15   1.000000e+03   40        40        0         20        1         
  In TrustRegionUtilities::analyzeRatio
    Current objective function value:        1.64779e-19
    New objective function value:            1.55509e-19
    Actual reduction:                        9.26965e-21
    Predicted reduction:                     1.33005e-20
    Safeguard:                               2.22045e-15
    Actual reduction with safeguard:         2.22046e-15
    Predicted reduction with safeguard:      2.22046e-15
    Ratio of actual and predicted reduction: 0.999998
    Trust-region flag:                       0

------------------------------------------------------------------------------------------------------------------
Trust-Region status output definitions

  iter    - Number of iterates (steps taken)
  value   - Objective function value
  gnorm   - Norm of the gradient
  snorm   - Norm of the step (update to optimization vector)
  delta   - Trust-Region radius
  #fval   - Number of times the objective function was evaluated
  #grad   - Number of times the gradient was computed

  tr_flag - Trust-Region flag
    0 - Both actual and predicted reductions are positive (success)
    1 - Actual reduction is positive and predicted reduction is negative (impossible)
    2 - Actual reduction is nonpositive and predicted reduction is positive
    3 - Actual reduction is nonpositive and predicted reduction is negative (impossible)
    4 - Actual and/or predicted reduction is a NaN
    5 - Subproblem solution did not produce sufficient decrease

  iterCG - Number of Truncated CG iterations

  flagGC - Trust-Region Truncated CG flag
    0 - Residual tolerance met
    1 - Iteration limit exceeded
    2 - Negative curvature detected
    3 - Trust-Region radius exceeded
    4 - Initial right hand side is zero
------------------------------------------------------------------------------------------------------------------
  iter  value          gnorm          snorm          delta          #fval     #grad     tr_flag   iterCG    flagCG    
  40    1.555091e-19   1.623659e-05   4.037738e-15   1.000000e+03   41        41        0         20        1         
  In TrustRegionUtilities::analyzeRatio
    Current objective function value:        1.55509e-19
    New objective function value:            1.46656e-19
    Actual reduction:                        8.8528e-21
    Predicted reduction:                     1.23119e-20
    Safeguard:                               2.22045e-15
    Actual reduction with safeguard:         2.22045e-15
    Predicted reduction with safeguard:      2.22046e-15
    Ratio of actual and predicted reduction: 0.999998
    Trust-region flag:                       0

------------------------------------------------------------------------------------------------------------------
Trust-Region status output definitions

  iter    - Number of iterates (steps taken)
  value   - Objective function value
  gnorm   - Norm of the gradient
  snorm   - Norm of the step (update to optimization vector)
  delta   - Trust-Region radius
  #fval   - Number of times the objective function was evaluated
  #grad   - Number of times the gradient was computed

  tr_flag - Trust-Region flag
    0 - Both actual and predicted reductions are positive (success)
    1 - Actual reduction is positive and predicted reduction is negative (impossible)
    2 - Actual reduction is nonpositive and predicted reduction is positive
    3 - Actual reduction is nonpositive and predicted reduction is negative (impossible)
    4 - Actual and/or predicted reduction is a NaN
    5 - Subproblem solution did not produce sufficient decrease

  iterCG - Number of Truncated CG iterations

  flagGC - Trust-Region Truncated CG flag
    0 - Residual tolerance met
    1 - Iteration limit exceeded
    2 - Negative curvature detected
    3 - Trust-Region radius exceeded
    4 - Initial right hand side is zero
------------------------------------------------------------------------------------------------------------------
  iter  value          gnorm          snorm          delta          #fval     #grad     tr_flag   iterCG    flagCG    
  41    1.466563e-19   2.581730e-05   5.172804e-15   1.000000e+03   42        42        0         20        1         
  In TrustRegionUtilities::analyzeRatio
    Current objective function value:        1.46656e-19
    New objective function value:            1.38558e-19
    Actual reduction:                        8.09834e-21
    Predicted reduction:                     1.16679e-20
    Safeguard:                               2.22045e-15
    Actual reduction with safeguard:         2.22045e-15
    Predicted reduction with safeguard:      2.22046e-15
    Ratio of actual and predicted reduction: 0.999998
    Trust-region flag:                       0

------------------------------------------------------------------------------------------------------------------
Trust-Region status output definitions

  iter    - Number of iterates (steps taken)
  value   - Objective function value
  gnorm   - Norm of the gradient
  snorm   - Norm of the step (update to optimization vector)
  delta   - Trust-Region radius
  #fval   - Number of times the objective function was evaluated
  #grad   - Number of times the gradient was computed

  tr_flag - Trust-Region flag
    0 - Both actual and predicted reductions are positive (success)
    1 - Actual reduction is positive and predicted reduction is negative (impossible)
    2 - Actual reduction is nonpositive and predicted reduction is positive
    3 - Actual reduction is nonpositive and predicted reduction is negative (impossible)
    4 - Actual and/or predicted reduction is a NaN
    5 - Subproblem solution did not produce sufficient decrease

  iterCG - Number of Truncated CG iterations

  flagGC - Trust-Region Truncated CG flag
    0 - Residual tolerance met
    1 - Iteration limit exceeded
    2 - Negative curvature detected
    3 - Trust-Region radius exceeded
    4 - Initial right hand side is zero
------------------------------------------------------------------------------------------------------------------
  iter  value          gnorm          snorm          delta          #fval     #grad     tr_flag   iterCG    flagCG    
  42    1.385580e-19   2.129437e-05   3.839997e-15   1.000000e+03   43        43        0         20        1         
  In TrustRegionUtilities::analyzeRatio
    Current objective function value:        1.38558e-19
    New objective function value:            1.30798e-19
    Actual reduction:                        7.75946e-21
    Predicted reduction:                     1.07915e-20
    Safeguard:                               2.22045e-15
    Actual reduction with safeguard:         2.22045e-15
    Predicted reduction with safeguard:      2.22046e-15
    Ratio of actual and predicted reduction: 0.999999
    Trust-region flag:                       0

------------------------------------------------------------------------------------------------------------------
Trust-Region status output definitions

  iter    - Number of iterates (steps taken)
  value   - Objective function value
  gnorm   - Norm of the gradient
  snorm   - Norm of the step (update to optimization vector)
  delta   - Trust-Region radius
  #fval   - Number of times the objective function was evaluated
  #grad   - Number of times the gradient was computed

  tr_flag - Trust-Region flag
    0 - Both actual and predicted reductions are positive (success)
    1 - Actual reduction is positive and predicted reduction is negative (impossible)
    2 - Actual reduction is nonpositive and predicted reduction is positive
    3 - Actual reduction is nonpositive and predicted reduction is negative (impossible)
    4 - Actual and/or predicted reduction is a NaN
    5 - Subproblem solution did not produce sufficient decrease

  iterCG - Number of Truncated CG iterations

  flagGC - Trust-Region Truncated CG flag
    0 - Residual tolerance met
    1 - Iteration limit exceeded
    2 - Negative curvature detected
    3 - Trust-Region radius exceeded
    4 - Initial right hand side is zero
------------------------------------------------------------------------------------------------------------------
  iter  value          gnorm          snorm          delta          #fval     #grad     tr_flag   iterCG    flagCG    
  43    1.307985e-19   2.272638e-05   4.804457e-15   1.000000e+03   44        44        0         20        1         
  In TrustRegionUtilities::analyzeRatio
    Current objective function value:        1.30798e-19
    New objective function value:            1.23882e-19
    Actual reduction:                        6.91626e-21
    Predicted reduction:                     9.98994e-21
    Safeguard:                               2.22045e-15
    Actual reduction with safeguard:         2.22045e-15
    Predicted reduction with safeguard:      2.22046e-15
    Ratio of actual and predicted reduction: 0.999999
    Trust-region flag:                       0

------------------------------------------------------------------------------------------------------------------
Trust-Region status output definitions

  iter    - Number of iterates (steps taken)
  value   - Objective function value
  gnorm   - Norm of the gradient
  snorm   - Norm of the step (update to optimization vector)
  delta   - Trust-Region radius
  #fval   - Number of times the objective function was evaluated
  #grad   - Number of times the gradient was computed

  tr_flag - Trust-Region flag
    0 - Both actual and predicted reductions are positive (success)
    1 - Actual reduction is positive and predicted reduction is negative (impossible)
    2 - Actual reduction is nonpositive and predicted reduction is positive
    3 - Actual reduction is nonpositive and predicted reduction is negative (impossible)
    4 - Actual and/or predicted reduction is a NaN
    5 - Subproblem solution did not produce sufficient decrease

  iterCG - Number of Truncated CG iterations

  flagGC - Trust-Region Truncated CG flag
    0 - Residual tolerance met
    1 - Iteration limit exceeded
    2 - Negative curvature detected
    3 - Trust-Region radius exceeded
    4 - Initial right hand side is zero
------------------------------------------------------------------------------------------------------------------
  iter  value          gnorm          snorm          delta          #fval     #grad     tr_flag   iterCG    flagCG    
  44    1.238822e-19   1.565480e-05   3.506891e-15   1.000000e+03   45        45        0         20        1         
  In TrustRegionUtilities::analyzeRatio
    Current objective function value:        1.23882e-19
    New objective function value:            1.17206e-19
    Actual reduction:                        6.67672e-21
    Predicted reduction:                     9.30837e-21
    Safeguard:                               2.22045e-15
    Actual reduction with safeguard:         2.22045e-15
    Predicted reduction with safeguard:      2.22046e-15
    Ratio of actual and predicted reduction: 0.999999
    Trust-region flag:                       0

------------------------------------------------------------------------------------------------------------------
Trust-Region status output definitions

  iter    - Number of iterates (steps taken)
  value   - Objective function value
  gnorm   - Norm of the gradient
  snorm   - Norm of the step (update to optimization vector)
  delta   - Trust-Region radius
  #fval   - Number of times the objective function was evaluated
  #grad   - Number of times the gradient was computed

  tr_flag - Trust-Region flag
    0 - Both actual and predicted reductions are positive (success)
    1 - Actual reduction is positive and predicted reduction is negative (impossible)
    2 - Actual reduction is nonpositive and predicted reduction is positive
    3 - Actual reduction is nonpositive and predicted reduction is negative (impossible)
    4 - Actual and/or predicted reduction is a NaN
    5 - Subproblem solution did not produce sufficient decrease

  iterCG - Number of Truncated CG iterations

  flagGC - Trust-Region Truncated CG flag
    0 - Residual tolerance met
    1 - Iteration limit exceeded
    2 - Negative curvature detected
    3 - Trust-Region radius exceeded
    4 - Initial right hand side is zero
------------------------------------------------------------------------------------------------------------------
  iter  value          gnorm          snorm          delta          #fval     #grad     tr_flag   iterCG    flagCG    
  45    1.172055e-19   2.022721e-05   4.500142e-15   1.000000e+03   46        46        0         20        1         
  In TrustRegionUtilities::analyzeRatio
    Current objective function value:        1.17206e-19
    New objective function value:            1.11194e-19
    Actual reduction:                        6.01106e-21
    Predicted reduction:                     8.70562e-21
    Safeguard:                               2.22045e-15
    Actual reduction with safeguard:         2.22045e-15
    Predicted reduction with safeguard:      2.22045e-15
    Ratio of actual and predicted reduction: 0.999999
    Trust-region flag:                       0

------------------------------------------------------------------------------------------------------------------
Trust-Region status output definitions

  iter    - Number of iterates (steps taken)
  value   - Objective function value
  gnorm   - Norm of the gradient
  snorm   - Norm of the step (update to optimization vector)
  delta   - Trust-Region radius
  #fval   - Number of times the objective function was evaluated
  #grad   - Number of times the gradient was computed

  tr_flag - Trust-Region flag
    0 - Both actual and predicted reductions are positive (success)
    1 - Actual reduction is positive and predicted reduction is negative (impossible)
    2 - Actual reduction is nonpositive and predicted reduction is positive
    3 - Actual reduction is nonpositive and predicted reduction is negative (impossible)
    4 - Actual and/or predicted reduction is a NaN
    5 - Subproblem solution did not produce sufficient decrease

  iterCG - Number of Truncated CG iterations

  flagGC - Trust-Region Truncated CG flag
    0 - Residual tolerance met
    1 - Iteration limit exceeded
    2 - Negative curvature detected
    3 - Trust-Region radius exceeded
    4 - Initial right hand side is zero
------------------------------------------------------------------------------------------------------------------
  iter  value          gnorm          snorm          delta          #fval     #grad     tr_flag   iterCG    flagCG    
  46    1.111945e-19   1.346244e-05   3.252250e-15   1.000000e+03   47        47        0         20        1         
  In TrustRegionUtilities::analyzeRatio
    Current objective function value:        1.11194e-19
    New objective function value:            1.05348e-19
    Actual reduction:                        5.84631e-21
    Predicted reduction:                     8.16966e-21
    Safeguard:                               2.22045e-15
    Actual reduction with safeguard:         2.22045e-15
    Predicted reduction with safeguard:      2.22045e-15
    Ratio of actual and predicted reduction: 0.999999
    Trust-region flag:                       0

------------------------------------------------------------------------------------------------------------------
Trust-Region status output definitions

  iter    - Number of iterates (steps taken)
  value   - Objective function value
  gnorm   - Norm of the gradient
  snorm   - Norm of the step (update to optimization vector)
  delta   - Trust-Region radius
  #fval   - Number of times the objective function was evaluated
  #grad   - Number of times the gradient was computed

  tr_flag - Trust-Region flag
    0 - Both actual and predicted reductions are positive (success)
    1 - Actual reduction is positive and predicted reduction is negative (impossible)
    2 - Actual reduction is nonpositive and predicted reduction is positive
    3 - Actual reduction is nonpositive and predicted reduction is negative (impossible)
    4 - Actual and/or predicted reduction is a NaN
    5 - Subproblem solution did not produce sufficient decrease

  iterCG - Number of Truncated CG iterations

  flagGC - Trust-Region Truncated CG flag
    0 - Residual tolerance met
    1 - Iteration limit exceeded
    2 - Negative curvature detected
    3 - Trust-Region radius exceeded
    4 - Initial right hand side is zero
------------------------------------------------------------------------------------------------------------------
  iter  value          gnorm          snorm          delta          #fval     #grad     tr_flag   iterCG    flagCG    
  47    1.053481e-19   1.935090e-05   4.251169e-15   1.000000e+03   48        48        0         20        1         
  In TrustRegionUtilities::analyzeRatio
    Current objective function value:        1.05348e-19
    New objective function value:            1.00062e-19
    Actual reduction:                        5.28572e-21
    Predicted reduction:                     7.66871e-21
    Safeguard:                               2.22045e-15
    Actual reduction with safeguard:         2.22045e-15
    Predicted reduction with safeguard:      2.22045e-15
    Ratio of actual and predicted reduction: 0.999999
    Trust-region flag:                       0

------------------------------------------------------------------------------------------------------------------
Trust-Region status output definitions

  iter    - Number of iterates (steps taken)
  value   - Objective function value
  gnorm   - Norm of the gradient
  snorm   - Norm of the step (update to optimization vector)
  delta   - Trust-Region radius
  #fval   - Number of times the objective function was evaluated
  #grad   - Number of times the gradient was computed

  tr_flag - Trust-Region flag
    0 - Both actual and predicted reductions are positive (success)
    1 - Actual reduction is positive and predicted reduction is negative (impossible)
    2 - Actual reduction is nonpositive and predicted reduction is positive
    3 - Actual reduction is nonpositive and predicted reduction is negative (impossible)
    4 - Actual and/or predicted reduction is a NaN
    5 - Subproblem solution did not produce sufficient decrease

  iterCG - Number of Truncated CG iterations

  flagGC - Trust-Region Truncated CG flag
    0 - Residual tolerance met
    1 - Iteration limit exceeded
    2 - Negative curvature detected
    3 - Trust-Region radius exceeded
    4 - Initial right hand side is zero
------------------------------------------------------------------------------------------------------------------
  iter  value          gnorm          snorm          delta          #fval     #grad     tr_flag   iterCG    flagCG    
  48    1.000624e-19   1.200248e-05   3.030756e-15   1.000000e+03   49        49        0         20        1         
  In TrustRegionUtilities::analyzeRatio
    Current objective function value:        1.00062e-19
    New objective function value:            9.49146e-20
    Actual reduction:                        5.14782e-21
    Predicted reduction:                     7.20672e-21
    Safeguard:                               2.22045e-15
    Actual reduction with safeguard:         2.22045e-15
    Predicted reduction with safeguard:      2.22045e-15
    Ratio of actual and predicted reduction: 0.999999
    Trust-region flag:                       0

------------------------------------------------------------------------------------------------------------------
Trust-Region status output definitions

  iter    - Number of iterates (steps taken)
  value   - Objective function value
  gnorm   - Norm of the gradient
  snorm   - Norm of the step (update to optimization vector)
  delta   - Trust-Region radius
  #fval   - Number of times the objective function was evaluated
  #grad   - Number of times the gradient was computed

  tr_flag - Trust-Region flag
    0 - Both actual and predicted reductions are positive (success)
    1 - Actual reduction is positive and predicted reduction is negative (impossible)
    2 - Actual reduction is nonpositive and predicted reduction is positive
    3 - Actual reduction is nonpositive and predicted reduction is negative (impossible)
    4 - Actual and/or predicted reduction is a NaN
    5 - Subproblem solution did not produce sufficient decrease

  iterCG - Number of Truncated CG iterations

  flagGC - Trust-Region Truncated CG flag
    0 - Residual tolerance met
    1 - Iteration limit exceeded
    2 - Negative curvature detected
    3 - Trust-Region radius exceeded
    4 - Initial right hand side is zero
------------------------------------------------------------------------------------------------------------------
  iter  value          gnorm          snorm          delta          #fval     #grad     tr_flag   iterCG    flagCG    
  49    9.491461e-20   1.815611e-05   4.020612e-15   1.000000e+03   50        50        0         20        1         
  In TrustRegionUtilities::analyzeRatio
    Current objective function value:        9.49146e-20
    New objective function value:            9.01107e-20
    Actual reduction:                        4.80386e-21
    Predicted reduction:                     6.99632e-21
    Safeguard:                               2.22045e-15
    Actual reduction with safeguard:         2.22045e-15
    Predicted reduction with safeguard:      2.22045e-15
    Ratio of actual and predicted reduction: 0.999999
    Trust-region flag:                       0

------------------------------------------------------------------------------------------------------------------
Trust-Region status output definitions

  iter    - Number of iterates (steps taken)
  value   - Objective function value
  gnorm   - Norm of the gradient
  snorm   - Norm of the step (update to optimization vector)
  delta   - Trust-Region radius
  #fval   - Number of times the objective function was evaluated
  #grad   - Number of times the gradient was computed

  tr_flag - Trust-Region flag
    0 - Both actual and predicted reductions are positive (success)
    1 - Actual reduction is positive and predicted reduction is negative (impossible)
    2 - Actual reduction is nonpositive and predicted reduction is positive
    3 - Actual reduction is nonpositive and predicted reduction is negative (impossible)
    4 - Actual and/or predicted reduction is a NaN
    5 - Subproblem solution did not produce sufficient decrease

  iterCG - Number of Truncated CG iterations

  flagGC - Trust-Region Truncated CG flag
    0 - Residual tolerance met
    1 - Iteration limit exceeded
    2 - Negative curvature detected
    3 - Trust-Region radius exceeded
    4 - Initial right hand side is zero
------------------------------------------------------------------------------------------------------------------
  iter  value          gnorm          snorm          delta          #fval     #grad     tr_flag   iterCG    flagCG    
  50    9.011075e-20   1.999852e-05   2.987005e-15   1.000000e+03   51        51        0         20        1         
Optimization Terminated with Status: Iteration Limit Exceeded
