[MetricOpStats] ParamMass_M  (rows=9512)
  row_sum       min=2.0202e-07  max=0.00396  mean=0.00131916  max/|min|=19602
  |row_sum|     min=2.0202e-07  max=0.00396  mean=0.00131916  max/min=19602
  diag          min=8.97868e-08  max=0.00176  mean=0.000586293  nonpos=0
  max_abs_entry=0.00176
[MetricOpStats] ParamStiffness_K  (rows=9512)
  row_sum       min=-5.96046e-08  max=5.21541e-08  mean=3.50021e-09  max/|min|=0.875
  |row_sum|     min=1.58408e+08  max=5.28e+08  mean=3.86885e+08  max/min=3.33316
  diag          min=2.64027e+07  max=1.056e+08  mean=7.03444e+07  nonpos=0
  max_abs_entry=1.056e+08
[MetricOpStats] ParamMass_M_reprint  (rows=9512)
  row_sum       min=2.0202e-07  max=0.00396  mean=0.00131916  max/|min|=19602
  |row_sum|     min=2.0202e-07  max=0.00396  mean=0.00131916  max/min=19602
  diag          min=8.97868e-08  max=0.00176  mean=0.000586293  nonpos=0
  max_abs_entry=0.00176
[MetricOpStats] K_over_M
  |row_sum| ratio  max=1.33333e+11  mean=2.93282e+11
[RieszAutoScale] mean(diag(K))/mean(diag(M)) = 1.19982e+11
[RieszMap] alpha1=1.19982e+11  alpha2=1  mode=auto_balanced
[MetricOpStats] Hcurl_H  (rows=9512  alpha1=1.19982e+11  alpha2=1  solver=sparse_direct)
  row_sum       min=24238.7  max=4.75127e+08  mean=1.58275e+08  max/|min|=19602
  |row_sum|     min=1.58416e+08  max=7.91943e+08  mean=4.74803e+08  max/min=4.99913
  diag          min=2.64135e+07  max=3.16768e+08  mean=1.40689e+08  nonpos=0
  max_abs_entry=3.16768e+08
MrHyDE vector contract check (primal) errors: e[0]=0 e[1]=0 e[2]=0 e[3]=0 e[4]=0 e[5]=0 e[6]=0 e[7]=0 e[8]=0 e[9]=0 e[10]=0 e[11]=0 e[12]=0
MrHyDE vector contract check (dual) errors: e[0]=0 e[1]=2.40598e-19 e[2]=0 e[3]=0 e[4]=0 e[5]=3.90911e-20 e[6]=7.72028e-20 e[7]=0 e[8]=0 e[9]=1.69407e-21 e[10]=0 e[11]=1.14422e-17 e[12]=5.14872e-15
MrHyDE vector contract check: max_primal_err=0 max_dual_err=5.14872e-15 tol=1e-08

Truncated CG Trust-Region Solver
------------------------------------------------------------------------------------------------------------------
Trust-Region status output definitions

  iter    - Number of iterates (steps taken)
  value   - Objective function value
  gnorm   - Norm of the gradient
  snorm   - Norm of the step (update to optimization vector)
  delta   - Trust-Region radius
  #fval   - Number of times the objective function was evaluated
  #grad   - Number of times the gradient was computed

  tr_flag - Trust-Region flag
    0 - Both actual and predicted reductions are positive (success)
    1 - Actual reduction is positive and predicted reduction is negative (impossible)
    2 - Actual reduction is nonpositive and predicted reduction is positive
    3 - Actual reduction is nonpositive and predicted reduction is negative (impossible)
    4 - Actual and/or predicted reduction is a NaN
    5 - Subproblem solution did not produce sufficient decrease

  iterCG - Number of Truncated CG iterations

  flagGC - Trust-Region Truncated CG flag
    0 - Residual tolerance met
    1 - Iteration limit exceeded
    2 - Negative curvature detected
    3 - Trust-Region radius exceeded
    4 - Initial right hand side is zero
------------------------------------------------------------------------------------------------------------------
  iter  value          gnorm          snorm          delta          #fval     #grad     tr_flag   iterCG    flagCG    
  0     1.239900e-11   6.492809e-04   ---            1.000000e+00   1         1         ---       ---       ---       
  In TrustRegionUtilities::analyzeRatio
    Current objective function value:        1.2399e-11
    New objective function value:            1.4732e-16
    Actual reduction:                        1.23989e-11
    Predicted reduction:                     1.74367e-11
    Safeguard:                               2.22045e-15
    Actual reduction with safeguard:         1.24011e-11
    Predicted reduction with safeguard:      1.74389e-11
    Ratio of actual and predicted reduction: 0.711114
    Trust-region flag:                       0

------------------------------------------------------------------------------------------------------------------
Trust-Region status output definitions

  iter    - Number of iterates (steps taken)
  value   - Objective function value
  gnorm   - Norm of the gradient
  snorm   - Norm of the step (update to optimization vector)
  delta   - Trust-Region radius
  #fval   - Number of times the objective function was evaluated
  #grad   - Number of times the gradient was computed

  tr_flag - Trust-Region flag
    0 - Both actual and predicted reductions are positive (success)
    1 - Actual reduction is positive and predicted reduction is negative (impossible)
    2 - Actual reduction is nonpositive and predicted reduction is positive
    3 - Actual reduction is nonpositive and predicted reduction is negative (impossible)
    4 - Actual and/or predicted reduction is a NaN
    5 - Subproblem solution did not produce sufficient decrease

  iterCG - Number of Truncated CG iterations

  flagGC - Trust-Region Truncated CG flag
    0 - Residual tolerance met
    1 - Iteration limit exceeded
    2 - Negative curvature detected
    3 - Trust-Region radius exceeded
    4 - Initial right hand side is zero
------------------------------------------------------------------------------------------------------------------
  iter  value          gnorm          snorm          delta          #fval     #grad     tr_flag   iterCG    flagCG    
  1     1.473196e-16   8.753697e-07   6.045600e-08   1.000000e+00   2         2         0         20        1         
  In TrustRegionUtilities::analyzeRatio
    Current objective function value:        1.4732e-16
    New objective function value:            1.85801e-17
    Actual reduction:                        1.28739e-16
    Predicted reduction:                     4.72782e-16
    Safeguard:                               2.22045e-15
    Actual reduction with safeguard:         2.34919e-15
    Predicted reduction with safeguard:      2.69323e-15
    Ratio of actual and predicted reduction: 0.872257
    Trust-region flag:                       0

------------------------------------------------------------------------------------------------------------------
Trust-Region status output definitions

  iter    - Number of iterates (steps taken)
  value   - Objective function value
  gnorm   - Norm of the gradient
  snorm   - Norm of the step (update to optimization vector)
  delta   - Trust-Region radius
  #fval   - Number of times the objective function was evaluated
  #grad   - Number of times the gradient was computed

  tr_flag - Trust-Region flag
    0 - Both actual and predicted reductions are positive (success)
    1 - Actual reduction is positive and predicted reduction is negative (impossible)
    2 - Actual reduction is nonpositive and predicted reduction is positive
    3 - Actual reduction is nonpositive and predicted reduction is negative (impossible)
    4 - Actual and/or predicted reduction is a NaN
    5 - Subproblem solution did not produce sufficient decrease

  iterCG - Number of Truncated CG iterations

  flagGC - Trust-Region Truncated CG flag
    0 - Residual tolerance met
    1 - Iteration limit exceeded
    2 - Negative curvature detected
    3 - Trust-Region radius exceeded
    4 - Initial right hand side is zero
------------------------------------------------------------------------------------------------------------------
  iter  value          gnorm          snorm          delta          #fval     #grad     tr_flag   iterCG    flagCG    
  2     1.858010e-17   2.176458e-07   3.682990e-09   1.000000e+00   3         3         0         20        1         
  In TrustRegionUtilities::analyzeRatio
    Current objective function value:        1.85801e-17
    New objective function value:            9.1501e-18
    Actual reduction:                        9.43e-18
    Predicted reduction:                     6.3847e-17
    Safeguard:                               2.22045e-15
    Actual reduction with safeguard:         2.22988e-15
    Predicted reduction with safeguard:      2.28429e-15
    Ratio of actual and predicted reduction: 0.976178
    Trust-region flag:                       0

------------------------------------------------------------------------------------------------------------------
Trust-Region status output definitions

  iter    - Number of iterates (steps taken)
  value   - Objective function value
  gnorm   - Norm of the gradient
  snorm   - Norm of the step (update to optimization vector)
  delta   - Trust-Region radius
  #fval   - Number of times the objective function was evaluated
  #grad   - Number of times the gradient was computed

  tr_flag - Trust-Region flag
    0 - Both actual and predicted reductions are positive (success)
    1 - Actual reduction is positive and predicted reduction is negative (impossible)
    2 - Actual reduction is nonpositive and predicted reduction is positive
    3 - Actual reduction is nonpositive and predicted reduction is negative (impossible)
    4 - Actual and/or predicted reduction is a NaN
    5 - Subproblem solution did not produce sufficient decrease

  iterCG - Number of Truncated CG iterations

  flagGC - Trust-Region Truncated CG flag
    0 - Residual tolerance met
    1 - Iteration limit exceeded
    2 - Negative curvature detected
    3 - Trust-Region radius exceeded
    4 - Initial right hand side is zero
------------------------------------------------------------------------------------------------------------------
  iter  value          gnorm          snorm          delta          #fval     #grad     tr_flag   iterCG    flagCG    
  3     9.150104e-18   1.117492e-07   1.987184e-09   1.000000e+01   4         4         0         20        1         
  In TrustRegionUtilities::analyzeRatio
    Current objective function value:        9.1501e-18
    New objective function value:            9.41083e-18
    Actual reduction:                        -2.60729e-19
    Predicted reduction:                     5.39693e-17
    Safeguard:                               2.22045e-15
    Actual reduction with safeguard:         2.22019e-15
    Predicted reduction with safeguard:      2.27442e-15
    Ratio of actual and predicted reduction: 0.976156
    Trust-region flag:                       0

------------------------------------------------------------------------------------------------------------------
Trust-Region status output definitions

  iter    - Number of iterates (steps taken)
  value   - Objective function value
  gnorm   - Norm of the gradient
  snorm   - Norm of the step (update to optimization vector)
  delta   - Trust-Region radius
  #fval   - Number of times the objective function was evaluated
  #grad   - Number of times the gradient was computed

  tr_flag - Trust-Region flag
    0 - Both actual and predicted reductions are positive (success)
    1 - Actual reduction is positive and predicted reduction is negative (impossible)
    2 - Actual reduction is nonpositive and predicted reduction is positive
    3 - Actual reduction is nonpositive and predicted reduction is negative (impossible)
    4 - Actual and/or predicted reduction is a NaN
    5 - Subproblem solution did not produce sufficient decrease

  iterCG - Number of Truncated CG iterations

  flagGC - Trust-Region Truncated CG flag
    0 - Residual tolerance met
    1 - Iteration limit exceeded
    2 - Negative curvature detected
    3 - Trust-Region radius exceeded
    4 - Initial right hand side is zero
------------------------------------------------------------------------------------------------------------------
  iter  value          gnorm          snorm          delta          #fval     #grad     tr_flag   iterCG    flagCG    
  4     9.410833e-18   1.568605e-07   1.846537e-09   1.000000e+02   5         5         0         20        1         
  In TrustRegionUtilities::analyzeRatio
    Current objective function value:        9.41083e-18
    New objective function value:            3.02563e-18
    Actual reduction:                        6.38521e-18
    Predicted reduction:                     2.30068e-17
    Safeguard:                               2.22045e-15
    Actual reduction with safeguard:         2.22683e-15
    Predicted reduction with safeguard:      2.24345e-15
    Ratio of actual and predicted reduction: 0.992591
    Trust-region flag:                       0

------------------------------------------------------------------------------------------------------------------
Trust-Region status output definitions

  iter    - Number of iterates (steps taken)
  value   - Objective function value
  gnorm   - Norm of the gradient
  snorm   - Norm of the step (update to optimization vector)
  delta   - Trust-Region radius
  #fval   - Number of times the objective function was evaluated
  #grad   - Number of times the gradient was computed

  tr_flag - Trust-Region flag
    0 - Both actual and predicted reductions are positive (success)
    1 - Actual reduction is positive and predicted reduction is negative (impossible)
    2 - Actual reduction is nonpositive and predicted reduction is positive
    3 - Actual reduction is nonpositive and predicted reduction is negative (impossible)
    4 - Actual and/or predicted reduction is a NaN
    5 - Subproblem solution did not produce sufficient decrease

  iterCG - Number of Truncated CG iterations

  flagGC - Trust-Region Truncated CG flag
    0 - Residual tolerance met
    1 - Iteration limit exceeded
    2 - Negative curvature detected
    3 - Trust-Region radius exceeded
    4 - Initial right hand side is zero
------------------------------------------------------------------------------------------------------------------
  iter  value          gnorm          snorm          delta          #fval     #grad     tr_flag   iterCG    flagCG    
  5     3.025627e-18   7.561218e-08   7.843555e-10   1.000000e+03   6         6         0         20        1         
  In TrustRegionUtilities::analyzeRatio
    Current objective function value:        3.02563e-18
    New objective function value:            2.03777e-18
    Actual reduction:                        9.87859e-19
    Predicted reduction:                     6.79692e-18
    Safeguard:                               2.22045e-15
    Actual reduction with safeguard:         2.22143e-15
    Predicted reduction with safeguard:      2.22724e-15
    Ratio of actual and predicted reduction: 0.997392
    Trust-region flag:                       0

------------------------------------------------------------------------------------------------------------------
Trust-Region status output definitions

  iter    - Number of iterates (steps taken)
  value   - Objective function value
  gnorm   - Norm of the gradient
  snorm   - Norm of the step (update to optimization vector)
  delta   - Trust-Region radius
  #fval   - Number of times the objective function was evaluated
  #grad   - Number of times the gradient was computed

  tr_flag - Trust-Region flag
    0 - Both actual and predicted reductions are positive (success)
    1 - Actual reduction is positive and predicted reduction is negative (impossible)
    2 - Actual reduction is nonpositive and predicted reduction is positive
    3 - Actual reduction is nonpositive and predicted reduction is negative (impossible)
    4 - Actual and/or predicted reduction is a NaN
    5 - Subproblem solution did not produce sufficient decrease

  iterCG - Number of Truncated CG iterations

  flagGC - Trust-Region Truncated CG flag
    0 - Residual tolerance met
    1 - Iteration limit exceeded
    2 - Negative curvature detected
    3 - Trust-Region radius exceeded
    4 - Initial right hand side is zero
------------------------------------------------------------------------------------------------------------------
  iter  value          gnorm          snorm          delta          #fval     #grad     tr_flag   iterCG    flagCG    
  6     2.037768e-18   9.285884e-08   5.392252e-10   1.000000e+03   7         7         0         20        1         
  In TrustRegionUtilities::analyzeRatio
    Current objective function value:        2.03777e-18
    New objective function value:            1.30451e-18
    Actual reduction:                        7.33256e-19
    Predicted reduction:                     4.68007e-18
    Safeguard:                               2.22045e-15
    Actual reduction with safeguard:         2.22118e-15
    Predicted reduction with safeguard:      2.22513e-15
    Ratio of actual and predicted reduction: 0.998226
    Trust-region flag:                       0

------------------------------------------------------------------------------------------------------------------
Trust-Region status output definitions

  iter    - Number of iterates (steps taken)
  value   - Objective function value
  gnorm   - Norm of the gradient
  snorm   - Norm of the step (update to optimization vector)
  delta   - Trust-Region radius
  #fval   - Number of times the objective function was evaluated
  #grad   - Number of times the gradient was computed

  tr_flag - Trust-Region flag
    0 - Both actual and predicted reductions are positive (success)
    1 - Actual reduction is positive and predicted reduction is negative (impossible)
    2 - Actual reduction is nonpositive and predicted reduction is positive
    3 - Actual reduction is nonpositive and predicted reduction is negative (impossible)
    4 - Actual and/or predicted reduction is a NaN
    5 - Subproblem solution did not produce sufficient decrease

  iterCG - Number of Truncated CG iterations

  flagGC - Trust-Region Truncated CG flag
    0 - Residual tolerance met
    1 - Iteration limit exceeded
    2 - Negative curvature detected
    3 - Trust-Region radius exceeded
    4 - Initial right hand side is zero
------------------------------------------------------------------------------------------------------------------
  iter  value          gnorm          snorm          delta          #fval     #grad     tr_flag   iterCG    flagCG    
  7     1.304512e-18   2.544997e-08   4.455163e-10   1.000000e+03   8         8         0         20        1         
  In TrustRegionUtilities::analyzeRatio
    Current objective function value:        1.30451e-18
    New objective function value:            2.72631e-18
    Actual reduction:                        -1.4218e-18
    Predicted reduction:                     4.77339e-18
    Safeguard:                               2.22045e-15
    Actual reduction with safeguard:         2.21902e-15
    Predicted reduction with safeguard:      2.22522e-15
    Ratio of actual and predicted reduction: 0.997216
    Trust-region flag:                       0

------------------------------------------------------------------------------------------------------------------
Trust-Region status output definitions

  iter    - Number of iterates (steps taken)
  value   - Objective function value
  gnorm   - Norm of the gradient
  snorm   - Norm of the step (update to optimization vector)
  delta   - Trust-Region radius
  #fval   - Number of times the objective function was evaluated
  #grad   - Number of times the gradient was computed

  tr_flag - Trust-Region flag
    0 - Both actual and predicted reductions are positive (success)
    1 - Actual reduction is positive and predicted reduction is negative (impossible)
    2 - Actual reduction is nonpositive and predicted reduction is positive
    3 - Actual reduction is nonpositive and predicted reduction is negative (impossible)
    4 - Actual and/or predicted reduction is a NaN
    5 - Subproblem solution did not produce sufficient decrease

  iterCG - Number of Truncated CG iterations

  flagGC - Trust-Region Truncated CG flag
    0 - Residual tolerance met
    1 - Iteration limit exceeded
    2 - Negative curvature detected
    3 - Trust-Region radius exceeded
    4 - Initial right hand side is zero
------------------------------------------------------------------------------------------------------------------
  iter  value          gnorm          snorm          delta          #fval     #grad     tr_flag   iterCG    flagCG    
  8     2.726311e-18   6.823045e-08   1.162451e-09   1.000000e+03   9         9         0         20        1         
  In TrustRegionUtilities::analyzeRatio
    Current objective function value:        2.72631e-18
    New objective function value:            6.6569e-19
    Actual reduction:                        2.06062e-18
    Predicted reduction:                     1.34013e-17
    Safeguard:                               2.22045e-15
    Actual reduction with safeguard:         2.22251e-15
    Predicted reduction with safeguard:      2.23385e-15
    Ratio of actual and predicted reduction: 0.994923
    Trust-region flag:                       0

------------------------------------------------------------------------------------------------------------------
Trust-Region status output definitions

  iter    - Number of iterates (steps taken)
  value   - Objective function value
  gnorm   - Norm of the gradient
  snorm   - Norm of the step (update to optimization vector)
  delta   - Trust-Region radius
  #fval   - Number of times the objective function was evaluated
  #grad   - Number of times the gradient was computed

  tr_flag - Trust-Region flag
    0 - Both actual and predicted reductions are positive (success)
    1 - Actual reduction is positive and predicted reduction is negative (impossible)
    2 - Actual reduction is nonpositive and predicted reduction is positive
    3 - Actual reduction is nonpositive and predicted reduction is negative (impossible)
    4 - Actual and/or predicted reduction is a NaN
    5 - Subproblem solution did not produce sufficient decrease

  iterCG - Number of Truncated CG iterations

  flagGC - Trust-Region Truncated CG flag
    0 - Residual tolerance met
    1 - Iteration limit exceeded
    2 - Negative curvature detected
    3 - Trust-Region radius exceeded
    4 - Initial right hand side is zero
------------------------------------------------------------------------------------------------------------------
  iter  value          gnorm          snorm          delta          #fval     #grad     tr_flag   iterCG    flagCG    
  9     6.656903e-19   2.862317e-08   5.575885e-10   1.000000e+03   10        10        0         20        1         
  In TrustRegionUtilities::analyzeRatio
    Current objective function value:        6.6569e-19
    New objective function value:            1.35652e-18
    Actual reduction:                        -6.90826e-19
    Predicted reduction:                     2.05842e-18
    Safeguard:                               2.22045e-15
    Actual reduction with safeguard:         2.21976e-15
    Predicted reduction with safeguard:      2.2225e-15
    Ratio of actual and predicted reduction: 0.998763
    Trust-region flag:                       0

------------------------------------------------------------------------------------------------------------------
Trust-Region status output definitions

  iter    - Number of iterates (steps taken)
  value   - Objective function value
  gnorm   - Norm of the gradient
  snorm   - Norm of the step (update to optimization vector)
  delta   - Trust-Region radius
  #fval   - Number of times the objective function was evaluated
  #grad   - Number of times the gradient was computed

  tr_flag - Trust-Region flag
    0 - Both actual and predicted reductions are positive (success)
    1 - Actual reduction is positive and predicted reduction is negative (impossible)
    2 - Actual reduction is nonpositive and predicted reduction is positive
    3 - Actual reduction is nonpositive and predicted reduction is negative (impossible)
    4 - Actual and/or predicted reduction is a NaN
    5 - Subproblem solution did not produce sufficient decrease

  iterCG - Number of Truncated CG iterations

  flagGC - Trust-Region Truncated CG flag
    0 - Residual tolerance met
    1 - Iteration limit exceeded
    2 - Negative curvature detected
    3 - Trust-Region radius exceeded
    4 - Initial right hand side is zero
------------------------------------------------------------------------------------------------------------------
  iter  value          gnorm          snorm          delta          #fval     #grad     tr_flag   iterCG    flagCG    
  10    1.356517e-18   5.370286e-08   7.827260e-10   1.000000e+03   11        11        0         20        1         
  In TrustRegionUtilities::analyzeRatio
    Current objective function value:        1.35652e-18
    New objective function value:            4.29972e-19
    Actual reduction:                        9.26544e-19
    Predicted reduction:                     3.84372e-18
    Safeguard:                               2.22045e-15
    Actual reduction with safeguard:         2.22137e-15
    Predicted reduction with safeguard:      2.22429e-15
    Ratio of actual and predicted reduction: 0.998688
    Trust-region flag:                       0

------------------------------------------------------------------------------------------------------------------
Trust-Region status output definitions

  iter    - Number of iterates (steps taken)
  value   - Objective function value
  gnorm   - Norm of the gradient
  snorm   - Norm of the step (update to optimization vector)
  delta   - Trust-Region radius
  #fval   - Number of times the objective function was evaluated
  #grad   - Number of times the gradient was computed

  tr_flag - Trust-Region flag
    0 - Both actual and predicted reductions are positive (success)
    1 - Actual reduction is positive and predicted reduction is negative (impossible)
    2 - Actual reduction is nonpositive and predicted reduction is positive
    3 - Actual reduction is nonpositive and predicted reduction is negative (impossible)
    4 - Actual and/or predicted reduction is a NaN
    5 - Subproblem solution did not produce sufficient decrease

  iterCG - Number of Truncated CG iterations

  flagGC - Trust-Region Truncated CG flag
    0 - Residual tolerance met
    1 - Iteration limit exceeded
    2 - Negative curvature detected
    3 - Trust-Region radius exceeded
    4 - Initial right hand side is zero
------------------------------------------------------------------------------------------------------------------
  iter  value          gnorm          snorm          delta          #fval     #grad     tr_flag   iterCG    flagCG    
  11    4.299724e-19   1.678152e-08   2.943018e-10   1.000000e+03   12        12        0         20        1         
  In TrustRegionUtilities::analyzeRatio
    Current objective function value:        4.29972e-19
    New objective function value:            3.96007e-19
    Actual reduction:                        3.39657e-20
    Predicted reduction:                     4.0257e-19
    Safeguard:                               2.22045e-15
    Actual reduction with safeguard:         2.22048e-15
    Predicted reduction with safeguard:      2.22085e-15
    Ratio of actual and predicted reduction: 0.999834
    Trust-region flag:                       0

------------------------------------------------------------------------------------------------------------------
Trust-Region status output definitions

  iter    - Number of iterates (steps taken)
  value   - Objective function value
  gnorm   - Norm of the gradient
  snorm   - Norm of the step (update to optimization vector)
  delta   - Trust-Region radius
  #fval   - Number of times the objective function was evaluated
  #grad   - Number of times the gradient was computed

  tr_flag - Trust-Region flag
    0 - Both actual and predicted reductions are positive (success)
    1 - Actual reduction is positive and predicted reduction is negative (impossible)
    2 - Actual reduction is nonpositive and predicted reduction is positive
    3 - Actual reduction is nonpositive and predicted reduction is negative (impossible)
    4 - Actual and/or predicted reduction is a NaN
    5 - Subproblem solution did not produce sufficient decrease

  iterCG - Number of Truncated CG iterations

  flagGC - Trust-Region Truncated CG flag
    0 - Residual tolerance met
    1 - Iteration limit exceeded
    2 - Negative curvature detected
    3 - Trust-Region radius exceeded
    4 - Initial right hand side is zero
------------------------------------------------------------------------------------------------------------------
  iter  value          gnorm          snorm          delta          #fval     #grad     tr_flag   iterCG    flagCG    
  12    3.960067e-19   1.924321e-08   1.460177e-10   1.000000e+03   13        13        0         20        1         
  In TrustRegionUtilities::analyzeRatio
    Current objective function value:        3.96007e-19
    New objective function value:            3.4614e-19
    Actual reduction:                        4.98666e-20
    Predicted reduction:                     4.58864e-19
    Safeguard:                               2.22045e-15
    Actual reduction with safeguard:         2.2205e-15
    Predicted reduction with safeguard:      2.2209e-15
    Ratio of actual and predicted reduction: 0.999816
    Trust-region flag:                       0

------------------------------------------------------------------------------------------------------------------
Trust-Region status output definitions

  iter    - Number of iterates (steps taken)
  value   - Objective function value
  gnorm   - Norm of the gradient
  snorm   - Norm of the step (update to optimization vector)
  delta   - Trust-Region radius
  #fval   - Number of times the objective function was evaluated
  #grad   - Number of times the gradient was computed

  tr_flag - Trust-Region flag
    0 - Both actual and predicted reductions are positive (success)
    1 - Actual reduction is positive and predicted reduction is negative (impossible)
    2 - Actual reduction is nonpositive and predicted reduction is positive
    3 - Actual reduction is nonpositive and predicted reduction is negative (impossible)
    4 - Actual and/or predicted reduction is a NaN
    5 - Subproblem solution did not produce sufficient decrease

  iterCG - Number of Truncated CG iterations

  flagGC - Trust-Region Truncated CG flag
    0 - Residual tolerance met
    1 - Iteration limit exceeded
    2 - Negative curvature detected
    3 - Trust-Region radius exceeded
    4 - Initial right hand side is zero
------------------------------------------------------------------------------------------------------------------
  iter  value          gnorm          snorm          delta          #fval     #grad     tr_flag   iterCG    flagCG    
  13    3.461401e-19   1.404097e-08   1.485884e-10   1.000000e+03   14        14        0         20        1         
  In TrustRegionUtilities::analyzeRatio
    Current objective function value:        3.4614e-19
    New objective function value:            4.75537e-19
    Actual reduction:                        -1.29397e-19
    Predicted reduction:                     5.1593e-19
    Safeguard:                               2.22045e-15
    Actual reduction with safeguard:         2.22032e-15
    Predicted reduction with safeguard:      2.22096e-15
    Ratio of actual and predicted reduction: 0.999709
    Trust-region flag:                       0

------------------------------------------------------------------------------------------------------------------
Trust-Region status output definitions

  iter    - Number of iterates (steps taken)
  value   - Objective function value
  gnorm   - Norm of the gradient
  snorm   - Norm of the step (update to optimization vector)
  delta   - Trust-Region radius
  #fval   - Number of times the objective function was evaluated
  #grad   - Number of times the gradient was computed

  tr_flag - Trust-Region flag
    0 - Both actual and predicted reductions are positive (success)
    1 - Actual reduction is positive and predicted reduction is negative (impossible)
    2 - Actual reduction is nonpositive and predicted reduction is positive
    3 - Actual reduction is nonpositive and predicted reduction is negative (impossible)
    4 - Actual and/or predicted reduction is a NaN
    5 - Subproblem solution did not produce sufficient decrease

  iterCG - Number of Truncated CG iterations

  flagGC - Trust-Region Truncated CG flag
    0 - Residual tolerance met
    1 - Iteration limit exceeded
    2 - Negative curvature detected
    3 - Trust-Region radius exceeded
    4 - Initial right hand side is zero
------------------------------------------------------------------------------------------------------------------
  iter  value          gnorm          snorm          delta          #fval     #grad     tr_flag   iterCG    flagCG    
  14    4.755374e-19   3.237364e-08   3.575551e-10   1.000000e+03   15        15        0         20        1         
  In TrustRegionUtilities::analyzeRatio
    Current objective function value:        4.75537e-19
    New objective function value:            2.72616e-19
    Actual reduction:                        2.02922e-19
    Predicted reduction:                     1.08177e-18
    Safeguard:                               2.22045e-15
    Actual reduction with safeguard:         2.22065e-15
    Predicted reduction with safeguard:      2.22153e-15
    Ratio of actual and predicted reduction: 0.999604
    Trust-region flag:                       0

------------------------------------------------------------------------------------------------------------------
Trust-Region status output definitions

  iter    - Number of iterates (steps taken)
  value   - Objective function value
  gnorm   - Norm of the gradient
  snorm   - Norm of the step (update to optimization vector)
  delta   - Trust-Region radius
  #fval   - Number of times the objective function was evaluated
  #grad   - Number of times the gradient was computed

  tr_flag - Trust-Region flag
    0 - Both actual and predicted reductions are positive (success)
    1 - Actual reduction is positive and predicted reduction is negative (impossible)
    2 - Actual reduction is nonpositive and predicted reduction is positive
    3 - Actual reduction is nonpositive and predicted reduction is negative (impossible)
    4 - Actual and/or predicted reduction is a NaN
    5 - Subproblem solution did not produce sufficient decrease

  iterCG - Number of Truncated CG iterations

  flagGC - Trust-Region Truncated CG flag
    0 - Residual tolerance met
    1 - Iteration limit exceeded
    2 - Negative curvature detected
    3 - Trust-Region radius exceeded
    4 - Initial right hand side is zero
------------------------------------------------------------------------------------------------------------------
  iter  value          gnorm          snorm          delta          #fval     #grad     tr_flag   iterCG    flagCG    
  15    2.726156e-19   9.737136e-09   1.594111e-10   1.000000e+03   16        16        0         20        1         
  In TrustRegionUtilities::analyzeRatio
    Current objective function value:        2.72616e-19
    New objective function value:            4.79975e-19
    Actual reduction:                        -2.0736e-19
    Predicted reduction:                     4.79756e-19
    Safeguard:                               2.22045e-15
    Actual reduction with safeguard:         2.22024e-15
    Predicted reduction with safeguard:      2.22093e-15
    Ratio of actual and predicted reduction: 0.999691
    Trust-region flag:                       0

------------------------------------------------------------------------------------------------------------------
Trust-Region status output definitions

  iter    - Number of iterates (steps taken)
  value   - Objective function value
  gnorm   - Norm of the gradient
  snorm   - Norm of the step (update to optimization vector)
  delta   - Trust-Region radius
  #fval   - Number of times the objective function was evaluated
  #grad   - Number of times the gradient was computed

  tr_flag - Trust-Region flag
    0 - Both actual and predicted reductions are positive (success)
    1 - Actual reduction is positive and predicted reduction is negative (impossible)
    2 - Actual reduction is nonpositive and predicted reduction is positive
    3 - Actual reduction is nonpositive and predicted reduction is negative (impossible)
    4 - Actual and/or predicted reduction is a NaN
    5 - Subproblem solution did not produce sufficient decrease

  iterCG - Number of Truncated CG iterations

  flagGC - Trust-Region Truncated CG flag
    0 - Residual tolerance met
    1 - Iteration limit exceeded
    2 - Negative curvature detected
    3 - Trust-Region radius exceeded
    4 - Initial right hand side is zero
------------------------------------------------------------------------------------------------------------------
  iter  value          gnorm          snorm          delta          #fval     #grad     tr_flag   iterCG    flagCG    
  16    4.799753e-19   4.989789e-08   4.108667e-10   1.000000e+03   17        17        0         20        1         
  In TrustRegionUtilities::analyzeRatio
    Current objective function value:        4.79975e-19
    New objective function value:            1.99929e-19
    Actual reduction:                        2.80046e-19
    Predicted reduction:                     1.44498e-18
    Safeguard:                               2.22045e-15
    Actual reduction with safeguard:         2.22073e-15
    Predicted reduction with safeguard:      2.22189e-15
    Ratio of actual and predicted reduction: 0.999476
    Trust-region flag:                       0

------------------------------------------------------------------------------------------------------------------
Trust-Region status output definitions

  iter    - Number of iterates (steps taken)
  value   - Objective function value
  gnorm   - Norm of the gradient
  snorm   - Norm of the step (update to optimization vector)
  delta   - Trust-Region radius
  #fval   - Number of times the objective function was evaluated
  #grad   - Number of times the gradient was computed

  tr_flag - Trust-Region flag
    0 - Both actual and predicted reductions are positive (success)
    1 - Actual reduction is positive and predicted reduction is negative (impossible)
    2 - Actual reduction is nonpositive and predicted reduction is positive
    3 - Actual reduction is nonpositive and predicted reduction is negative (impossible)
    4 - Actual and/or predicted reduction is a NaN
    5 - Subproblem solution did not produce sufficient decrease

  iterCG - Number of Truncated CG iterations

  flagGC - Trust-Region Truncated CG flag
    0 - Residual tolerance met
    1 - Iteration limit exceeded
    2 - Negative curvature detected
    3 - Trust-Region radius exceeded
    4 - Initial right hand side is zero
------------------------------------------------------------------------------------------------------------------
  iter  value          gnorm          snorm          delta          #fval     #grad     tr_flag   iterCG    flagCG    
  17    1.999292e-19   4.731540e-09   1.425405e-10   1.000000e+03   18        18        0         20        1         
  In TrustRegionUtilities::analyzeRatio
    Current objective function value:        1.99929e-19
    New objective function value:            2.58846e-19
    Actual reduction:                        -5.8917e-20
    Predicted reduction:                     3.20534e-19
    Safeguard:                               2.22045e-15
    Actual reduction with safeguard:         2.22039e-15
    Predicted reduction with safeguard:      2.22077e-15
    Ratio of actual and predicted reduction: 0.999829
    Trust-region flag:                       0

------------------------------------------------------------------------------------------------------------------
Trust-Region status output definitions

  iter    - Number of iterates (steps taken)
  value   - Objective function value
  gnorm   - Norm of the gradient
  snorm   - Norm of the step (update to optimization vector)
  delta   - Trust-Region radius
  #fval   - Number of times the objective function was evaluated
  #grad   - Number of times the gradient was computed

  tr_flag - Trust-Region flag
    0 - Both actual and predicted reductions are positive (success)
    1 - Actual reduction is positive and predicted reduction is negative (impossible)
    2 - Actual reduction is nonpositive and predicted reduction is positive
    3 - Actual reduction is nonpositive and predicted reduction is negative (impossible)
    4 - Actual and/or predicted reduction is a NaN
    5 - Subproblem solution did not produce sufficient decrease

  iterCG - Number of Truncated CG iterations

  flagGC - Trust-Region Truncated CG flag
    0 - Residual tolerance met
    1 - Iteration limit exceeded
    2 - Negative curvature detected
    3 - Trust-Region radius exceeded
    4 - Initial right hand side is zero
------------------------------------------------------------------------------------------------------------------
  iter  value          gnorm          snorm          delta          #fval     #grad     tr_flag   iterCG    flagCG    
  18    2.588462e-19   3.131789e-08   3.522114e-10   1.000000e+03   19        19        0         20        1         
  In TrustRegionUtilities::analyzeRatio
    Current objective function value:        2.58846e-19
    New objective function value:            1.59344e-19
    Actual reduction:                        9.95017e-20
    Predicted reduction:                     4.87945e-19
    Safeguard:                               2.22045e-15
    Actual reduction with safeguard:         2.22055e-15
    Predicted reduction with safeguard:      2.22093e-15
    Ratio of actual and predicted reduction: 0.999825
    Trust-region flag:                       0

------------------------------------------------------------------------------------------------------------------
Trust-Region status output definitions

  iter    - Number of iterates (steps taken)
  value   - Objective function value
  gnorm   - Norm of the gradient
  snorm   - Norm of the step (update to optimization vector)
  delta   - Trust-Region radius
  #fval   - Number of times the objective function was evaluated
  #grad   - Number of times the gradient was computed

  tr_flag - Trust-Region flag
    0 - Both actual and predicted reductions are positive (success)
    1 - Actual reduction is positive and predicted reduction is negative (impossible)
    2 - Actual reduction is nonpositive and predicted reduction is positive
    3 - Actual reduction is nonpositive and predicted reduction is negative (impossible)
    4 - Actual and/or predicted reduction is a NaN
    5 - Subproblem solution did not produce sufficient decrease

  iterCG - Number of Truncated CG iterations

  flagGC - Trust-Region Truncated CG flag
    0 - Residual tolerance met
    1 - Iteration limit exceeded
    2 - Negative curvature detected
    3 - Trust-Region radius exceeded
    4 - Initial right hand side is zero
------------------------------------------------------------------------------------------------------------------
  iter  value          gnorm          snorm          delta          #fval     #grad     tr_flag   iterCG    flagCG    
  19    1.593445e-19   4.254618e-09   1.005343e-10   1.000000e+03   20        20        0         20        1         
  In TrustRegionUtilities::analyzeRatio
    Current objective function value:        1.59344e-19
    New objective function value:            1.56343e-19
    Actual reduction:                        3.00101e-21
    Predicted reduction:                     1.0289e-19
    Safeguard:                               2.22045e-15
    Actual reduction with safeguard:         2.22045e-15
    Predicted reduction with safeguard:      2.22055e-15
    Ratio of actual and predicted reduction: 0.999955
    Trust-region flag:                       0

------------------------------------------------------------------------------------------------------------------
Trust-Region status output definitions

  iter    - Number of iterates (steps taken)
  value   - Objective function value
  gnorm   - Norm of the gradient
  snorm   - Norm of the step (update to optimization vector)
  delta   - Trust-Region radius
  #fval   - Number of times the objective function was evaluated
  #grad   - Number of times the gradient was computed

  tr_flag - Trust-Region flag
    0 - Both actual and predicted reductions are positive (success)
    1 - Actual reduction is positive and predicted reduction is negative (impossible)
    2 - Actual reduction is nonpositive and predicted reduction is positive
    3 - Actual reduction is nonpositive and predicted reduction is negative (impossible)
    4 - Actual and/or predicted reduction is a NaN
    5 - Subproblem solution did not produce sufficient decrease

  iterCG - Number of Truncated CG iterations

  flagGC - Trust-Region Truncated CG flag
    0 - Residual tolerance met
    1 - Iteration limit exceeded
    2 - Negative curvature detected
    3 - Trust-Region radius exceeded
    4 - Initial right hand side is zero
------------------------------------------------------------------------------------------------------------------
  iter  value          gnorm          snorm          delta          #fval     #grad     tr_flag   iterCG    flagCG    
  20    1.563435e-19   1.403936e-08   9.920714e-11   1.000000e+03   21        21        0         20        1         
  In TrustRegionUtilities::analyzeRatio
    Current objective function value:        1.56343e-19
    New objective function value:            1.42279e-19
    Actual reduction:                        1.40642e-20
    Predicted reduction:                     9.22279e-20
    Safeguard:                               2.22045e-15
    Actual reduction with safeguard:         2.22046e-15
    Predicted reduction with safeguard:      2.22054e-15
    Ratio of actual and predicted reduction: 0.999965
    Trust-region flag:                       0

------------------------------------------------------------------------------------------------------------------
Trust-Region status output definitions

  iter    - Number of iterates (steps taken)
  value   - Objective function value
  gnorm   - Norm of the gradient
  snorm   - Norm of the step (update to optimization vector)
  delta   - Trust-Region radius
  #fval   - Number of times the objective function was evaluated
  #grad   - Number of times the gradient was computed

  tr_flag - Trust-Region flag
    0 - Both actual and predicted reductions are positive (success)
    1 - Actual reduction is positive and predicted reduction is negative (impossible)
    2 - Actual reduction is nonpositive and predicted reduction is positive
    3 - Actual reduction is nonpositive and predicted reduction is negative (impossible)
    4 - Actual and/or predicted reduction is a NaN
    5 - Subproblem solution did not produce sufficient decrease

  iterCG - Number of Truncated CG iterations

  flagGC - Trust-Region Truncated CG flag
    0 - Residual tolerance met
    1 - Iteration limit exceeded
    2 - Negative curvature detected
    3 - Trust-Region radius exceeded
    4 - Initial right hand side is zero
------------------------------------------------------------------------------------------------------------------
  iter  value          gnorm          snorm          delta          #fval     #grad     tr_flag   iterCG    flagCG    
  21    1.422793e-19   5.587100e-09   5.759770e-11   1.000000e+03   22        22        0         20        1         
  In TrustRegionUtilities::analyzeRatio
    Current objective function value:        1.42279e-19
    New objective function value:            1.68514e-19
    Actual reduction:                        -2.62351e-20
    Predicted reduction:                     1.51441e-19
    Safeguard:                               2.22045e-15
    Actual reduction with safeguard:         2.22042e-15
    Predicted reduction with safeguard:      2.2206e-15
    Ratio of actual and predicted reduction: 0.99992
    Trust-region flag:                       0

------------------------------------------------------------------------------------------------------------------
Trust-Region status output definitions

  iter    - Number of iterates (steps taken)
  value   - Objective function value
  gnorm   - Norm of the gradient
  snorm   - Norm of the step (update to optimization vector)
  delta   - Trust-Region radius
  #fval   - Number of times the objective function was evaluated
  #grad   - Number of times the gradient was computed

  tr_flag - Trust-Region flag
    0 - Both actual and predicted reductions are positive (success)
    1 - Actual reduction is positive and predicted reduction is negative (impossible)
    2 - Actual reduction is nonpositive and predicted reduction is positive
    3 - Actual reduction is nonpositive and predicted reduction is negative (impossible)
    4 - Actual and/or predicted reduction is a NaN
    5 - Subproblem solution did not produce sufficient decrease

  iterCG - Number of Truncated CG iterations

  flagGC - Trust-Region Truncated CG flag
    0 - Residual tolerance met
    1 - Iteration limit exceeded
    2 - Negative curvature detected
    3 - Trust-Region radius exceeded
    4 - Initial right hand side is zero
------------------------------------------------------------------------------------------------------------------
  iter  value          gnorm          snorm          delta          #fval     #grad     tr_flag   iterCG    flagCG    
  22    1.685144e-19   1.441471e-08   2.117827e-10   1.000000e+03   23        23        0         20        1         
  In TrustRegionUtilities::analyzeRatio
    Current objective function value:        1.68514e-19
    New objective function value:            1.23448e-19
    Actual reduction:                        4.50661e-20
    Predicted reduction:                     2.41132e-19
    Safeguard:                               2.22045e-15
    Actual reduction with safeguard:         2.22049e-15
    Predicted reduction with safeguard:      2.22069e-15
    Ratio of actual and predicted reduction: 0.999912
    Trust-region flag:                       0

------------------------------------------------------------------------------------------------------------------
Trust-Region status output definitions

  iter    - Number of iterates (steps taken)
  value   - Objective function value
  gnorm   - Norm of the gradient
  snorm   - Norm of the step (update to optimization vector)
  delta   - Trust-Region radius
  #fval   - Number of times the objective function was evaluated
  #grad   - Number of times the gradient was computed

  tr_flag - Trust-Region flag
    0 - Both actual and predicted reductions are positive (success)
    1 - Actual reduction is positive and predicted reduction is negative (impossible)
    2 - Actual reduction is nonpositive and predicted reduction is positive
    3 - Actual reduction is nonpositive and predicted reduction is negative (impossible)
    4 - Actual and/or predicted reduction is a NaN
    5 - Subproblem solution did not produce sufficient decrease

  iterCG - Number of Truncated CG iterations

  flagGC - Trust-Region Truncated CG flag
    0 - Residual tolerance met
    1 - Iteration limit exceeded
    2 - Negative curvature detected
    3 - Trust-Region radius exceeded
    4 - Initial right hand side is zero
------------------------------------------------------------------------------------------------------------------
  iter  value          gnorm          snorm          delta          #fval     #grad     tr_flag   iterCG    flagCG    
  23    1.234483e-19   5.731722e-09   8.086544e-11   1.000000e+03   24        24        0         20        1         
  In TrustRegionUtilities::analyzeRatio
    Current objective function value:        1.23448e-19
    New objective function value:            1.19337e-19
    Actual reduction:                        4.11099e-21
    Predicted reduction:                     6.4609e-20
    Safeguard:                               2.22045e-15
    Actual reduction with safeguard:         2.22045e-15
    Predicted reduction with safeguard:      2.22051e-15
    Ratio of actual and predicted reduction: 0.999973
    Trust-region flag:                       0

------------------------------------------------------------------------------------------------------------------
Trust-Region status output definitions

  iter    - Number of iterates (steps taken)
  value   - Objective function value
  gnorm   - Norm of the gradient
  snorm   - Norm of the step (update to optimization vector)
  delta   - Trust-Region radius
  #fval   - Number of times the objective function was evaluated
  #grad   - Number of times the gradient was computed

  tr_flag - Trust-Region flag
    0 - Both actual and predicted reductions are positive (success)
    1 - Actual reduction is positive and predicted reduction is negative (impossible)
    2 - Actual reduction is nonpositive and predicted reduction is positive
    3 - Actual reduction is nonpositive and predicted reduction is negative (impossible)
    4 - Actual and/or predicted reduction is a NaN
    5 - Subproblem solution did not produce sufficient decrease

  iterCG - Number of Truncated CG iterations

  flagGC - Trust-Region Truncated CG flag
    0 - Residual tolerance met
    1 - Iteration limit exceeded
    2 - Negative curvature detected
    3 - Trust-Region radius exceeded
    4 - Initial right hand side is zero
------------------------------------------------------------------------------------------------------------------
  iter  value          gnorm          snorm          delta          #fval     #grad     tr_flag   iterCG    flagCG    
  24    1.193373e-19   9.683514e-09   7.091925e-11   1.000000e+03   25        25        0         20        1         
  In TrustRegionUtilities::analyzeRatio
    Current objective function value:        1.19337e-19
    New objective function value:            1.15488e-19
    Actual reduction:                        3.84915e-21
    Predicted reduction:                     7.06324e-20
    Safeguard:                               2.22045e-15
    Actual reduction with safeguard:         2.22045e-15
    Predicted reduction with safeguard:      2.22052e-15
    Ratio of actual and predicted reduction: 0.99997
    Trust-region flag:                       0

------------------------------------------------------------------------------------------------------------------
Trust-Region status output definitions

  iter    - Number of iterates (steps taken)
  value   - Objective function value
  gnorm   - Norm of the gradient
  snorm   - Norm of the step (update to optimization vector)
  delta   - Trust-Region radius
  #fval   - Number of times the objective function was evaluated
  #grad   - Number of times the gradient was computed

  tr_flag - Trust-Region flag
    0 - Both actual and predicted reductions are positive (success)
    1 - Actual reduction is positive and predicted reduction is negative (impossible)
    2 - Actual reduction is nonpositive and predicted reduction is positive
    3 - Actual reduction is nonpositive and predicted reduction is negative (impossible)
    4 - Actual and/or predicted reduction is a NaN
    5 - Subproblem solution did not produce sufficient decrease

  iterCG - Number of Truncated CG iterations

  flagGC - Trust-Region Truncated CG flag
    0 - Residual tolerance met
    1 - Iteration limit exceeded
    2 - Negative curvature detected
    3 - Trust-Region radius exceeded
    4 - Initial right hand side is zero
------------------------------------------------------------------------------------------------------------------
  iter  value          gnorm          snorm          delta          #fval     #grad     tr_flag   iterCG    flagCG    
  25    1.154881e-19   6.652611e-09   7.138150e-11   1.000000e+03   26        26        0         20        1         
  In TrustRegionUtilities::analyzeRatio
    Current objective function value:        1.15488e-19
    New objective function value:            1.09459e-19
    Actual reduction:                        6.02884e-21
    Predicted reduction:                     6.60251e-20
    Safeguard:                               2.22045e-15
    Actual reduction with safeguard:         2.22045e-15
    Predicted reduction with safeguard:      2.22051e-15
    Ratio of actual and predicted reduction: 0.999973
    Trust-region flag:                       0

------------------------------------------------------------------------------------------------------------------
Trust-Region status output definitions

  iter    - Number of iterates (steps taken)
  value   - Objective function value
  gnorm   - Norm of the gradient
  snorm   - Norm of the step (update to optimization vector)
  delta   - Trust-Region radius
  #fval   - Number of times the objective function was evaluated
  #grad   - Number of times the gradient was computed

  tr_flag - Trust-Region flag
    0 - Both actual and predicted reductions are positive (success)
    1 - Actual reduction is positive and predicted reduction is negative (impossible)
    2 - Actual reduction is nonpositive and predicted reduction is positive
    3 - Actual reduction is nonpositive and predicted reduction is negative (impossible)
    4 - Actual and/or predicted reduction is a NaN
    5 - Subproblem solution did not produce sufficient decrease

  iterCG - Number of Truncated CG iterations

  flagGC - Trust-Region Truncated CG flag
    0 - Residual tolerance met
    1 - Iteration limit exceeded
    2 - Negative curvature detected
    3 - Trust-Region radius exceeded
    4 - Initial right hand side is zero
------------------------------------------------------------------------------------------------------------------
  iter  value          gnorm          snorm          delta          #fval     #grad     tr_flag   iterCG    flagCG    
  26    1.094593e-19   7.474135e-09   5.975129e-11   1.000000e+03   27        27        0         20        1         
  In TrustRegionUtilities::analyzeRatio
    Current objective function value:        1.09459e-19
    New objective function value:            1.05199e-19
    Actual reduction:                        4.26067e-21
    Predicted reduction:                     5.65983e-20
    Safeguard:                               2.22045e-15
    Actual reduction with safeguard:         2.22045e-15
    Predicted reduction with safeguard:      2.2205e-15
    Ratio of actual and predicted reduction: 0.999976
    Trust-region flag:                       0

------------------------------------------------------------------------------------------------------------------
Trust-Region status output definitions

  iter    - Number of iterates (steps taken)
  value   - Objective function value
  gnorm   - Norm of the gradient
  snorm   - Norm of the step (update to optimization vector)
  delta   - Trust-Region radius
  #fval   - Number of times the objective function was evaluated
  #grad   - Number of times the gradient was computed

  tr_flag - Trust-Region flag
    0 - Both actual and predicted reductions are positive (success)
    1 - Actual reduction is positive and predicted reduction is negative (impossible)
    2 - Actual reduction is nonpositive and predicted reduction is positive
    3 - Actual reduction is nonpositive and predicted reduction is negative (impossible)
    4 - Actual and/or predicted reduction is a NaN
    5 - Subproblem solution did not produce sufficient decrease

  iterCG - Number of Truncated CG iterations

  flagGC - Trust-Region Truncated CG flag
    0 - Residual tolerance met
    1 - Iteration limit exceeded
    2 - Negative curvature detected
    3 - Trust-Region radius exceeded
    4 - Initial right hand side is zero
------------------------------------------------------------------------------------------------------------------
  iter  value          gnorm          snorm          delta          #fval     #grad     tr_flag   iterCG    flagCG    
  27    1.051986e-19   5.401008e-09   6.730282e-11   1.000000e+03   28        28        0         20        1         
  In TrustRegionUtilities::analyzeRatio
    Current objective function value:        1.05199e-19
    New objective function value:            1.02392e-19
    Actual reduction:                        2.8071e-21
    Predicted reduction:                     5.28615e-20
    Safeguard:                               2.22045e-15
    Actual reduction with safeguard:         2.22045e-15
    Predicted reduction with safeguard:      2.2205e-15
    Ratio of actual and predicted reduction: 0.999977
    Trust-region flag:                       0

------------------------------------------------------------------------------------------------------------------
Trust-Region status output definitions

  iter    - Number of iterates (steps taken)
  value   - Objective function value
  gnorm   - Norm of the gradient
  snorm   - Norm of the step (update to optimization vector)
  delta   - Trust-Region radius
  #fval   - Number of times the objective function was evaluated
  #grad   - Number of times the gradient was computed

  tr_flag - Trust-Region flag
    0 - Both actual and predicted reductions are positive (success)
    1 - Actual reduction is positive and predicted reduction is negative (impossible)
    2 - Actual reduction is nonpositive and predicted reduction is positive
    3 - Actual reduction is nonpositive and predicted reduction is negative (impossible)
    4 - Actual and/or predicted reduction is a NaN
    5 - Subproblem solution did not produce sufficient decrease

  iterCG - Number of Truncated CG iterations

  flagGC - Trust-Region Truncated CG flag
    0 - Residual tolerance met
    1 - Iteration limit exceeded
    2 - Negative curvature detected
    3 - Trust-Region radius exceeded
    4 - Initial right hand side is zero
------------------------------------------------------------------------------------------------------------------
  iter  value          gnorm          snorm          delta          #fval     #grad     tr_flag   iterCG    flagCG    
  28    1.023915e-19   1.143344e-08   6.251378e-11   1.000000e+03   29        29        0         20        1         
  In TrustRegionUtilities::analyzeRatio
    Current objective function value:        1.02392e-19
    New objective function value:            9.78918e-20
    Actual reduction:                        4.49971e-21
    Predicted reduction:                     5.49901e-20
    Safeguard:                               2.22045e-15
    Actual reduction with safeguard:         2.22045e-15
    Predicted reduction with safeguard:      2.2205e-15
    Ratio of actual and predicted reduction: 0.999977
    Trust-region flag:                       0

------------------------------------------------------------------------------------------------------------------
Trust-Region status output definitions

  iter    - Number of iterates (steps taken)
  value   - Objective function value
  gnorm   - Norm of the gradient
  snorm   - Norm of the step (update to optimization vector)
  delta   - Trust-Region radius
  #fval   - Number of times the objective function was evaluated
  #grad   - Number of times the gradient was computed

  tr_flag - Trust-Region flag
    0 - Both actual and predicted reductions are positive (success)
    1 - Actual reduction is positive and predicted reduction is negative (impossible)
    2 - Actual reduction is nonpositive and predicted reduction is positive
    3 - Actual reduction is nonpositive and predicted reduction is negative (impossible)
    4 - Actual and/or predicted reduction is a NaN
    5 - Subproblem solution did not produce sufficient decrease

  iterCG - Number of Truncated CG iterations

  flagGC - Trust-Region Truncated CG flag
    0 - Residual tolerance met
    1 - Iteration limit exceeded
    2 - Negative curvature detected
    3 - Trust-Region radius exceeded
    4 - Initial right hand side is zero
------------------------------------------------------------------------------------------------------------------
  iter  value          gnorm          snorm          delta          #fval     #grad     tr_flag   iterCG    flagCG    
  29    9.789182e-20   3.895019e-09   6.460738e-11   1.000000e+03   30        30        0         20        1         
  In TrustRegionUtilities::analyzeRatio
    Current objective function value:        9.78918e-20
    New objective function value:            9.66379e-20
    Actual reduction:                        1.25387e-21
    Predicted reduction:                     6.0347e-20
    Safeguard:                               2.22045e-15
    Actual reduction with safeguard:         2.22045e-15
    Predicted reduction with safeguard:      2.22051e-15
    Ratio of actual and predicted reduction: 0.999973
    Trust-region flag:                       0

------------------------------------------------------------------------------------------------------------------
Trust-Region status output definitions

  iter    - Number of iterates (steps taken)
  value   - Objective function value
  gnorm   - Norm of the gradient
  snorm   - Norm of the step (update to optimization vector)
  delta   - Trust-Region radius
  #fval   - Number of times the objective function was evaluated
  #grad   - Number of times the gradient was computed

  tr_flag - Trust-Region flag
    0 - Both actual and predicted reductions are positive (success)
    1 - Actual reduction is positive and predicted reduction is negative (impossible)
    2 - Actual reduction is nonpositive and predicted reduction is positive
    3 - Actual reduction is nonpositive and predicted reduction is negative (impossible)
    4 - Actual and/or predicted reduction is a NaN
    5 - Subproblem solution did not produce sufficient decrease

  iterCG - Number of Truncated CG iterations

  flagGC - Trust-Region Truncated CG flag
    0 - Residual tolerance met
    1 - Iteration limit exceeded
    2 - Negative curvature detected
    3 - Trust-Region radius exceeded
    4 - Initial right hand side is zero
------------------------------------------------------------------------------------------------------------------
  iter  value          gnorm          snorm          delta          #fval     #grad     tr_flag   iterCG    flagCG    
  30    9.663794e-20   1.468180e-08   7.457555e-11   1.000000e+03   31        31        0         20        1         
  In TrustRegionUtilities::analyzeRatio
    Current objective function value:        9.66379e-20
    New objective function value:            8.83874e-20
    Actual reduction:                        8.25052e-21
    Predicted reduction:                     5.14729e-20
    Safeguard:                               2.22045e-15
    Actual reduction with safeguard:         2.22045e-15
    Predicted reduction with safeguard:      2.2205e-15
    Ratio of actual and predicted reduction: 0.999981
    Trust-region flag:                       0

------------------------------------------------------------------------------------------------------------------
Trust-Region status output definitions

  iter    - Number of iterates (steps taken)
  value   - Objective function value
  gnorm   - Norm of the gradient
  snorm   - Norm of the step (update to optimization vector)
  delta   - Trust-Region radius
  #fval   - Number of times the objective function was evaluated
  #grad   - Number of times the gradient was computed

  tr_flag - Trust-Region flag
    0 - Both actual and predicted reductions are positive (success)
    1 - Actual reduction is positive and predicted reduction is negative (impossible)
    2 - Actual reduction is nonpositive and predicted reduction is positive
    3 - Actual reduction is nonpositive and predicted reduction is negative (impossible)
    4 - Actual and/or predicted reduction is a NaN
    5 - Subproblem solution did not produce sufficient decrease

  iterCG - Number of Truncated CG iterations

  flagGC - Trust-Region Truncated CG flag
    0 - Residual tolerance met
    1 - Iteration limit exceeded
    2 - Negative curvature detected
    3 - Trust-Region radius exceeded
    4 - Initial right hand side is zero
------------------------------------------------------------------------------------------------------------------
  iter  value          gnorm          snorm          delta          #fval     #grad     tr_flag   iterCG    flagCG    
  31    8.838742e-20   3.500939e-09   4.544130e-11   1.000000e+03   32        32        0         20        1         
  In TrustRegionUtilities::analyzeRatio
    Current objective function value:        8.83874e-20
    New objective function value:            8.7374e-20
    Actual reduction:                        1.01343e-21
    Predicted reduction:                     3.73376e-20
    Safeguard:                               2.22045e-15
    Actual reduction with safeguard:         2.22045e-15
    Predicted reduction with safeguard:      2.22048e-15
    Ratio of actual and predicted reduction: 0.999984
    Trust-region flag:                       0

------------------------------------------------------------------------------------------------------------------
Trust-Region status output definitions

  iter    - Number of iterates (steps taken)
  value   - Objective function value
  gnorm   - Norm of the gradient
  snorm   - Norm of the step (update to optimization vector)
  delta   - Trust-Region radius
  #fval   - Number of times the objective function was evaluated
  #grad   - Number of times the gradient was computed

  tr_flag - Trust-Region flag
    0 - Both actual and predicted reductions are positive (success)
    1 - Actual reduction is positive and predicted reduction is negative (impossible)
    2 - Actual reduction is nonpositive and predicted reduction is positive
    3 - Actual reduction is nonpositive and predicted reduction is negative (impossible)
    4 - Actual and/or predicted reduction is a NaN
    5 - Subproblem solution did not produce sufficient decrease

  iterCG - Number of Truncated CG iterations

  flagGC - Trust-Region Truncated CG flag
    0 - Residual tolerance met
    1 - Iteration limit exceeded
    2 - Negative curvature detected
    3 - Trust-Region radius exceeded
    4 - Initial right hand side is zero
------------------------------------------------------------------------------------------------------------------
  iter  value          gnorm          snorm          delta          #fval     #grad     tr_flag   iterCG    flagCG    
  32    8.737399e-20   7.169726e-09   5.604733e-11   1.000000e+03   33        33        0         20        1         
  In TrustRegionUtilities::analyzeRatio
    Current objective function value:        8.7374e-20
    New objective function value:            8.31274e-20
    Actual reduction:                        4.24655e-21
    Predicted reduction:                     4.92819e-20
    Safeguard:                               2.22045e-15
    Actual reduction with safeguard:         2.22045e-15
    Predicted reduction with safeguard:      2.2205e-15
    Ratio of actual and predicted reduction: 0.99998
    Trust-region flag:                       0

------------------------------------------------------------------------------------------------------------------
Trust-Region status output definitions

  iter    - Number of iterates (steps taken)
  value   - Objective function value
  gnorm   - Norm of the gradient
  snorm   - Norm of the step (update to optimization vector)
  delta   - Trust-Region radius
  #fval   - Number of times the objective function was evaluated
  #grad   - Number of times the gradient was computed

  tr_flag - Trust-Region flag
    0 - Both actual and predicted reductions are positive (success)
    1 - Actual reduction is positive and predicted reduction is negative (impossible)
    2 - Actual reduction is nonpositive and predicted reduction is positive
    3 - Actual reduction is nonpositive and predicted reduction is negative (impossible)
    4 - Actual and/or predicted reduction is a NaN
    5 - Subproblem solution did not produce sufficient decrease

  iterCG - Number of Truncated CG iterations

  flagGC - Trust-Region Truncated CG flag
    0 - Residual tolerance met
    1 - Iteration limit exceeded
    2 - Negative curvature detected
    3 - Trust-Region radius exceeded
    4 - Initial right hand side is zero
------------------------------------------------------------------------------------------------------------------
  iter  value          gnorm          snorm          delta          #fval     #grad     tr_flag   iterCG    flagCG    
  33    8.312744e-20   4.463295e-09   5.497532e-11   1.000000e+03   34        34        0         20        1         
  In TrustRegionUtilities::analyzeRatio
    Current objective function value:        8.31274e-20
    New objective function value:            8.01282e-20
    Actual reduction:                        2.99929e-21
    Predicted reduction:                     3.4031e-20
    Safeguard:                               2.22045e-15
    Actual reduction with safeguard:         2.22045e-15
    Predicted reduction with safeguard:      2.22048e-15
    Ratio of actual and predicted reduction: 0.999986
    Trust-region flag:                       0

------------------------------------------------------------------------------------------------------------------
Trust-Region status output definitions

  iter    - Number of iterates (steps taken)
  value   - Objective function value
  gnorm   - Norm of the gradient
  snorm   - Norm of the step (update to optimization vector)
  delta   - Trust-Region radius
  #fval   - Number of times the objective function was evaluated
  #grad   - Number of times the gradient was computed

  tr_flag - Trust-Region flag
    0 - Both actual and predicted reductions are positive (success)
    1 - Actual reduction is positive and predicted reduction is negative (impossible)
    2 - Actual reduction is nonpositive and predicted reduction is positive
    3 - Actual reduction is nonpositive and predicted reduction is negative (impossible)
    4 - Actual and/or predicted reduction is a NaN
    5 - Subproblem solution did not produce sufficient decrease

  iterCG - Number of Truncated CG iterations

  flagGC - Trust-Region Truncated CG flag
    0 - Residual tolerance met
    1 - Iteration limit exceeded
    2 - Negative curvature detected
    3 - Trust-Region radius exceeded
    4 - Initial right hand side is zero
------------------------------------------------------------------------------------------------------------------
  iter  value          gnorm          snorm          delta          #fval     #grad     tr_flag   iterCG    flagCG    
  34    8.012816e-20   4.051429e-09   4.111466e-11   1.000000e+03   35        35        0         20        1         
  In TrustRegionUtilities::analyzeRatio
    Current objective function value:        8.01282e-20
    New objective function value:            8.3291e-20
    Actual reduction:                        -3.16289e-21
    Predicted reduction:                     4.88407e-20
    Safeguard:                               2.22045e-15
    Actual reduction with safeguard:         2.22044e-15
    Predicted reduction with safeguard:      2.22049e-15
    Ratio of actual and predicted reduction: 0.999977
    Trust-region flag:                       0

------------------------------------------------------------------------------------------------------------------
Trust-Region status output definitions

  iter    - Number of iterates (steps taken)
  value   - Objective function value
  gnorm   - Norm of the gradient
  snorm   - Norm of the step (update to optimization vector)
  delta   - Trust-Region radius
  #fval   - Number of times the objective function was evaluated
  #grad   - Number of times the gradient was computed

  tr_flag - Trust-Region flag
    0 - Both actual and predicted reductions are positive (success)
    1 - Actual reduction is positive and predicted reduction is negative (impossible)
    2 - Actual reduction is nonpositive and predicted reduction is positive
    3 - Actual reduction is nonpositive and predicted reduction is negative (impossible)
    4 - Actual and/or predicted reduction is a NaN
    5 - Subproblem solution did not produce sufficient decrease

  iterCG - Number of Truncated CG iterations

  flagGC - Trust-Region Truncated CG flag
    0 - Residual tolerance met
    1 - Iteration limit exceeded
    2 - Negative curvature detected
    3 - Trust-Region radius exceeded
    4 - Initial right hand side is zero
------------------------------------------------------------------------------------------------------------------
  iter  value          gnorm          snorm          delta          #fval     #grad     tr_flag   iterCG    flagCG    
  35    8.329105e-20   1.337415e-08   9.079102e-11   1.000000e+03   36        36        0         20        1         
  In TrustRegionUtilities::analyzeRatio
    Current objective function value:        8.3291e-20
    New objective function value:            7.26302e-20
    Actual reduction:                        1.06609e-20
    Predicted reduction:                     5.05226e-20
    Safeguard:                               2.22045e-15
    Actual reduction with safeguard:         2.22046e-15
    Predicted reduction with safeguard:      2.2205e-15
    Ratio of actual and predicted reduction: 0.999982
    Trust-region flag:                       0

------------------------------------------------------------------------------------------------------------------
Trust-Region status output definitions

  iter    - Number of iterates (steps taken)
  value   - Objective function value
  gnorm   - Norm of the gradient
  snorm   - Norm of the step (update to optimization vector)
  delta   - Trust-Region radius
  #fval   - Number of times the objective function was evaluated
  #grad   - Number of times the gradient was computed

  tr_flag - Trust-Region flag
    0 - Both actual and predicted reductions are positive (success)
    1 - Actual reduction is positive and predicted reduction is negative (impossible)
    2 - Actual reduction is nonpositive and predicted reduction is positive
    3 - Actual reduction is nonpositive and predicted reduction is negative (impossible)
    4 - Actual and/or predicted reduction is a NaN
    5 - Subproblem solution did not produce sufficient decrease

  iterCG - Number of Truncated CG iterations

  flagGC - Trust-Region Truncated CG flag
    0 - Residual tolerance met
    1 - Iteration limit exceeded
    2 - Negative curvature detected
    3 - Trust-Region radius exceeded
    4 - Initial right hand side is zero
------------------------------------------------------------------------------------------------------------------
  iter  value          gnorm          snorm          delta          #fval     #grad     tr_flag   iterCG    flagCG    
  36    7.263016e-20   2.873573e-09   3.229045e-11   1.000000e+03   37        37        0         20        1         
  In TrustRegionUtilities::analyzeRatio
    Current objective function value:        7.26302e-20
    New objective function value:            7.24152e-20
    Actual reduction:                        2.14992e-22
    Predicted reduction:                     2.27263e-20
    Safeguard:                               2.22045e-15
    Actual reduction with safeguard:         2.22045e-15
    Predicted reduction with safeguard:      2.22047e-15
    Ratio of actual and predicted reduction: 0.99999
    Trust-region flag:                       0

------------------------------------------------------------------------------------------------------------------
Trust-Region status output definitions

  iter    - Number of iterates (steps taken)
  value   - Objective function value
  gnorm   - Norm of the gradient
  snorm   - Norm of the step (update to optimization vector)
  delta   - Trust-Region radius
  #fval   - Number of times the objective function was evaluated
  #grad   - Number of times the gradient was computed

  tr_flag - Trust-Region flag
    0 - Both actual and predicted reductions are positive (success)
    1 - Actual reduction is positive and predicted reduction is negative (impossible)
    2 - Actual reduction is nonpositive and predicted reduction is positive
    3 - Actual reduction is nonpositive and predicted reduction is negative (impossible)
    4 - Actual and/or predicted reduction is a NaN
    5 - Subproblem solution did not produce sufficient decrease

  iterCG - Number of Truncated CG iterations

  flagGC - Trust-Region Truncated CG flag
    0 - Residual tolerance met
    1 - Iteration limit exceeded
    2 - Negative curvature detected
    3 - Trust-Region radius exceeded
    4 - Initial right hand side is zero
------------------------------------------------------------------------------------------------------------------
  iter  value          gnorm          snorm          delta          #fval     #grad     tr_flag   iterCG    flagCG    
  37    7.241517e-20   5.208634e-09   4.185305e-11   1.000000e+03   38        38        0         20        1         
  In TrustRegionUtilities::analyzeRatio
    Current objective function value:        7.24152e-20
    New objective function value:            7.35711e-20
    Actual reduction:                        -1.15592e-21
    Predicted reduction:                     4.00098e-20
    Safeguard:                               2.22045e-15
    Actual reduction with safeguard:         2.22044e-15
    Predicted reduction with safeguard:      2.22049e-15
    Ratio of actual and predicted reduction: 0.999981
    Trust-region flag:                       0

------------------------------------------------------------------------------------------------------------------
Trust-Region status output definitions

  iter    - Number of iterates (steps taken)
  value   - Objective function value
  gnorm   - Norm of the gradient
  snorm   - Norm of the step (update to optimization vector)
  delta   - Trust-Region radius
  #fval   - Number of times the objective function was evaluated
  #grad   - Number of times the gradient was computed

  tr_flag - Trust-Region flag
    0 - Both actual and predicted reductions are positive (success)
    1 - Actual reduction is positive and predicted reduction is negative (impossible)
    2 - Actual reduction is nonpositive and predicted reduction is positive
    3 - Actual reduction is nonpositive and predicted reduction is negative (impossible)
    4 - Actual and/or predicted reduction is a NaN
    5 - Subproblem solution did not produce sufficient decrease

  iterCG - Number of Truncated CG iterations

  flagGC - Trust-Region Truncated CG flag
    0 - Residual tolerance met
    1 - Iteration limit exceeded
    2 - Negative curvature detected
    3 - Trust-Region radius exceeded
    4 - Initial right hand side is zero
------------------------------------------------------------------------------------------------------------------
  iter  value          gnorm          snorm          delta          #fval     #grad     tr_flag   iterCG    flagCG    
  38    7.357109e-20   8.152569e-09   7.381748e-11   1.000000e+03   39        39        0         20        1         
  In TrustRegionUtilities::analyzeRatio
    Current objective function value:        7.35711e-20
    New objective function value:            6.58303e-20
    Actual reduction:                        7.74077e-21
    Predicted reduction:                     5.11438e-20
    Safeguard:                               2.22045e-15
    Actual reduction with safeguard:         2.22045e-15
    Predicted reduction with safeguard:      2.2205e-15
    Ratio of actual and predicted reduction: 0.99998
    Trust-region flag:                       0

------------------------------------------------------------------------------------------------------------------
Trust-Region status output definitions

  iter    - Number of iterates (steps taken)
  value   - Objective function value
  gnorm   - Norm of the gradient
  snorm   - Norm of the step (update to optimization vector)
  delta   - Trust-Region radius
  #fval   - Number of times the objective function was evaluated
  #grad   - Number of times the gradient was computed

  tr_flag - Trust-Region flag
    0 - Both actual and predicted reductions are positive (success)
    1 - Actual reduction is positive and predicted reduction is negative (impossible)
    2 - Actual reduction is nonpositive and predicted reduction is positive
    3 - Actual reduction is nonpositive and predicted reduction is negative (impossible)
    4 - Actual and/or predicted reduction is a NaN
    5 - Subproblem solution did not produce sufficient decrease

  iterCG - Number of Truncated CG iterations

  flagGC - Trust-Region Truncated CG flag
    0 - Residual tolerance met
    1 - Iteration limit exceeded
    2 - Negative curvature detected
    3 - Trust-Region radius exceeded
    4 - Initial right hand side is zero
------------------------------------------------------------------------------------------------------------------
  iter  value          gnorm          snorm          delta          #fval     #grad     tr_flag   iterCG    flagCG    
  39    6.583032e-20   2.655695e-09   4.102193e-11   1.000000e+03   40        40        0         20        1         
  In TrustRegionUtilities::analyzeRatio
    Current objective function value:        6.58303e-20
    New objective function value:            6.61022e-20
    Actual reduction:                        -2.71872e-22
    Predicted reduction:                     2.65597e-20
    Safeguard:                               2.22045e-15
    Actual reduction with safeguard:         2.22045e-15
    Predicted reduction with safeguard:      2.22047e-15
    Ratio of actual and predicted reduction: 0.999988
    Trust-region flag:                       0

------------------------------------------------------------------------------------------------------------------
Trust-Region status output definitions

  iter    - Number of iterates (steps taken)
  value   - Objective function value
  gnorm   - Norm of the gradient
  snorm   - Norm of the step (update to optimization vector)
  delta   - Trust-Region radius
  #fval   - Number of times the objective function was evaluated
  #grad   - Number of times the gradient was computed

  tr_flag - Trust-Region flag
    0 - Both actual and predicted reductions are positive (success)
    1 - Actual reduction is positive and predicted reduction is negative (impossible)
    2 - Actual reduction is nonpositive and predicted reduction is positive
    3 - Actual reduction is nonpositive and predicted reduction is negative (impossible)
    4 - Actual and/or predicted reduction is a NaN
    5 - Subproblem solution did not produce sufficient decrease

  iterCG - Number of Truncated CG iterations

  flagGC - Trust-Region Truncated CG flag
    0 - Residual tolerance met
    1 - Iteration limit exceeded
    2 - Negative curvature detected
    3 - Trust-Region radius exceeded
    4 - Initial right hand side is zero
------------------------------------------------------------------------------------------------------------------
  iter  value          gnorm          snorm          delta          #fval     #grad     tr_flag   iterCG    flagCG    
  40    6.610220e-20   7.724248e-09   5.287679e-11   1.000000e+03   41        41        0         20        1         
  In TrustRegionUtilities::analyzeRatio
    Current objective function value:        6.61022e-20
    New objective function value:            6.19023e-20
    Actual reduction:                        4.1999e-21
    Predicted reduction:                     2.72204e-20
    Safeguard:                               2.22045e-15
    Actual reduction with safeguard:         2.22045e-15
    Predicted reduction with safeguard:      2.22047e-15
    Ratio of actual and predicted reduction: 0.99999
    Trust-region flag:                       0

------------------------------------------------------------------------------------------------------------------
Trust-Region status output definitions

  iter    - Number of iterates (steps taken)
  value   - Objective function value
  gnorm   - Norm of the gradient
  snorm   - Norm of the step (update to optimization vector)
  delta   - Trust-Region radius
  #fval   - Number of times the objective function was evaluated
  #grad   - Number of times the gradient was computed

  tr_flag - Trust-Region flag
    0 - Both actual and predicted reductions are positive (success)
    1 - Actual reduction is positive and predicted reduction is negative (impossible)
    2 - Actual reduction is nonpositive and predicted reduction is positive
    3 - Actual reduction is nonpositive and predicted reduction is negative (impossible)
    4 - Actual and/or predicted reduction is a NaN
    5 - Subproblem solution did not produce sufficient decrease

  iterCG - Number of Truncated CG iterations

  flagGC - Trust-Region Truncated CG flag
    0 - Residual tolerance met
    1 - Iteration limit exceeded
    2 - Negative curvature detected
    3 - Trust-Region radius exceeded
    4 - Initial right hand side is zero
------------------------------------------------------------------------------------------------------------------
  iter  value          gnorm          snorm          delta          #fval     #grad     tr_flag   iterCG    flagCG    
  41    6.190230e-20   3.126339e-09   3.248537e-11   1.000000e+03   42        42        0         20        1         
  In TrustRegionUtilities::analyzeRatio
    Current objective function value:        6.19023e-20
    New objective function value:            6.14947e-20
    Actual reduction:                        4.07561e-22
    Predicted reduction:                     2.17208e-20
    Safeguard:                               2.22045e-15
    Actual reduction with safeguard:         2.22045e-15
    Predicted reduction with safeguard:      2.22047e-15
    Ratio of actual and predicted reduction: 0.99999
    Trust-region flag:                       0

------------------------------------------------------------------------------------------------------------------
Trust-Region status output definitions

  iter    - Number of iterates (steps taken)
  value   - Objective function value
  gnorm   - Norm of the gradient
  snorm   - Norm of the step (update to optimization vector)
  delta   - Trust-Region radius
  #fval   - Number of times the objective function was evaluated
  #grad   - Number of times the gradient was computed

  tr_flag - Trust-Region flag
    0 - Both actual and predicted reductions are positive (success)
    1 - Actual reduction is positive and predicted reduction is negative (impossible)
    2 - Actual reduction is nonpositive and predicted reduction is positive
    3 - Actual reduction is nonpositive and predicted reduction is negative (impossible)
    4 - Actual and/or predicted reduction is a NaN
    5 - Subproblem solution did not produce sufficient decrease

  iterCG - Number of Truncated CG iterations

  flagGC - Trust-Region Truncated CG flag
    0 - Residual tolerance met
    1 - Iteration limit exceeded
    2 - Negative curvature detected
    3 - Trust-Region radius exceeded
    4 - Initial right hand side is zero
------------------------------------------------------------------------------------------------------------------
  iter  value          gnorm          snorm          delta          #fval     #grad     tr_flag   iterCG    flagCG    
  42    6.149473e-20   6.639959e-09   4.535886e-11   1.000000e+03   43        43        0         20        1         
  In TrustRegionUtilities::analyzeRatio
    Current objective function value:        6.14947e-20
    New objective function value:            5.82293e-20
    Actual reduction:                        3.26543e-21
    Predicted reduction:                     2.26651e-20
    Safeguard:                               2.22045e-15
    Actual reduction with safeguard:         2.22045e-15
    Predicted reduction with safeguard:      2.22047e-15
    Ratio of actual and predicted reduction: 0.999991
    Trust-region flag:                       0

------------------------------------------------------------------------------------------------------------------
Trust-Region status output definitions

  iter    - Number of iterates (steps taken)
  value   - Objective function value
  gnorm   - Norm of the gradient
  snorm   - Norm of the step (update to optimization vector)
  delta   - Trust-Region radius
  #fval   - Number of times the objective function was evaluated
  #grad   - Number of times the gradient was computed

  tr_flag - Trust-Region flag
    0 - Both actual and predicted reductions are positive (success)
    1 - Actual reduction is positive and predicted reduction is negative (impossible)
    2 - Actual reduction is nonpositive and predicted reduction is positive
    3 - Actual reduction is nonpositive and predicted reduction is negative (impossible)
    4 - Actual and/or predicted reduction is a NaN
    5 - Subproblem solution did not produce sufficient decrease

  iterCG - Number of Truncated CG iterations

  flagGC - Trust-Region Truncated CG flag
    0 - Residual tolerance met
    1 - Iteration limit exceeded
    2 - Negative curvature detected
    3 - Trust-Region radius exceeded
    4 - Initial right hand side is zero
------------------------------------------------------------------------------------------------------------------
  iter  value          gnorm          snorm          delta          #fval     #grad     tr_flag   iterCG    flagCG    
  43    5.822930e-20   2.543203e-09   2.788537e-11   1.000000e+03   44        44        0         20        1         
  In TrustRegionUtilities::analyzeRatio
    Current objective function value:        5.82293e-20
    New objective function value:            5.83499e-20
    Actual reduction:                        -1.20618e-22
    Predicted reduction:                     2.36077e-20
    Safeguard:                               2.22045e-15
    Actual reduction with safeguard:         2.22045e-15
    Predicted reduction with safeguard:      2.22047e-15
    Ratio of actual and predicted reduction: 0.999989
    Trust-region flag:                       0

------------------------------------------------------------------------------------------------------------------
Trust-Region status output definitions

  iter    - Number of iterates (steps taken)
  value   - Objective function value
  gnorm   - Norm of the gradient
  snorm   - Norm of the step (update to optimization vector)
  delta   - Trust-Region radius
  #fval   - Number of times the objective function was evaluated
  #grad   - Number of times the gradient was computed

  tr_flag - Trust-Region flag
    0 - Both actual and predicted reductions are positive (success)
    1 - Actual reduction is positive and predicted reduction is negative (impossible)
    2 - Actual reduction is nonpositive and predicted reduction is positive
    3 - Actual reduction is nonpositive and predicted reduction is negative (impossible)
    4 - Actual and/or predicted reduction is a NaN
    5 - Subproblem solution did not produce sufficient decrease

  iterCG - Number of Truncated CG iterations

  flagGC - Trust-Region Truncated CG flag
    0 - Residual tolerance met
    1 - Iteration limit exceeded
    2 - Negative curvature detected
    3 - Trust-Region radius exceeded
    4 - Initial right hand side is zero
------------------------------------------------------------------------------------------------------------------
  iter  value          gnorm          snorm          delta          #fval     #grad     tr_flag   iterCG    flagCG    
  44    5.834992e-20   6.593239e-09   5.906379e-11   1.000000e+03   45        45        0         20        1         
  In TrustRegionUtilities::analyzeRatio
    Current objective function value:        5.83499e-20
    New objective function value:            5.45772e-20
    Actual reduction:                        3.77275e-21
    Predicted reduction:                     2.56657e-20
    Safeguard:                               2.22045e-15
    Actual reduction with safeguard:         2.22045e-15
    Predicted reduction with safeguard:      2.22047e-15
    Ratio of actual and predicted reduction: 0.99999
    Trust-region flag:                       0

------------------------------------------------------------------------------------------------------------------
Trust-Region status output definitions

  iter    - Number of iterates (steps taken)
  value   - Objective function value
  gnorm   - Norm of the gradient
  snorm   - Norm of the step (update to optimization vector)
  delta   - Trust-Region radius
  #fval   - Number of times the objective function was evaluated
  #grad   - Number of times the gradient was computed

  tr_flag - Trust-Region flag
    0 - Both actual and predicted reductions are positive (success)
    1 - Actual reduction is positive and predicted reduction is negative (impossible)
    2 - Actual reduction is nonpositive and predicted reduction is positive
    3 - Actual reduction is nonpositive and predicted reduction is negative (impossible)
    4 - Actual and/or predicted reduction is a NaN
    5 - Subproblem solution did not produce sufficient decrease

  iterCG - Number of Truncated CG iterations

  flagGC - Trust-Region Truncated CG flag
    0 - Residual tolerance met
    1 - Iteration limit exceeded
    2 - Negative curvature detected
    3 - Trust-Region radius exceeded
    4 - Initial right hand side is zero
------------------------------------------------------------------------------------------------------------------
  iter  value          gnorm          snorm          delta          #fval     #grad     tr_flag   iterCG    flagCG    
  45    5.457717e-20   3.310077e-09   2.744716e-11   1.000000e+03   46        46        0         20        1         
  In TrustRegionUtilities::analyzeRatio
    Current objective function value:        5.45772e-20
    New objective function value:            5.7023e-20
    Actual reduction:                        -2.44583e-21
    Predicted reduction:                     2.93653e-20
    Safeguard:                               2.22045e-15
    Actual reduction with safeguard:         2.22044e-15
    Predicted reduction with safeguard:      2.22048e-15
    Ratio of actual and predicted reduction: 0.999986
    Trust-region flag:                       0

------------------------------------------------------------------------------------------------------------------
Trust-Region status output definitions

  iter    - Number of iterates (steps taken)
  value   - Objective function value
  gnorm   - Norm of the gradient
  snorm   - Norm of the step (update to optimization vector)
  delta   - Trust-Region radius
  #fval   - Number of times the objective function was evaluated
  #grad   - Number of times the gradient was computed

  tr_flag - Trust-Region flag
    0 - Both actual and predicted reductions are positive (success)
    1 - Actual reduction is positive and predicted reduction is negative (impossible)
    2 - Actual reduction is nonpositive and predicted reduction is positive
    3 - Actual reduction is nonpositive and predicted reduction is negative (impossible)
    4 - Actual and/or predicted reduction is a NaN
    5 - Subproblem solution did not produce sufficient decrease

  iterCG - Number of Truncated CG iterations

  flagGC - Trust-Region Truncated CG flag
    0 - Residual tolerance met
    1 - Iteration limit exceeded
    2 - Negative curvature detected
    3 - Trust-Region radius exceeded
    4 - Initial right hand side is zero
------------------------------------------------------------------------------------------------------------------
  iter  value          gnorm          snorm          delta          #fval     #grad     tr_flag   iterCG    flagCG    
  46    5.702300e-20   9.998924e-09   8.581514e-11   1.000000e+03   47        47        0         20        1         
  In TrustRegionUtilities::analyzeRatio
    Current objective function value:        5.7023e-20
    New objective function value:            5.00141e-20
    Actual reduction:                        7.00889e-21
    Predicted reduction:                     4.13761e-20
    Safeguard:                               2.22045e-15
    Actual reduction with safeguard:         2.22045e-15
    Predicted reduction with safeguard:      2.22049e-15
    Ratio of actual and predicted reduction: 0.999985
    Trust-region flag:                       0

------------------------------------------------------------------------------------------------------------------
Trust-Region status output definitions

  iter    - Number of iterates (steps taken)
  value   - Objective function value
  gnorm   - Norm of the gradient
  snorm   - Norm of the step (update to optimization vector)
  delta   - Trust-Region radius
  #fval   - Number of times the objective function was evaluated
  #grad   - Number of times the gradient was computed

  tr_flag - Trust-Region flag
    0 - Both actual and predicted reductions are positive (success)
    1 - Actual reduction is positive and predicted reduction is negative (impossible)
    2 - Actual reduction is nonpositive and predicted reduction is positive
    3 - Actual reduction is nonpositive and predicted reduction is negative (impossible)
    4 - Actual and/or predicted reduction is a NaN
    5 - Subproblem solution did not produce sufficient decrease

  iterCG - Number of Truncated CG iterations

  flagGC - Trust-Region Truncated CG flag
    0 - Residual tolerance met
    1 - Iteration limit exceeded
    2 - Negative curvature detected
    3 - Trust-Region radius exceeded
    4 - Initial right hand side is zero
------------------------------------------------------------------------------------------------------------------
  iter  value          gnorm          snorm          delta          #fval     #grad     tr_flag   iterCG    flagCG    
  47    5.001411e-20   2.322254e-09   3.195888e-11   1.000000e+03   48        48        0         20        1         
  In TrustRegionUtilities::analyzeRatio
    Current objective function value:        5.00141e-20
    New objective function value:            5.03732e-20
    Actual reduction:                        -3.5912e-22
    Predicted reduction:                     2.45024e-20
    Safeguard:                               2.22045e-15
    Actual reduction with safeguard:         2.22045e-15
    Predicted reduction with safeguard:      2.22047e-15
    Ratio of actual and predicted reduction: 0.999989
    Trust-region flag:                       0

------------------------------------------------------------------------------------------------------------------
Trust-Region status output definitions

  iter    - Number of iterates (steps taken)
  value   - Objective function value
  gnorm   - Norm of the gradient
  snorm   - Norm of the step (update to optimization vector)
  delta   - Trust-Region radius
  #fval   - Number of times the objective function was evaluated
  #grad   - Number of times the gradient was computed

  tr_flag - Trust-Region flag
    0 - Both actual and predicted reductions are positive (success)
    1 - Actual reduction is positive and predicted reduction is negative (impossible)
    2 - Actual reduction is nonpositive and predicted reduction is positive
    3 - Actual reduction is nonpositive and predicted reduction is negative (impossible)
    4 - Actual and/or predicted reduction is a NaN
    5 - Subproblem solution did not produce sufficient decrease

  iterCG - Number of Truncated CG iterations

  flagGC - Trust-Region Truncated CG flag
    0 - Residual tolerance met
    1 - Iteration limit exceeded
    2 - Negative curvature detected
    3 - Trust-Region radius exceeded
    4 - Initial right hand side is zero
------------------------------------------------------------------------------------------------------------------
  iter  value          gnorm          snorm          delta          #fval     #grad     tr_flag   iterCG    flagCG    
  48    5.037323e-20   5.172609e-09   7.403401e-11   1.000000e+03   49        49        0         20        1         
  In TrustRegionUtilities::analyzeRatio
    Current objective function value:        5.03732e-20
    New objective function value:            4.64983e-20
    Actual reduction:                        3.87491e-21
    Predicted reduction:                     3.92668e-20
    Safeguard:                               2.22045e-15
    Actual reduction with safeguard:         2.22045e-15
    Predicted reduction with safeguard:      2.22049e-15
    Ratio of actual and predicted reduction: 0.999984
    Trust-region flag:                       0

------------------------------------------------------------------------------------------------------------------
Trust-Region status output definitions

  iter    - Number of iterates (steps taken)
  value   - Objective function value
  gnorm   - Norm of the gradient
  snorm   - Norm of the step (update to optimization vector)
  delta   - Trust-Region radius
  #fval   - Number of times the objective function was evaluated
  #grad   - Number of times the gradient was computed

  tr_flag - Trust-Region flag
    0 - Both actual and predicted reductions are positive (success)
    1 - Actual reduction is positive and predicted reduction is negative (impossible)
    2 - Actual reduction is nonpositive and predicted reduction is positive
    3 - Actual reduction is nonpositive and predicted reduction is negative (impossible)
    4 - Actual and/or predicted reduction is a NaN
    5 - Subproblem solution did not produce sufficient decrease

  iterCG - Number of Truncated CG iterations

  flagGC - Trust-Region Truncated CG flag
    0 - Residual tolerance met
    1 - Iteration limit exceeded
    2 - Negative curvature detected
    3 - Trust-Region radius exceeded
    4 - Initial right hand side is zero
------------------------------------------------------------------------------------------------------------------
  iter  value          gnorm          snorm          delta          #fval     #grad     tr_flag   iterCG    flagCG    
  49    4.649832e-20   2.574436e-09   3.829705e-11   1.000000e+03   50        50        0         20        1         
  In TrustRegionUtilities::analyzeRatio
    Current objective function value:        4.64983e-20
    New objective function value:            4.59743e-20
    Actual reduction:                        5.24011e-22
    Predicted reduction:                     1.97507e-20
    Safeguard:                               2.22045e-15
    Actual reduction with safeguard:         2.22045e-15
    Predicted reduction with safeguard:      2.22047e-15
    Ratio of actual and predicted reduction: 0.999991
    Trust-region flag:                       0

------------------------------------------------------------------------------------------------------------------
Trust-Region status output definitions

  iter    - Number of iterates (steps taken)
  value   - Objective function value
  gnorm   - Norm of the gradient
  snorm   - Norm of the step (update to optimization vector)
  delta   - Trust-Region radius
  #fval   - Number of times the objective function was evaluated
  #grad   - Number of times the gradient was computed

  tr_flag - Trust-Region flag
    0 - Both actual and predicted reductions are positive (success)
    1 - Actual reduction is positive and predicted reduction is negative (impossible)
    2 - Actual reduction is nonpositive and predicted reduction is positive
    3 - Actual reduction is nonpositive and predicted reduction is negative (impossible)
    4 - Actual and/or predicted reduction is a NaN
    5 - Subproblem solution did not produce sufficient decrease

  iterCG - Number of Truncated CG iterations

  flagGC - Trust-Region Truncated CG flag
    0 - Residual tolerance met
    1 - Iteration limit exceeded
    2 - Negative curvature detected
    3 - Trust-Region radius exceeded
    4 - Initial right hand side is zero
------------------------------------------------------------------------------------------------------------------
  iter  value          gnorm          snorm          delta          #fval     #grad     tr_flag   iterCG    flagCG    
  50    4.597431e-20   4.187873e-09   5.734596e-11   1.000000e+03   51        51        0         20        1         
Optimization Terminated with Status: Iteration Limit Exceeded
