p=0 | CubeHexMesh: Building sub cells
[MetricOpStats] ParamMass_M  (rows=3032)
  row_sum       min=6.34921e-07  max=0.00126  mean=0.000419736  max/|min|=1984.5
  |row_sum|     min=6.34921e-07  max=0.00126  mean=0.000419736  max/min=1984.5
  diag          min=2.82187e-07  max=0.00056  mean=0.000186549  nonpos=0
  max_abs_entry=0.00056
[MetricOpStats] ParamStiffness_K  (rows=3032)
  row_sum       min=-1.86265e-08  max=1.49012e-08  mean=-4.3688e-10  max/|min|=0.8
  |row_sum|     min=5.04254e+07  max=1.68e+08  mean=1.22909e+08  max/min=3.33165
  diag          min=8.40847e+06  max=3.36e+07  mean=2.23522e+07  nonpos=0
  max_abs_entry=3.36e+07
[MetricOpStats] ParamMass_M_reprint  (rows=3032)
  row_sum       min=6.34921e-07  max=0.00126  mean=0.000419736  max/|min|=1984.5
  |row_sum|     min=6.34921e-07  max=0.00126  mean=0.000419736  max/min=1984.5
  diag          min=2.82187e-07  max=0.00056  mean=0.000186549  nonpos=0
  max_abs_entry=0.00056
[MetricOpStats] K_over_M
  |row_sum| ratio  max=1.33333e+11  mean=2.92824e+11
[MetricOpStats] Hcurl_H  (rows=3032  alpha1=1  alpha2=1  scale=1  solver=sparse_direct)
  row_sum       min=6.30505e-07  max=0.00126002  mean=0.000419736  max/|min|=1998.43
  |row_sum|     min=5.04254e+07  max=1.68e+08  mean=1.22909e+08  max/min=3.33165
  diag          min=8.40847e+06  max=3.36e+07  mean=2.23522e+07  nonpos=0
  max_abs_entry=3.36e+07
MrHyDE vector contract check (primal) errors: e[0]=0 e[1]=0 e[2]=0 e[3]=0 e[4]=0 e[5]=0 e[6]=0 e[7]=0 e[8]=0 e[9]=0 e[10]=0 e[11]=0 e[12]=0
MrHyDE vector contract check (dual) errors: e[0]=0 e[1]=5.64204e-14 e[2]=0 e[3]=0 e[4]=0 e[5]=7.13243e-15 e[6]=1.5507e-14 e[7]=0 e[8]=0 e[9]=1.27055e-21 e[10]=2.22045e-16 e[11]=8.59836e-12 e[12]=2.01568e-13
MrHyDE vector contract check: max_primal_err=0 max_dual_err=8.59836e-12 tol=1e-08

Truncated CG Trust-Region Solver
------------------------------------------------------------------------------------------------------------------
Trust-Region status output definitions

  iter    - Number of iterates (steps taken)
  value   - Objective function value
  gnorm   - Norm of the gradient
  snorm   - Norm of the step (update to optimization vector)
  delta   - Trust-Region radius
  #fval   - Number of times the objective function was evaluated
  #grad   - Number of times the gradient was computed

  tr_flag - Trust-Region flag
    0 - Both actual and predicted reductions are positive (success)
    1 - Actual reduction is positive and predicted reduction is negative (impossible)
    2 - Actual reduction is nonpositive and predicted reduction is positive
    3 - Actual reduction is nonpositive and predicted reduction is negative (impossible)
    4 - Actual and/or predicted reduction is a NaN
    5 - Subproblem solution did not produce sufficient decrease

  iterCG - Number of Truncated CG iterations

  flagGC - Trust-Region Truncated CG flag
    0 - Residual tolerance met
    1 - Iteration limit exceeded
    2 - Negative curvature detected
    3 - Trust-Region radius exceeded
    4 - Initial right hand side is zero
------------------------------------------------------------------------------------------------------------------
  iter  value          gnorm          snorm          delta          #fval     #grad     tr_flag   iterCG    flagCG    
  0     1.613692e-11   1.089071e-03   ---            1.000000e+00   1         1         ---       ---       ---       
  In TrustRegionUtilities::analyzeRatio
    Current objective function value:        1.61369e-11
    New objective function value:            1.50062e-15
    Actual reduction:                        1.61354e-11
    Predicted reduction:                     5.00797e-11
    Safeguard:                               2.22045e-15
    Actual reduction with safeguard:         1.61376e-11
    Predicted reduction with safeguard:      5.00819e-11
    Ratio of actual and predicted reduction: 0.322225
    Trust-region flag:                       0

------------------------------------------------------------------------------------------------------------------
Trust-Region status output definitions

  iter    - Number of iterates (steps taken)
  value   - Objective function value
  gnorm   - Norm of the gradient
  snorm   - Norm of the step (update to optimization vector)
  delta   - Trust-Region radius
  #fval   - Number of times the objective function was evaluated
  #grad   - Number of times the gradient was computed

  tr_flag - Trust-Region flag
    0 - Both actual and predicted reductions are positive (success)
    1 - Actual reduction is positive and predicted reduction is negative (impossible)
    2 - Actual reduction is nonpositive and predicted reduction is positive
    3 - Actual reduction is nonpositive and predicted reduction is negative (impossible)
    4 - Actual and/or predicted reduction is a NaN
    5 - Subproblem solution did not produce sufficient decrease

  iterCG - Number of Truncated CG iterations

  flagGC - Trust-Region Truncated CG flag
    0 - Residual tolerance met
    1 - Iteration limit exceeded
    2 - Negative curvature detected
    3 - Trust-Region radius exceeded
    4 - Initial right hand side is zero
------------------------------------------------------------------------------------------------------------------
  iter  value          gnorm          snorm          delta          #fval     #grad     tr_flag   iterCG    flagCG    
  1     1.500625e-15   5.199917e-06   1.040332e-07   1.000000e+00   2         2         0         20        1         
  In TrustRegionUtilities::analyzeRatio
    Current objective function value:        1.50062e-15
    New objective function value:            3.8891e-15
    Actual reduction:                        -2.38847e-15
    Predicted reduction:                     8.82776e-15
    Safeguard:                               2.22045e-15
    Actual reduction with safeguard:         -1.68024e-16
    Predicted reduction with safeguard:      1.10482e-14
    Ratio of actual and predicted reduction: -0.0152083
    Trust-region flag:                       2

  In TrustRegionUtilities::interpolateRadius
    Interpolation model value:               -7.32714e-15
    Interpolation step length:               0.0811455

------------------------------------------------------------------------------------------------------------------
Trust-Region status output definitions

  iter    - Number of iterates (steps taken)
  value   - Objective function value
  gnorm   - Norm of the gradient
  snorm   - Norm of the step (update to optimization vector)
  delta   - Trust-Region radius
  #fval   - Number of times the objective function was evaluated
  #grad   - Number of times the gradient was computed

  tr_flag - Trust-Region flag
    0 - Both actual and predicted reductions are positive (success)
    1 - Actual reduction is positive and predicted reduction is negative (impossible)
    2 - Actual reduction is nonpositive and predicted reduction is positive
    3 - Actual reduction is nonpositive and predicted reduction is negative (impossible)
    4 - Actual and/or predicted reduction is a NaN
    5 - Subproblem solution did not produce sufficient decrease

  iterCG - Number of Truncated CG iterations

  flagGC - Trust-Region Truncated CG flag
    0 - Residual tolerance met
    1 - Iteration limit exceeded
    2 - Negative curvature detected
    3 - Trust-Region radius exceeded
    4 - Initial right hand side is zero
------------------------------------------------------------------------------------------------------------------
  iter  value          gnorm          snorm          delta          #fval     #grad     tr_flag   iterCG    flagCG    
  2     1.500625e-15   5.199917e-06   1.345329e-08   3.363324e-09   3         2         2         20        1         
  In TrustRegionUtilities::analyzeRatio
    Current objective function value:        1.50062e-15
    New objective function value:            8.73305e-16
    Actual reduction:                        6.2732e-16
    Predicted reduction:                     3.9091e-15
    Safeguard:                               2.22045e-15
    Actual reduction with safeguard:         2.84777e-15
    Predicted reduction with safeguard:      6.12955e-15
    Ratio of actual and predicted reduction: 0.464596
    Trust-region flag:                       0

------------------------------------------------------------------------------------------------------------------
Trust-Region status output definitions

  iter    - Number of iterates (steps taken)
  value   - Objective function value
  gnorm   - Norm of the gradient
  snorm   - Norm of the step (update to optimization vector)
  delta   - Trust-Region radius
  #fval   - Number of times the objective function was evaluated
  #grad   - Number of times the gradient was computed

  tr_flag - Trust-Region flag
    0 - Both actual and predicted reductions are positive (success)
    1 - Actual reduction is positive and predicted reduction is negative (impossible)
    2 - Actual reduction is nonpositive and predicted reduction is positive
    3 - Actual reduction is nonpositive and predicted reduction is negative (impossible)
    4 - Actual and/or predicted reduction is a NaN
    5 - Subproblem solution did not produce sufficient decrease

  iterCG - Number of Truncated CG iterations

  flagGC - Trust-Region Truncated CG flag
    0 - Residual tolerance met
    1 - Iteration limit exceeded
    2 - Negative curvature detected
    3 - Trust-Region radius exceeded
    4 - Initial right hand side is zero
------------------------------------------------------------------------------------------------------------------
  iter  value          gnorm          snorm          delta          #fval     #grad     tr_flag   iterCG    flagCG    
  3     8.733048e-16   3.647169e-06   3.363324e-09   3.363324e-09   4         3         0         10        3         
  In TrustRegionUtilities::analyzeRatio
    Current objective function value:        8.73305e-16
    New objective function value:            6.41597e-16
    Actual reduction:                        2.31707e-16
    Predicted reduction:                     2.76502e-15
    Safeguard:                               2.22045e-15
    Actual reduction with safeguard:         2.45215e-15
    Predicted reduction with safeguard:      4.98547e-15
    Ratio of actual and predicted reduction: 0.49186
    Trust-region flag:                       0

------------------------------------------------------------------------------------------------------------------
Trust-Region status output definitions

  iter    - Number of iterates (steps taken)
  value   - Objective function value
  gnorm   - Norm of the gradient
  snorm   - Norm of the step (update to optimization vector)
  delta   - Trust-Region radius
  #fval   - Number of times the objective function was evaluated
  #grad   - Number of times the gradient was computed

  tr_flag - Trust-Region flag
    0 - Both actual and predicted reductions are positive (success)
    1 - Actual reduction is positive and predicted reduction is negative (impossible)
    2 - Actual reduction is nonpositive and predicted reduction is positive
    3 - Actual reduction is nonpositive and predicted reduction is negative (impossible)
    4 - Actual and/or predicted reduction is a NaN
    5 - Subproblem solution did not produce sufficient decrease

  iterCG - Number of Truncated CG iterations

  flagGC - Trust-Region Truncated CG flag
    0 - Residual tolerance met
    1 - Iteration limit exceeded
    2 - Negative curvature detected
    3 - Trust-Region radius exceeded
    4 - Initial right hand side is zero
------------------------------------------------------------------------------------------------------------------
  iter  value          gnorm          snorm          delta          #fval     #grad     tr_flag   iterCG    flagCG    
  4     6.415974e-16   3.344803e-06   3.363324e-09   3.363324e-09   5         4         0         12        3         
  In TrustRegionUtilities::analyzeRatio
    Current objective function value:        6.41597e-16
    New objective function value:            1.13414e-15
    Actual reduction:                        -4.92541e-16
    Predicted reduction:                     2.11228e-15
    Safeguard:                               2.22045e-15
    Actual reduction with safeguard:         1.7279e-15
    Predicted reduction with safeguard:      4.33273e-15
    Ratio of actual and predicted reduction: 0.398803
    Trust-region flag:                       0

------------------------------------------------------------------------------------------------------------------
Trust-Region status output definitions

  iter    - Number of iterates (steps taken)
  value   - Objective function value
  gnorm   - Norm of the gradient
  snorm   - Norm of the step (update to optimization vector)
  delta   - Trust-Region radius
  #fval   - Number of times the objective function was evaluated
  #grad   - Number of times the gradient was computed

  tr_flag - Trust-Region flag
    0 - Both actual and predicted reductions are positive (success)
    1 - Actual reduction is positive and predicted reduction is negative (impossible)
    2 - Actual reduction is nonpositive and predicted reduction is positive
    3 - Actual reduction is nonpositive and predicted reduction is negative (impossible)
    4 - Actual and/or predicted reduction is a NaN
    5 - Subproblem solution did not produce sufficient decrease

  iterCG - Number of Truncated CG iterations

  flagGC - Trust-Region Truncated CG flag
    0 - Residual tolerance met
    1 - Iteration limit exceeded
    2 - Negative curvature detected
    3 - Trust-Region radius exceeded
    4 - Initial right hand side is zero
------------------------------------------------------------------------------------------------------------------
  iter  value          gnorm          snorm          delta          #fval     #grad     tr_flag   iterCG    flagCG    
  5     1.134139e-15   5.327167e-06   2.984972e-09   3.363324e-09   6         5         0         20        1         
  In TrustRegionUtilities::analyzeRatio
    Current objective function value:        1.13414e-15
    New objective function value:            8.94331e-16
    Actual reduction:                        2.39808e-16
    Predicted reduction:                     3.76705e-15
    Safeguard:                               2.22045e-15
    Actual reduction with safeguard:         2.46025e-15
    Predicted reduction with safeguard:      5.9875e-15
    Ratio of actual and predicted reduction: 0.410899
    Trust-region flag:                       0

------------------------------------------------------------------------------------------------------------------
Trust-Region status output definitions

  iter    - Number of iterates (steps taken)
  value   - Objective function value
  gnorm   - Norm of the gradient
  snorm   - Norm of the step (update to optimization vector)
  delta   - Trust-Region radius
  #fval   - Number of times the objective function was evaluated
  #grad   - Number of times the gradient was computed

  tr_flag - Trust-Region flag
    0 - Both actual and predicted reductions are positive (success)
    1 - Actual reduction is positive and predicted reduction is negative (impossible)
    2 - Actual reduction is nonpositive and predicted reduction is positive
    3 - Actual reduction is nonpositive and predicted reduction is negative (impossible)
    4 - Actual and/or predicted reduction is a NaN
    5 - Subproblem solution did not produce sufficient decrease

  iterCG - Number of Truncated CG iterations

  flagGC - Trust-Region Truncated CG flag
    0 - Residual tolerance met
    1 - Iteration limit exceeded
    2 - Negative curvature detected
    3 - Trust-Region radius exceeded
    4 - Initial right hand side is zero
------------------------------------------------------------------------------------------------------------------
  iter  value          gnorm          snorm          delta          #fval     #grad     tr_flag   iterCG    flagCG    
  6     8.943309e-16   5.013055e-06   2.944152e-09   3.363324e-09   7         6         0         20        1         
  In TrustRegionUtilities::analyzeRatio
    Current objective function value:        8.94331e-16
    New objective function value:            5.12662e-16
    Actual reduction:                        3.81669e-16
    Predicted reduction:                     2.84252e-15
    Safeguard:                               2.22045e-15
    Actual reduction with safeguard:         2.60211e-15
    Predicted reduction with safeguard:      5.06297e-15
    Ratio of actual and predicted reduction: 0.51395
    Trust-region flag:                       0

------------------------------------------------------------------------------------------------------------------
Trust-Region status output definitions

  iter    - Number of iterates (steps taken)
  value   - Objective function value
  gnorm   - Norm of the gradient
  snorm   - Norm of the step (update to optimization vector)
  delta   - Trust-Region radius
  #fval   - Number of times the objective function was evaluated
  #grad   - Number of times the gradient was computed

  tr_flag - Trust-Region flag
    0 - Both actual and predicted reductions are positive (success)
    1 - Actual reduction is positive and predicted reduction is negative (impossible)
    2 - Actual reduction is nonpositive and predicted reduction is positive
    3 - Actual reduction is nonpositive and predicted reduction is negative (impossible)
    4 - Actual and/or predicted reduction is a NaN
    5 - Subproblem solution did not produce sufficient decrease

  iterCG - Number of Truncated CG iterations

  flagGC - Trust-Region Truncated CG flag
    0 - Residual tolerance met
    1 - Iteration limit exceeded
    2 - Negative curvature detected
    3 - Trust-Region radius exceeded
    4 - Initial right hand side is zero
------------------------------------------------------------------------------------------------------------------
  iter  value          gnorm          snorm          delta          #fval     #grad     tr_flag   iterCG    flagCG    
  7     5.126621e-16   3.661078e-06   2.169123e-09   3.363324e-09   8         7         0         20        1         
  In TrustRegionUtilities::analyzeRatio
    Current objective function value:        5.12662e-16
    New objective function value:            4.13316e-16
    Actual reduction:                        9.93457e-17
    Predicted reduction:                     1.67584e-15
    Safeguard:                               2.22045e-15
    Actual reduction with safeguard:         2.31979e-15
    Predicted reduction with safeguard:      3.89629e-15
    Ratio of actual and predicted reduction: 0.595385
    Trust-region flag:                       0

------------------------------------------------------------------------------------------------------------------
Trust-Region status output definitions

  iter    - Number of iterates (steps taken)
  value   - Objective function value
  gnorm   - Norm of the gradient
  snorm   - Norm of the step (update to optimization vector)
  delta   - Trust-Region radius
  #fval   - Number of times the objective function was evaluated
  #grad   - Number of times the gradient was computed

  tr_flag - Trust-Region flag
    0 - Both actual and predicted reductions are positive (success)
    1 - Actual reduction is positive and predicted reduction is negative (impossible)
    2 - Actual reduction is nonpositive and predicted reduction is positive
    3 - Actual reduction is nonpositive and predicted reduction is negative (impossible)
    4 - Actual and/or predicted reduction is a NaN
    5 - Subproblem solution did not produce sufficient decrease

  iterCG - Number of Truncated CG iterations

  flagGC - Trust-Region Truncated CG flag
    0 - Residual tolerance met
    1 - Iteration limit exceeded
    2 - Negative curvature detected
    3 - Trust-Region radius exceeded
    4 - Initial right hand side is zero
------------------------------------------------------------------------------------------------------------------
  iter  value          gnorm          snorm          delta          #fval     #grad     tr_flag   iterCG    flagCG    
  8     4.133164e-16   3.245162e-06   1.818796e-09   3.363324e-09   9         8         0         20        1         
  In TrustRegionUtilities::analyzeRatio
    Current objective function value:        4.13316e-16
    New objective function value:            2.92128e-16
    Actual reduction:                        1.21188e-16
    Predicted reduction:                     1.2541e-15
    Safeguard:                               2.22045e-15
    Actual reduction with safeguard:         2.34163e-15
    Predicted reduction with safeguard:      3.47455e-15
    Ratio of actual and predicted reduction: 0.67394
    Trust-region flag:                       0

------------------------------------------------------------------------------------------------------------------
Trust-Region status output definitions

  iter    - Number of iterates (steps taken)
  value   - Objective function value
  gnorm   - Norm of the gradient
  snorm   - Norm of the step (update to optimization vector)
  delta   - Trust-Region radius
  #fval   - Number of times the objective function was evaluated
  #grad   - Number of times the gradient was computed

  tr_flag - Trust-Region flag
    0 - Both actual and predicted reductions are positive (success)
    1 - Actual reduction is positive and predicted reduction is negative (impossible)
    2 - Actual reduction is nonpositive and predicted reduction is positive
    3 - Actual reduction is nonpositive and predicted reduction is negative (impossible)
    4 - Actual and/or predicted reduction is a NaN
    5 - Subproblem solution did not produce sufficient decrease

  iterCG - Number of Truncated CG iterations

  flagGC - Trust-Region Truncated CG flag
    0 - Residual tolerance met
    1 - Iteration limit exceeded
    2 - Negative curvature detected
    3 - Trust-Region radius exceeded
    4 - Initial right hand side is zero
------------------------------------------------------------------------------------------------------------------
  iter  value          gnorm          snorm          delta          #fval     #grad     tr_flag   iterCG    flagCG    
  9     2.921283e-16   2.504614e-06   1.493014e-09   3.363324e-09   10        9         0         20        1         
  In TrustRegionUtilities::analyzeRatio
    Current objective function value:        2.92128e-16
    New objective function value:            2.80566e-16
    Actual reduction:                        1.15622e-17
    Predicted reduction:                     9.21419e-16
    Safeguard:                               2.22045e-15
    Actual reduction with safeguard:         2.23201e-15
    Predicted reduction with safeguard:      3.14187e-15
    Ratio of actual and predicted reduction: 0.710409
    Trust-region flag:                       0

------------------------------------------------------------------------------------------------------------------
Trust-Region status output definitions

  iter    - Number of iterates (steps taken)
  value   - Objective function value
  gnorm   - Norm of the gradient
  snorm   - Norm of the step (update to optimization vector)
  delta   - Trust-Region radius
  #fval   - Number of times the objective function was evaluated
  #grad   - Number of times the gradient was computed

  tr_flag - Trust-Region flag
    0 - Both actual and predicted reductions are positive (success)
    1 - Actual reduction is positive and predicted reduction is negative (impossible)
    2 - Actual reduction is nonpositive and predicted reduction is positive
    3 - Actual reduction is nonpositive and predicted reduction is negative (impossible)
    4 - Actual and/or predicted reduction is a NaN
    5 - Subproblem solution did not produce sufficient decrease

  iterCG - Number of Truncated CG iterations

  flagGC - Trust-Region Truncated CG flag
    0 - Residual tolerance met
    1 - Iteration limit exceeded
    2 - Negative curvature detected
    3 - Trust-Region radius exceeded
    4 - Initial right hand side is zero
------------------------------------------------------------------------------------------------------------------
  iter  value          gnorm          snorm          delta          #fval     #grad     tr_flag   iterCG    flagCG    
  10    2.805661e-16   2.587711e-06   1.408283e-09   3.363324e-09   11        10        0         20        1         
  In TrustRegionUtilities::analyzeRatio
    Current objective function value:        2.80566e-16
    New objective function value:            1.74442e-16
    Actual reduction:                        1.06124e-16
    Predicted reduction:                     7.55982e-16
    Safeguard:                               2.22045e-15
    Actual reduction with safeguard:         2.32657e-15
    Predicted reduction with safeguard:      2.97643e-15
    Ratio of actual and predicted reduction: 0.781665
    Trust-region flag:                       0

------------------------------------------------------------------------------------------------------------------
Trust-Region status output definitions

  iter    - Number of iterates (steps taken)
  value   - Objective function value
  gnorm   - Norm of the gradient
  snorm   - Norm of the step (update to optimization vector)
  delta   - Trust-Region radius
  #fval   - Number of times the objective function was evaluated
  #grad   - Number of times the gradient was computed

  tr_flag - Trust-Region flag
    0 - Both actual and predicted reductions are positive (success)
    1 - Actual reduction is positive and predicted reduction is negative (impossible)
    2 - Actual reduction is nonpositive and predicted reduction is positive
    3 - Actual reduction is nonpositive and predicted reduction is negative (impossible)
    4 - Actual and/or predicted reduction is a NaN
    5 - Subproblem solution did not produce sufficient decrease

  iterCG - Number of Truncated CG iterations

  flagGC - Trust-Region Truncated CG flag
    0 - Residual tolerance met
    1 - Iteration limit exceeded
    2 - Negative curvature detected
    3 - Trust-Region radius exceeded
    4 - Initial right hand side is zero
------------------------------------------------------------------------------------------------------------------
  iter  value          gnorm          snorm          delta          #fval     #grad     tr_flag   iterCG    flagCG    
  11    1.744418e-16   2.004934e-06   1.126693e-09   3.363324e-09   12        11        0         20        1         
  In TrustRegionUtilities::analyzeRatio
    Current objective function value:        1.74442e-16
    New objective function value:            1.52172e-16
    Actual reduction:                        2.22701e-17
    Predicted reduction:                     4.78638e-16
    Safeguard:                               2.22045e-15
    Actual reduction with safeguard:         2.24272e-15
    Predicted reduction with safeguard:      2.69908e-15
    Ratio of actual and predicted reduction: 0.830917
    Trust-region flag:                       0

------------------------------------------------------------------------------------------------------------------
Trust-Region status output definitions

  iter    - Number of iterates (steps taken)
  value   - Objective function value
  gnorm   - Norm of the gradient
  snorm   - Norm of the step (update to optimization vector)
  delta   - Trust-Region radius
  #fval   - Number of times the objective function was evaluated
  #grad   - Number of times the gradient was computed

  tr_flag - Trust-Region flag
    0 - Both actual and predicted reductions are positive (success)
    1 - Actual reduction is positive and predicted reduction is negative (impossible)
    2 - Actual reduction is nonpositive and predicted reduction is positive
    3 - Actual reduction is nonpositive and predicted reduction is negative (impossible)
    4 - Actual and/or predicted reduction is a NaN
    5 - Subproblem solution did not produce sufficient decrease

  iterCG - Number of Truncated CG iterations

  flagGC - Trust-Region Truncated CG flag
    0 - Residual tolerance met
    1 - Iteration limit exceeded
    2 - Negative curvature detected
    3 - Trust-Region radius exceeded
    4 - Initial right hand side is zero
------------------------------------------------------------------------------------------------------------------
  iter  value          gnorm          snorm          delta          #fval     #grad     tr_flag   iterCG    flagCG    
  12    1.521716e-16   1.839243e-06   9.759164e-10   3.363324e-09   13        12        0         20        1         
  In TrustRegionUtilities::analyzeRatio
    Current objective function value:        1.52172e-16
    New objective function value:            1.22146e-16
    Actual reduction:                        3.0026e-17
    Predicted reduction:                     3.93811e-16
    Safeguard:                               2.22045e-15
    Actual reduction with safeguard:         2.25047e-15
    Predicted reduction with safeguard:      2.61426e-15
    Ratio of actual and predicted reduction: 0.860846
    Trust-region flag:                       0

------------------------------------------------------------------------------------------------------------------
Trust-Region status output definitions

  iter    - Number of iterates (steps taken)
  value   - Objective function value
  gnorm   - Norm of the gradient
  snorm   - Norm of the step (update to optimization vector)
  delta   - Trust-Region radius
  #fval   - Number of times the objective function was evaluated
  #grad   - Number of times the gradient was computed

  tr_flag - Trust-Region flag
    0 - Both actual and predicted reductions are positive (success)
    1 - Actual reduction is positive and predicted reduction is negative (impossible)
    2 - Actual reduction is nonpositive and predicted reduction is positive
    3 - Actual reduction is nonpositive and predicted reduction is negative (impossible)
    4 - Actual and/or predicted reduction is a NaN
    5 - Subproblem solution did not produce sufficient decrease

  iterCG - Number of Truncated CG iterations

  flagGC - Trust-Region Truncated CG flag
    0 - Residual tolerance met
    1 - Iteration limit exceeded
    2 - Negative curvature detected
    3 - Trust-Region radius exceeded
    4 - Initial right hand side is zero
------------------------------------------------------------------------------------------------------------------
  iter  value          gnorm          snorm          delta          #fval     #grad     tr_flag   iterCG    flagCG    
  13    1.221456e-16   1.526202e-06   8.839971e-10   3.363324e-09   14        13        0         20        1         
  In TrustRegionUtilities::analyzeRatio
    Current objective function value:        1.22146e-16
    New objective function value:            1.15532e-16
    Actual reduction:                        6.61354e-18
    Predicted reduction:                     3.11675e-16
    Safeguard:                               2.22045e-15
    Actual reduction with safeguard:         2.22706e-15
    Predicted reduction with safeguard:      2.53212e-15
    Ratio of actual and predicted reduction: 0.879523
    Trust-region flag:                       0

------------------------------------------------------------------------------------------------------------------
Trust-Region status output definitions

  iter    - Number of iterates (steps taken)
  value   - Objective function value
  gnorm   - Norm of the gradient
  snorm   - Norm of the step (update to optimization vector)
  delta   - Trust-Region radius
  #fval   - Number of times the objective function was evaluated
  #grad   - Number of times the gradient was computed

  tr_flag - Trust-Region flag
    0 - Both actual and predicted reductions are positive (success)
    1 - Actual reduction is positive and predicted reduction is negative (impossible)
    2 - Actual reduction is nonpositive and predicted reduction is positive
    3 - Actual reduction is nonpositive and predicted reduction is negative (impossible)
    4 - Actual and/or predicted reduction is a NaN
    5 - Subproblem solution did not produce sufficient decrease

  iterCG - Number of Truncated CG iterations

  flagGC - Trust-Region Truncated CG flag
    0 - Residual tolerance met
    1 - Iteration limit exceeded
    2 - Negative curvature detected
    3 - Trust-Region radius exceeded
    4 - Initial right hand side is zero
------------------------------------------------------------------------------------------------------------------
  iter  value          gnorm          snorm          delta          #fval     #grad     tr_flag   iterCG    flagCG    
  14    1.155321e-16   1.470785e-06   8.195223e-10   3.363324e-09   15        14        0         20        1         
  In TrustRegionUtilities::analyzeRatio
    Current objective function value:        1.15532e-16
    New objective function value:            1.05607e-16
    Actual reduction:                        9.92465e-18
    Predicted reduction:                     2.89892e-16
    Safeguard:                               2.22045e-15
    Actual reduction with safeguard:         2.23037e-15
    Predicted reduction with safeguard:      2.51034e-15
    Ratio of actual and predicted reduction: 0.888474
    Trust-region flag:                       0

------------------------------------------------------------------------------------------------------------------
Trust-Region status output definitions

  iter    - Number of iterates (steps taken)
  value   - Objective function value
  gnorm   - Norm of the gradient
  snorm   - Norm of the step (update to optimization vector)
  delta   - Trust-Region radius
  #fval   - Number of times the objective function was evaluated
  #grad   - Number of times the gradient was computed

  tr_flag - Trust-Region flag
    0 - Both actual and predicted reductions are positive (success)
    1 - Actual reduction is positive and predicted reduction is negative (impossible)
    2 - Actual reduction is nonpositive and predicted reduction is positive
    3 - Actual reduction is nonpositive and predicted reduction is negative (impossible)
    4 - Actual and/or predicted reduction is a NaN
    5 - Subproblem solution did not produce sufficient decrease

  iterCG - Number of Truncated CG iterations

  flagGC - Trust-Region Truncated CG flag
    0 - Residual tolerance met
    1 - Iteration limit exceeded
    2 - Negative curvature detected
    3 - Trust-Region radius exceeded
    4 - Initial right hand side is zero
------------------------------------------------------------------------------------------------------------------
  iter  value          gnorm          snorm          delta          #fval     #grad     tr_flag   iterCG    flagCG    
  15    1.056074e-16   1.491136e-06   7.817936e-10   3.363324e-09   16        15        0         20        1         
  In TrustRegionUtilities::analyzeRatio
    Current objective function value:        1.05607e-16
    New objective function value:            7.909e-17
    Actual reduction:                        2.65174e-17
    Predicted reduction:                     2.47995e-16
    Safeguard:                               2.22045e-15
    Actual reduction with safeguard:         2.24696e-15
    Predicted reduction with safeguard:      2.46844e-15
    Ratio of actual and predicted reduction: 0.910276
    Trust-region flag:                       0

------------------------------------------------------------------------------------------------------------------
Trust-Region status output definitions

  iter    - Number of iterates (steps taken)
  value   - Objective function value
  gnorm   - Norm of the gradient
  snorm   - Norm of the step (update to optimization vector)
  delta   - Trust-Region radius
  #fval   - Number of times the objective function was evaluated
  #grad   - Number of times the gradient was computed

  tr_flag - Trust-Region flag
    0 - Both actual and predicted reductions are positive (success)
    1 - Actual reduction is positive and predicted reduction is negative (impossible)
    2 - Actual reduction is nonpositive and predicted reduction is positive
    3 - Actual reduction is nonpositive and predicted reduction is negative (impossible)
    4 - Actual and/or predicted reduction is a NaN
    5 - Subproblem solution did not produce sufficient decrease

  iterCG - Number of Truncated CG iterations

  flagGC - Trust-Region Truncated CG flag
    0 - Residual tolerance met
    1 - Iteration limit exceeded
    2 - Negative curvature detected
    3 - Trust-Region radius exceeded
    4 - Initial right hand side is zero
------------------------------------------------------------------------------------------------------------------
  iter  value          gnorm          snorm          delta          #fval     #grad     tr_flag   iterCG    flagCG    
  16    7.909002e-17   1.230104e-06   6.816094e-10   3.363324e-08   17        16        0         20        1         
  In TrustRegionUtilities::analyzeRatio
    Current objective function value:        7.909e-17
    New objective function value:            7.21116e-17
    Actual reduction:                        6.97841e-18
    Predicted reduction:                     1.84179e-16
    Safeguard:                               2.22045e-15
    Actual reduction with safeguard:         2.22742e-15
    Predicted reduction with safeguard:      2.40462e-15
    Ratio of actual and predicted reduction: 0.926309
    Trust-region flag:                       0

------------------------------------------------------------------------------------------------------------------
Trust-Region status output definitions

  iter    - Number of iterates (steps taken)
  value   - Objective function value
  gnorm   - Norm of the gradient
  snorm   - Norm of the step (update to optimization vector)
  delta   - Trust-Region radius
  #fval   - Number of times the objective function was evaluated
  #grad   - Number of times the gradient was computed

  tr_flag - Trust-Region flag
    0 - Both actual and predicted reductions are positive (success)
    1 - Actual reduction is positive and predicted reduction is negative (impossible)
    2 - Actual reduction is nonpositive and predicted reduction is positive
    3 - Actual reduction is nonpositive and predicted reduction is negative (impossible)
    4 - Actual and/or predicted reduction is a NaN
    5 - Subproblem solution did not produce sufficient decrease

  iterCG - Number of Truncated CG iterations

  flagGC - Trust-Region Truncated CG flag
    0 - Residual tolerance met
    1 - Iteration limit exceeded
    2 - Negative curvature detected
    3 - Trust-Region radius exceeded
    4 - Initial right hand side is zero
------------------------------------------------------------------------------------------------------------------
  iter  value          gnorm          snorm          delta          #fval     #grad     tr_flag   iterCG    flagCG    
  17    7.211161e-17   1.129477e-06   6.214315e-10   3.363324e-07   18        17        0         20        1         
  In TrustRegionUtilities::analyzeRatio
    Current objective function value:        7.21116e-17
    New objective function value:            6.36668e-17
    Actual reduction:                        8.44482e-18
    Predicted reduction:                     1.52892e-16
    Safeguard:                               2.22045e-15
    Actual reduction with safeguard:         2.22889e-15
    Predicted reduction with safeguard:      2.37334e-15
    Ratio of actual and predicted reduction: 0.939138
    Trust-region flag:                       0

------------------------------------------------------------------------------------------------------------------
Trust-Region status output definitions

  iter    - Number of iterates (steps taken)
  value   - Objective function value
  gnorm   - Norm of the gradient
  snorm   - Norm of the step (update to optimization vector)
  delta   - Trust-Region radius
  #fval   - Number of times the objective function was evaluated
  #grad   - Number of times the gradient was computed

  tr_flag - Trust-Region flag
    0 - Both actual and predicted reductions are positive (success)
    1 - Actual reduction is positive and predicted reduction is negative (impossible)
    2 - Actual reduction is nonpositive and predicted reduction is positive
    3 - Actual reduction is nonpositive and predicted reduction is negative (impossible)
    4 - Actual and/or predicted reduction is a NaN
    5 - Subproblem solution did not produce sufficient decrease

  iterCG - Number of Truncated CG iterations

  flagGC - Trust-Region Truncated CG flag
    0 - Residual tolerance met
    1 - Iteration limit exceeded
    2 - Negative curvature detected
    3 - Trust-Region radius exceeded
    4 - Initial right hand side is zero
------------------------------------------------------------------------------------------------------------------
  iter  value          gnorm          snorm          delta          #fval     #grad     tr_flag   iterCG    flagCG    
  18    6.366679e-17   1.009991e-06   5.742501e-10   3.363324e-06   19        18        0         20        1         
  In TrustRegionUtilities::analyzeRatio
    Current objective function value:        6.36668e-17
    New objective function value:            6.55225e-17
    Actual reduction:                        -1.85575e-18
    Predicted reduction:                     1.42997e-16
    Safeguard:                               2.22045e-15
    Actual reduction with safeguard:         2.21859e-15
    Predicted reduction with safeguard:      2.36344e-15
    Ratio of actual and predicted reduction: 0.938711
    Trust-region flag:                       0

------------------------------------------------------------------------------------------------------------------
Trust-Region status output definitions

  iter    - Number of iterates (steps taken)
  value   - Objective function value
  gnorm   - Norm of the gradient
  snorm   - Norm of the step (update to optimization vector)
  delta   - Trust-Region radius
  #fval   - Number of times the objective function was evaluated
  #grad   - Number of times the gradient was computed

  tr_flag - Trust-Region flag
    0 - Both actual and predicted reductions are positive (success)
    1 - Actual reduction is positive and predicted reduction is negative (impossible)
    2 - Actual reduction is nonpositive and predicted reduction is positive
    3 - Actual reduction is nonpositive and predicted reduction is negative (impossible)
    4 - Actual and/or predicted reduction is a NaN
    5 - Subproblem solution did not produce sufficient decrease

  iterCG - Number of Truncated CG iterations

  flagGC - Trust-Region Truncated CG flag
    0 - Residual tolerance met
    1 - Iteration limit exceeded
    2 - Negative curvature detected
    3 - Trust-Region radius exceeded
    4 - Initial right hand side is zero
------------------------------------------------------------------------------------------------------------------
  iter  value          gnorm          snorm          delta          #fval     #grad     tr_flag   iterCG    flagCG    
  19    6.552253e-17   1.066067e-06   5.658189e-10   3.363324e-05   20        19        0         20        1         
  In TrustRegionUtilities::analyzeRatio
    Current objective function value:        6.55225e-17
    New objective function value:            5.35622e-17
    Actual reduction:                        1.19603e-17
    Predicted reduction:                     1.36803e-16
    Safeguard:                               2.22045e-15
    Actual reduction with safeguard:         2.23241e-15
    Predicted reduction with safeguard:      2.35725e-15
    Ratio of actual and predicted reduction: 0.947039
    Trust-region flag:                       0

------------------------------------------------------------------------------------------------------------------
Trust-Region status output definitions

  iter    - Number of iterates (steps taken)
  value   - Objective function value
  gnorm   - Norm of the gradient
  snorm   - Norm of the step (update to optimization vector)
  delta   - Trust-Region radius
  #fval   - Number of times the objective function was evaluated
  #grad   - Number of times the gradient was computed

  tr_flag - Trust-Region flag
    0 - Both actual and predicted reductions are positive (success)
    1 - Actual reduction is positive and predicted reduction is negative (impossible)
    2 - Actual reduction is nonpositive and predicted reduction is positive
    3 - Actual reduction is nonpositive and predicted reduction is negative (impossible)
    4 - Actual and/or predicted reduction is a NaN
    5 - Subproblem solution did not produce sufficient decrease

  iterCG - Number of Truncated CG iterations

  flagGC - Trust-Region Truncated CG flag
    0 - Residual tolerance met
    1 - Iteration limit exceeded
    2 - Negative curvature detected
    3 - Trust-Region radius exceeded
    4 - Initial right hand side is zero
------------------------------------------------------------------------------------------------------------------
  iter  value          gnorm          snorm          delta          #fval     #grad     tr_flag   iterCG    flagCG    
  20    5.356223e-17   9.529814e-07   5.227437e-10   3.363324e-04   21        20        0         20        1         
  In TrustRegionUtilities::analyzeRatio
    Current objective function value:        5.35622e-17
    New objective function value:            4.91451e-17
    Actual reduction:                        4.41711e-18
    Predicted reduction:                     1.09525e-16
    Safeguard:                               2.22045e-15
    Actual reduction with safeguard:         2.22486e-15
    Predicted reduction with safeguard:      2.32997e-15
    Ratio of actual and predicted reduction: 0.954889
    Trust-region flag:                       0

------------------------------------------------------------------------------------------------------------------
Trust-Region status output definitions

  iter    - Number of iterates (steps taken)
  value   - Objective function value
  gnorm   - Norm of the gradient
  snorm   - Norm of the step (update to optimization vector)
  delta   - Trust-Region radius
  #fval   - Number of times the objective function was evaluated
  #grad   - Number of times the gradient was computed

  tr_flag - Trust-Region flag
    0 - Both actual and predicted reductions are positive (success)
    1 - Actual reduction is positive and predicted reduction is negative (impossible)
    2 - Actual reduction is nonpositive and predicted reduction is positive
    3 - Actual reduction is nonpositive and predicted reduction is negative (impossible)
    4 - Actual and/or predicted reduction is a NaN
    5 - Subproblem solution did not produce sufficient decrease

  iterCG - Number of Truncated CG iterations

  flagGC - Trust-Region Truncated CG flag
    0 - Residual tolerance met
    1 - Iteration limit exceeded
    2 - Negative curvature detected
    3 - Trust-Region radius exceeded
    4 - Initial right hand side is zero
------------------------------------------------------------------------------------------------------------------
  iter  value          gnorm          snorm          delta          #fval     #grad     tr_flag   iterCG    flagCG    
  21    4.914512e-17   9.162344e-07   5.037999e-10   3.363324e-03   22        21        0         20        1         
  In TrustRegionUtilities::analyzeRatio
    Current objective function value:        4.91451e-17
    New objective function value:            4.53456e-17
    Actual reduction:                        3.79948e-18
    Predicted reduction:                     1.02819e-16
    Safeguard:                               2.22045e-15
    Actual reduction with safeguard:         2.22425e-15
    Predicted reduction with safeguard:      2.32326e-15
    Ratio of actual and predicted reduction: 0.957379
    Trust-region flag:                       0

------------------------------------------------------------------------------------------------------------------
Trust-Region status output definitions

  iter    - Number of iterates (steps taken)
  value   - Objective function value
  gnorm   - Norm of the gradient
  snorm   - Norm of the step (update to optimization vector)
  delta   - Trust-Region radius
  #fval   - Number of times the objective function was evaluated
  #grad   - Number of times the gradient was computed

  tr_flag - Trust-Region flag
    0 - Both actual and predicted reductions are positive (success)
    1 - Actual reduction is positive and predicted reduction is negative (impossible)
    2 - Actual reduction is nonpositive and predicted reduction is positive
    3 - Actual reduction is nonpositive and predicted reduction is negative (impossible)
    4 - Actual and/or predicted reduction is a NaN
    5 - Subproblem solution did not produce sufficient decrease

  iterCG - Number of Truncated CG iterations

  flagGC - Trust-Region Truncated CG flag
    0 - Residual tolerance met
    1 - Iteration limit exceeded
    2 - Negative curvature detected
    3 - Trust-Region radius exceeded
    4 - Initial right hand side is zero
------------------------------------------------------------------------------------------------------------------
  iter  value          gnorm          snorm          delta          #fval     #grad     tr_flag   iterCG    flagCG    
  22    4.534564e-17   8.445831e-07   4.495063e-10   3.363324e-02   23        22        0         20        1         
  In TrustRegionUtilities::analyzeRatio
    Current objective function value:        4.53456e-17
    New objective function value:            4.14318e-17
    Actual reduction:                        3.91387e-18
    Predicted reduction:                     8.67868e-17
    Safeguard:                               2.22045e-15
    Actual reduction with safeguard:         2.22436e-15
    Predicted reduction with safeguard:      2.30723e-15
    Ratio of actual and predicted reduction: 0.964081
    Trust-region flag:                       0

------------------------------------------------------------------------------------------------------------------
Trust-Region status output definitions

  iter    - Number of iterates (steps taken)
  value   - Objective function value
  gnorm   - Norm of the gradient
  snorm   - Norm of the step (update to optimization vector)
  delta   - Trust-Region radius
  #fval   - Number of times the objective function was evaluated
  #grad   - Number of times the gradient was computed

  tr_flag - Trust-Region flag
    0 - Both actual and predicted reductions are positive (success)
    1 - Actual reduction is positive and predicted reduction is negative (impossible)
    2 - Actual reduction is nonpositive and predicted reduction is positive
    3 - Actual reduction is nonpositive and predicted reduction is negative (impossible)
    4 - Actual and/or predicted reduction is a NaN
    5 - Subproblem solution did not produce sufficient decrease

  iterCG - Number of Truncated CG iterations

  flagGC - Trust-Region Truncated CG flag
    0 - Residual tolerance met
    1 - Iteration limit exceeded
    2 - Negative curvature detected
    3 - Trust-Region radius exceeded
    4 - Initial right hand side is zero
------------------------------------------------------------------------------------------------------------------
  iter  value          gnorm          snorm          delta          #fval     #grad     tr_flag   iterCG    flagCG    
  23    4.143176e-17   7.615779e-07   4.381485e-10   3.363324e-01   24        23        0         20        1         
  In TrustRegionUtilities::analyzeRatio
    Current objective function value:        4.14318e-17
    New objective function value:            4.09475e-17
    Actual reduction:                        4.84244e-19
    Predicted reduction:                     8.1749e-17
    Safeguard:                               2.22045e-15
    Actual reduction with safeguard:         2.22093e-15
    Predicted reduction with safeguard:      2.3022e-15
    Ratio of actual and predicted reduction: 0.964701
    Trust-region flag:                       0

------------------------------------------------------------------------------------------------------------------
Trust-Region status output definitions

  iter    - Number of iterates (steps taken)
  value   - Objective function value
  gnorm   - Norm of the gradient
  snorm   - Norm of the step (update to optimization vector)
  delta   - Trust-Region radius
  #fval   - Number of times the objective function was evaluated
  #grad   - Number of times the gradient was computed

  tr_flag - Trust-Region flag
    0 - Both actual and predicted reductions are positive (success)
    1 - Actual reduction is positive and predicted reduction is negative (impossible)
    2 - Actual reduction is nonpositive and predicted reduction is positive
    3 - Actual reduction is nonpositive and predicted reduction is negative (impossible)
    4 - Actual and/or predicted reduction is a NaN
    5 - Subproblem solution did not produce sufficient decrease

  iterCG - Number of Truncated CG iterations

  flagGC - Trust-Region Truncated CG flag
    0 - Residual tolerance met
    1 - Iteration limit exceeded
    2 - Negative curvature detected
    3 - Trust-Region radius exceeded
    4 - Initial right hand side is zero
------------------------------------------------------------------------------------------------------------------
  iter  value          gnorm          snorm          delta          #fval     #grad     tr_flag   iterCG    flagCG    
  24    4.094752e-17   7.911582e-07   4.250331e-10   3.363324e+00   25        24        0         20        1         
  In TrustRegionUtilities::analyzeRatio
    Current objective function value:        4.09475e-17
    New objective function value:            3.43676e-17
    Actual reduction:                        6.57994e-18
    Predicted reduction:                     7.29032e-17
    Safeguard:                               2.22045e-15
    Actual reduction with safeguard:         2.22703e-15
    Predicted reduction with safeguard:      2.29335e-15
    Ratio of actual and predicted reduction: 0.97108
    Trust-region flag:                       0

------------------------------------------------------------------------------------------------------------------
Trust-Region status output definitions

  iter    - Number of iterates (steps taken)
  value   - Objective function value
  gnorm   - Norm of the gradient
  snorm   - Norm of the step (update to optimization vector)
  delta   - Trust-Region radius
  #fval   - Number of times the objective function was evaluated
  #grad   - Number of times the gradient was computed

  tr_flag - Trust-Region flag
    0 - Both actual and predicted reductions are positive (success)
    1 - Actual reduction is positive and predicted reduction is negative (impossible)
    2 - Actual reduction is nonpositive and predicted reduction is positive
    3 - Actual reduction is nonpositive and predicted reduction is negative (impossible)
    4 - Actual and/or predicted reduction is a NaN
    5 - Subproblem solution did not produce sufficient decrease

  iterCG - Number of Truncated CG iterations

  flagGC - Trust-Region Truncated CG flag
    0 - Residual tolerance met
    1 - Iteration limit exceeded
    2 - Negative curvature detected
    3 - Trust-Region radius exceeded
    4 - Initial right hand side is zero
------------------------------------------------------------------------------------------------------------------
  iter  value          gnorm          snorm          delta          #fval     #grad     tr_flag   iterCG    flagCG    
  25    3.436758e-17   7.076921e-07   3.840601e-10   3.363324e+01   26        25        0         20        1         
  In TrustRegionUtilities::analyzeRatio
    Current objective function value:        3.43676e-17
    New objective function value:            3.33722e-17
    Actual reduction:                        9.95375e-19
    Predicted reduction:                     6.0597e-17
    Safeguard:                               2.22045e-15
    Actual reduction with safeguard:         2.22144e-15
    Predicted reduction with safeguard:      2.28104e-15
    Ratio of actual and predicted reduction: 0.973871
    Trust-region flag:                       0

------------------------------------------------------------------------------------------------------------------
Trust-Region status output definitions

  iter    - Number of iterates (steps taken)
  value   - Objective function value
  gnorm   - Norm of the gradient
  snorm   - Norm of the step (update to optimization vector)
  delta   - Trust-Region radius
  #fval   - Number of times the objective function was evaluated
  #grad   - Number of times the gradient was computed

  tr_flag - Trust-Region flag
    0 - Both actual and predicted reductions are positive (success)
    1 - Actual reduction is positive and predicted reduction is negative (impossible)
    2 - Actual reduction is nonpositive and predicted reduction is positive
    3 - Actual reduction is nonpositive and predicted reduction is negative (impossible)
    4 - Actual and/or predicted reduction is a NaN
    5 - Subproblem solution did not produce sufficient decrease

  iterCG - Number of Truncated CG iterations

  flagGC - Trust-Region Truncated CG flag
    0 - Residual tolerance met
    1 - Iteration limit exceeded
    2 - Negative curvature detected
    3 - Trust-Region radius exceeded
    4 - Initial right hand side is zero
------------------------------------------------------------------------------------------------------------------
  iter  value          gnorm          snorm          delta          #fval     #grad     tr_flag   iterCG    flagCG    
  26    3.337221e-17   7.079970e-07   3.718884e-10   3.363324e+02   27        26        0         20        1         
  In TrustRegionUtilities::analyzeRatio
    Current objective function value:        3.33722e-17
    New objective function value:            2.99861e-17
    Actual reduction:                        3.38606e-18
    Predicted reduction:                     5.90526e-17
    Safeguard:                               2.22045e-15
    Actual reduction with safeguard:         2.22383e-15
    Predicted reduction with safeguard:      2.2795e-15
    Ratio of actual and predicted reduction: 0.975579
    Trust-region flag:                       0

------------------------------------------------------------------------------------------------------------------
Trust-Region status output definitions

  iter    - Number of iterates (steps taken)
  value   - Objective function value
  gnorm   - Norm of the gradient
  snorm   - Norm of the step (update to optimization vector)
  delta   - Trust-Region radius
  #fval   - Number of times the objective function was evaluated
  #grad   - Number of times the gradient was computed

  tr_flag - Trust-Region flag
    0 - Both actual and predicted reductions are positive (success)
    1 - Actual reduction is positive and predicted reduction is negative (impossible)
    2 - Actual reduction is nonpositive and predicted reduction is positive
    3 - Actual reduction is nonpositive and predicted reduction is negative (impossible)
    4 - Actual and/or predicted reduction is a NaN
    5 - Subproblem solution did not produce sufficient decrease

  iterCG - Number of Truncated CG iterations

  flagGC - Trust-Region Truncated CG flag
    0 - Residual tolerance met
    1 - Iteration limit exceeded
    2 - Negative curvature detected
    3 - Trust-Region radius exceeded
    4 - Initial right hand side is zero
------------------------------------------------------------------------------------------------------------------
  iter  value          gnorm          snorm          delta          #fval     #grad     tr_flag   iterCG    flagCG    
  27    2.998615e-17   6.142024e-07   3.461218e-10   1.000000e+03   28        27        0         20        1         
  In TrustRegionUtilities::analyzeRatio
    Current objective function value:        2.99861e-17
    New objective function value:            2.94494e-17
    Actual reduction:                        5.36768e-19
    Predicted reduction:                     4.91938e-17
    Safeguard:                               2.22045e-15
    Actual reduction with safeguard:         2.22098e-15
    Predicted reduction with safeguard:      2.26964e-15
    Ratio of actual and predicted reduction: 0.978562
    Trust-region flag:                       0

------------------------------------------------------------------------------------------------------------------
Trust-Region status output definitions

  iter    - Number of iterates (steps taken)
  value   - Objective function value
  gnorm   - Norm of the gradient
  snorm   - Norm of the step (update to optimization vector)
  delta   - Trust-Region radius
  #fval   - Number of times the objective function was evaluated
  #grad   - Number of times the gradient was computed

  tr_flag - Trust-Region flag
    0 - Both actual and predicted reductions are positive (success)
    1 - Actual reduction is positive and predicted reduction is negative (impossible)
    2 - Actual reduction is nonpositive and predicted reduction is positive
    3 - Actual reduction is nonpositive and predicted reduction is negative (impossible)
    4 - Actual and/or predicted reduction is a NaN
    5 - Subproblem solution did not produce sufficient decrease

  iterCG - Number of Truncated CG iterations

  flagGC - Trust-Region Truncated CG flag
    0 - Residual tolerance met
    1 - Iteration limit exceeded
    2 - Negative curvature detected
    3 - Trust-Region radius exceeded
    4 - Initial right hand side is zero
------------------------------------------------------------------------------------------------------------------
  iter  value          gnorm          snorm          delta          #fval     #grad     tr_flag   iterCG    flagCG    
  28    2.944938e-17   6.001630e-07   3.376989e-10   1.000000e+03   29        28        0         20        1         
  In TrustRegionUtilities::analyzeRatio
    Current objective function value:        2.94494e-17
    New objective function value:            2.97765e-17
    Actual reduction:                        -3.27127e-19
    Predicted reduction:                     5.113e-17
    Safeguard:                               2.22045e-15
    Actual reduction with safeguard:         2.22012e-15
    Predicted reduction with safeguard:      2.27158e-15
    Ratio of actual and predicted reduction: 0.977347
    Trust-region flag:                       0

------------------------------------------------------------------------------------------------------------------
Trust-Region status output definitions

  iter    - Number of iterates (steps taken)
  value   - Objective function value
  gnorm   - Norm of the gradient
  snorm   - Norm of the step (update to optimization vector)
  delta   - Trust-Region radius
  #fval   - Number of times the objective function was evaluated
  #grad   - Number of times the gradient was computed

  tr_flag - Trust-Region flag
    0 - Both actual and predicted reductions are positive (success)
    1 - Actual reduction is positive and predicted reduction is negative (impossible)
    2 - Actual reduction is nonpositive and predicted reduction is positive
    3 - Actual reduction is nonpositive and predicted reduction is negative (impossible)
    4 - Actual and/or predicted reduction is a NaN
    5 - Subproblem solution did not produce sufficient decrease

  iterCG - Number of Truncated CG iterations

  flagGC - Trust-Region Truncated CG flag
    0 - Residual tolerance met
    1 - Iteration limit exceeded
    2 - Negative curvature detected
    3 - Trust-Region radius exceeded
    4 - Initial right hand side is zero
------------------------------------------------------------------------------------------------------------------
  iter  value          gnorm          snorm          delta          #fval     #grad     tr_flag   iterCG    flagCG    
  29    2.977651e-17   6.606869e-07   3.404189e-10   1.000000e+03   30        29        0         20        1         
  In TrustRegionUtilities::analyzeRatio
    Current objective function value:        2.97765e-17
    New objective function value:            2.49195e-17
    Actual reduction:                        4.85701e-18
    Predicted reduction:                     4.88396e-17
    Safeguard:                               2.22045e-15
    Actual reduction with safeguard:         2.2253e-15
    Predicted reduction with safeguard:      2.26929e-15
    Ratio of actual and predicted reduction: 0.980618
    Trust-region flag:                       0

------------------------------------------------------------------------------------------------------------------
Trust-Region status output definitions

  iter    - Number of iterates (steps taken)
  value   - Objective function value
  gnorm   - Norm of the gradient
  snorm   - Norm of the step (update to optimization vector)
  delta   - Trust-Region radius
  #fval   - Number of times the objective function was evaluated
  #grad   - Number of times the gradient was computed

  tr_flag - Trust-Region flag
    0 - Both actual and predicted reductions are positive (success)
    1 - Actual reduction is positive and predicted reduction is negative (impossible)
    2 - Actual reduction is nonpositive and predicted reduction is positive
    3 - Actual reduction is nonpositive and predicted reduction is negative (impossible)
    4 - Actual and/or predicted reduction is a NaN
    5 - Subproblem solution did not produce sufficient decrease

  iterCG - Number of Truncated CG iterations

  flagGC - Trust-Region Truncated CG flag
    0 - Residual tolerance met
    1 - Iteration limit exceeded
    2 - Negative curvature detected
    3 - Trust-Region radius exceeded
    4 - Initial right hand side is zero
------------------------------------------------------------------------------------------------------------------
  iter  value          gnorm          snorm          delta          #fval     #grad     tr_flag   iterCG    flagCG    
  30    2.491949e-17   5.639111e-07   3.129482e-10   1.000000e+03   31        30        0         20        1         
  In TrustRegionUtilities::analyzeRatio
    Current objective function value:        2.49195e-17
    New objective function value:            2.39542e-17
    Actual reduction:                        9.65252e-19
    Predicted reduction:                     3.90965e-17
    Safeguard:                               2.22045e-15
    Actual reduction with safeguard:         2.22141e-15
    Predicted reduction with safeguard:      2.25954e-15
    Ratio of actual and predicted reduction: 0.983124
    Trust-region flag:                       0

------------------------------------------------------------------------------------------------------------------
Trust-Region status output definitions

  iter    - Number of iterates (steps taken)
  value   - Objective function value
  gnorm   - Norm of the gradient
  snorm   - Norm of the step (update to optimization vector)
  delta   - Trust-Region radius
  #fval   - Number of times the objective function was evaluated
  #grad   - Number of times the gradient was computed

  tr_flag - Trust-Region flag
    0 - Both actual and predicted reductions are positive (success)
    1 - Actual reduction is positive and predicted reduction is negative (impossible)
    2 - Actual reduction is nonpositive and predicted reduction is positive
    3 - Actual reduction is nonpositive and predicted reduction is negative (impossible)
    4 - Actual and/or predicted reduction is a NaN
    5 - Subproblem solution did not produce sufficient decrease

  iterCG - Number of Truncated CG iterations

  flagGC - Trust-Region Truncated CG flag
    0 - Residual tolerance met
    1 - Iteration limit exceeded
    2 - Negative curvature detected
    3 - Trust-Region radius exceeded
    4 - Initial right hand side is zero
------------------------------------------------------------------------------------------------------------------
  iter  value          gnorm          snorm          delta          #fval     #grad     tr_flag   iterCG    flagCG    
  31    2.395424e-17   5.402076e-07   2.926026e-10   1.000000e+03   32        31        0         20        1         
  In TrustRegionUtilities::analyzeRatio
    Current objective function value:        2.39542e-17
    New objective function value:            2.24387e-17
    Actual reduction:                        1.51553e-18
    Predicted reduction:                     3.50684e-17
    Safeguard:                               2.22045e-15
    Actual reduction with safeguard:         2.22196e-15
    Predicted reduction with safeguard:      2.25551e-15
    Ratio of actual and predicted reduction: 0.985124
    Trust-region flag:                       0

------------------------------------------------------------------------------------------------------------------
Trust-Region status output definitions

  iter    - Number of iterates (steps taken)
  value   - Objective function value
  gnorm   - Norm of the gradient
  snorm   - Norm of the step (update to optimization vector)
  delta   - Trust-Region radius
  #fval   - Number of times the objective function was evaluated
  #grad   - Number of times the gradient was computed

  tr_flag - Trust-Region flag
    0 - Both actual and predicted reductions are positive (success)
    1 - Actual reduction is positive and predicted reduction is negative (impossible)
    2 - Actual reduction is nonpositive and predicted reduction is positive
    3 - Actual reduction is nonpositive and predicted reduction is negative (impossible)
    4 - Actual and/or predicted reduction is a NaN
    5 - Subproblem solution did not produce sufficient decrease

  iterCG - Number of Truncated CG iterations

  flagGC - Trust-Region Truncated CG flag
    0 - Residual tolerance met
    1 - Iteration limit exceeded
    2 - Negative curvature detected
    3 - Trust-Region radius exceeded
    4 - Initial right hand side is zero
------------------------------------------------------------------------------------------------------------------
  iter  value          gnorm          snorm          delta          #fval     #grad     tr_flag   iterCG    flagCG    
  32    2.243871e-17   4.912428e-07   2.784093e-10   1.000000e+03   33        32        0         20        1         
  In TrustRegionUtilities::analyzeRatio
    Current objective function value:        2.24387e-17
    New objective function value:            2.42289e-17
    Actual reduction:                        -1.79014e-18
    Predicted reduction:                     3.51977e-17
    Safeguard:                               2.22045e-15
    Actual reduction with safeguard:         2.21866e-15
    Predicted reduction with safeguard:      2.25564e-15
    Ratio of actual and predicted reduction: 0.983602
    Trust-region flag:                       0

------------------------------------------------------------------------------------------------------------------
Trust-Region status output definitions

  iter    - Number of iterates (steps taken)
  value   - Objective function value
  gnorm   - Norm of the gradient
  snorm   - Norm of the step (update to optimization vector)
  delta   - Trust-Region radius
  #fval   - Number of times the objective function was evaluated
  #grad   - Number of times the gradient was computed

  tr_flag - Trust-Region flag
    0 - Both actual and predicted reductions are positive (success)
    1 - Actual reduction is positive and predicted reduction is negative (impossible)
    2 - Actual reduction is nonpositive and predicted reduction is positive
    3 - Actual reduction is nonpositive and predicted reduction is negative (impossible)
    4 - Actual and/or predicted reduction is a NaN
    5 - Subproblem solution did not produce sufficient decrease

  iterCG - Number of Truncated CG iterations

  flagGC - Trust-Region Truncated CG flag
    0 - Residual tolerance met
    1 - Iteration limit exceeded
    2 - Negative curvature detected
    3 - Trust-Region radius exceeded
    4 - Initial right hand side is zero
------------------------------------------------------------------------------------------------------------------
  iter  value          gnorm          snorm          delta          #fval     #grad     tr_flag   iterCG    flagCG    
  33    2.422886e-17   5.543627e-07   2.926524e-10   1.000000e+03   34        33        0         20        1         
  In TrustRegionUtilities::analyzeRatio
    Current objective function value:        2.42289e-17
    New objective function value:            2.19338e-17
    Actual reduction:                        2.29505e-18
    Predicted reduction:                     3.90344e-17
    Safeguard:                               2.22045e-15
    Actual reduction with safeguard:         2.22274e-15
    Predicted reduction with safeguard:      2.25948e-15
    Ratio of actual and predicted reduction: 0.98374
    Trust-region flag:                       0

------------------------------------------------------------------------------------------------------------------
Trust-Region status output definitions

  iter    - Number of iterates (steps taken)
  value   - Objective function value
  gnorm   - Norm of the gradient
  snorm   - Norm of the step (update to optimization vector)
  delta   - Trust-Region radius
  #fval   - Number of times the objective function was evaluated
  #grad   - Number of times the gradient was computed

  tr_flag - Trust-Region flag
    0 - Both actual and predicted reductions are positive (success)
    1 - Actual reduction is positive and predicted reduction is negative (impossible)
    2 - Actual reduction is nonpositive and predicted reduction is positive
    3 - Actual reduction is nonpositive and predicted reduction is negative (impossible)
    4 - Actual and/or predicted reduction is a NaN
    5 - Subproblem solution did not produce sufficient decrease

  iterCG - Number of Truncated CG iterations

  flagGC - Trust-Region Truncated CG flag
    0 - Residual tolerance met
    1 - Iteration limit exceeded
    2 - Negative curvature detected
    3 - Trust-Region radius exceeded
    4 - Initial right hand side is zero
------------------------------------------------------------------------------------------------------------------
  iter  value          gnorm          snorm          delta          #fval     #grad     tr_flag   iterCG    flagCG    
  34    2.193380e-17   5.337650e-07   2.857956e-10   1.000000e+03   35        34        0         20        1         
  In TrustRegionUtilities::analyzeRatio
    Current objective function value:        2.19338e-17
    New objective function value:            1.91873e-17
    Actual reduction:                        2.74652e-18
    Predicted reduction:                     3.23596e-17
    Safeguard:                               2.22045e-15
    Actual reduction with safeguard:         2.22319e-15
    Predicted reduction with safeguard:      2.25281e-15
    Ratio of actual and predicted reduction: 0.986855
    Trust-region flag:                       0

------------------------------------------------------------------------------------------------------------------
Trust-Region status output definitions

  iter    - Number of iterates (steps taken)
  value   - Objective function value
  gnorm   - Norm of the gradient
  snorm   - Norm of the step (update to optimization vector)
  delta   - Trust-Region radius
  #fval   - Number of times the objective function was evaluated
  #grad   - Number of times the gradient was computed

  tr_flag - Trust-Region flag
    0 - Both actual and predicted reductions are positive (success)
    1 - Actual reduction is positive and predicted reduction is negative (impossible)
    2 - Actual reduction is nonpositive and predicted reduction is positive
    3 - Actual reduction is nonpositive and predicted reduction is negative (impossible)
    4 - Actual and/or predicted reduction is a NaN
    5 - Subproblem solution did not produce sufficient decrease

  iterCG - Number of Truncated CG iterations

  flagGC - Trust-Region Truncated CG flag
    0 - Residual tolerance met
    1 - Iteration limit exceeded
    2 - Negative curvature detected
    3 - Trust-Region radius exceeded
    4 - Initial right hand side is zero
------------------------------------------------------------------------------------------------------------------
  iter  value          gnorm          snorm          delta          #fval     #grad     tr_flag   iterCG    flagCG    
  35    1.918729e-17   4.676428e-07   2.580389e-10   1.000000e+03   36        35        0         20        1         
  In TrustRegionUtilities::analyzeRatio
    Current objective function value:        1.91873e-17
    New objective function value:            1.89745e-17
    Actual reduction:                        2.12786e-19
    Predicted reduction:                     2.7046e-17
    Safeguard:                               2.22045e-15
    Actual reduction with safeguard:         2.22066e-15
    Predicted reduction with safeguard:      2.24749e-15
    Ratio of actual and predicted reduction: 0.988061
    Trust-region flag:                       0

------------------------------------------------------------------------------------------------------------------
Trust-Region status output definitions

  iter    - Number of iterates (steps taken)
  value   - Objective function value
  gnorm   - Norm of the gradient
  snorm   - Norm of the step (update to optimization vector)
  delta   - Trust-Region radius
  #fval   - Number of times the objective function was evaluated
  #grad   - Number of times the gradient was computed

  tr_flag - Trust-Region flag
    0 - Both actual and predicted reductions are positive (success)
    1 - Actual reduction is positive and predicted reduction is negative (impossible)
    2 - Actual reduction is nonpositive and predicted reduction is positive
    3 - Actual reduction is nonpositive and predicted reduction is negative (impossible)
    4 - Actual and/or predicted reduction is a NaN
    5 - Subproblem solution did not produce sufficient decrease

  iterCG - Number of Truncated CG iterations

  flagGC - Trust-Region Truncated CG flag
    0 - Residual tolerance met
    1 - Iteration limit exceeded
    2 - Negative curvature detected
    3 - Trust-Region radius exceeded
    4 - Initial right hand side is zero
------------------------------------------------------------------------------------------------------------------
  iter  value          gnorm          snorm          delta          #fval     #grad     tr_flag   iterCG    flagCG    
  36    1.897450e-17   4.585322e-07   2.410387e-10   1.000000e+03   37        36        0         20        1         
  In TrustRegionUtilities::analyzeRatio
    Current objective function value:        1.89745e-17
    New objective function value:            1.78929e-17
    Actual reduction:                        1.08162e-18
    Predicted reduction:                     2.54245e-17
    Safeguard:                               2.22045e-15
    Actual reduction with safeguard:         2.22153e-15
    Predicted reduction with safeguard:      2.24587e-15
    Ratio of actual and predicted reduction: 0.989161
    Trust-region flag:                       0

------------------------------------------------------------------------------------------------------------------
Trust-Region status output definitions

  iter    - Number of iterates (steps taken)
  value   - Objective function value
  gnorm   - Norm of the gradient
  snorm   - Norm of the step (update to optimization vector)
  delta   - Trust-Region radius
  #fval   - Number of times the objective function was evaluated
  #grad   - Number of times the gradient was computed

  tr_flag - Trust-Region flag
    0 - Both actual and predicted reductions are positive (success)
    1 - Actual reduction is positive and predicted reduction is negative (impossible)
    2 - Actual reduction is nonpositive and predicted reduction is positive
    3 - Actual reduction is nonpositive and predicted reduction is negative (impossible)
    4 - Actual and/or predicted reduction is a NaN
    5 - Subproblem solution did not produce sufficient decrease

  iterCG - Number of Truncated CG iterations

  flagGC - Trust-Region Truncated CG flag
    0 - Residual tolerance met
    1 - Iteration limit exceeded
    2 - Negative curvature detected
    3 - Trust-Region radius exceeded
    4 - Initial right hand side is zero
------------------------------------------------------------------------------------------------------------------
  iter  value          gnorm          snorm          delta          #fval     #grad     tr_flag   iterCG    flagCG    
  37    1.789289e-17   4.118825e-07   2.398338e-10   1.000000e+03   38        37        0         20        1         
  In TrustRegionUtilities::analyzeRatio
    Current objective function value:        1.78929e-17
    New objective function value:            1.88131e-17
    Actual reduction:                        -9.20188e-19
    Predicted reduction:                     2.54409e-17
    Safeguard:                               2.22045e-15
    Actual reduction with safeguard:         2.21953e-15
    Predicted reduction with safeguard:      2.24589e-15
    Ratio of actual and predicted reduction: 0.988262
    Trust-region flag:                       0

------------------------------------------------------------------------------------------------------------------
Trust-Region status output definitions

  iter    - Number of iterates (steps taken)
  value   - Objective function value
  gnorm   - Norm of the gradient
  snorm   - Norm of the step (update to optimization vector)
  delta   - Trust-Region radius
  #fval   - Number of times the objective function was evaluated
  #grad   - Number of times the gradient was computed

  tr_flag - Trust-Region flag
    0 - Both actual and predicted reductions are positive (success)
    1 - Actual reduction is positive and predicted reduction is negative (impossible)
    2 - Actual reduction is nonpositive and predicted reduction is positive
    3 - Actual reduction is nonpositive and predicted reduction is negative (impossible)
    4 - Actual and/or predicted reduction is a NaN
    5 - Subproblem solution did not produce sufficient decrease

  iterCG - Number of Truncated CG iterations

  flagGC - Trust-Region Truncated CG flag
    0 - Residual tolerance met
    1 - Iteration limit exceeded
    2 - Negative curvature detected
    3 - Trust-Region radius exceeded
    4 - Initial right hand side is zero
------------------------------------------------------------------------------------------------------------------
  iter  value          gnorm          snorm          delta          #fval     #grad     tr_flag   iterCG    flagCG    
  38    1.881308e-17   4.696161e-07   2.485737e-10   1.000000e+03   39        38        0         20        1         
  In TrustRegionUtilities::analyzeRatio
    Current objective function value:        1.88131e-17
    New objective function value:            1.66552e-17
    Actual reduction:                        2.15789e-18
    Predicted reduction:                     2.58957e-17
    Safeguard:                               2.22045e-15
    Actual reduction with safeguard:         2.2226e-15
    Predicted reduction with safeguard:      2.24634e-15
    Ratio of actual and predicted reduction: 0.989433
    Trust-region flag:                       0

------------------------------------------------------------------------------------------------------------------
Trust-Region status output definitions

  iter    - Number of iterates (steps taken)
  value   - Objective function value
  gnorm   - Norm of the gradient
  snorm   - Norm of the step (update to optimization vector)
  delta   - Trust-Region radius
  #fval   - Number of times the objective function was evaluated
  #grad   - Number of times the gradient was computed

  tr_flag - Trust-Region flag
    0 - Both actual and predicted reductions are positive (success)
    1 - Actual reduction is positive and predicted reduction is negative (impossible)
    2 - Actual reduction is nonpositive and predicted reduction is positive
    3 - Actual reduction is nonpositive and predicted reduction is negative (impossible)
    4 - Actual and/or predicted reduction is a NaN
    5 - Subproblem solution did not produce sufficient decrease

  iterCG - Number of Truncated CG iterations

  flagGC - Trust-Region Truncated CG flag
    0 - Residual tolerance met
    1 - Iteration limit exceeded
    2 - Negative curvature detected
    3 - Trust-Region radius exceeded
    4 - Initial right hand side is zero
------------------------------------------------------------------------------------------------------------------
  iter  value          gnorm          snorm          delta          #fval     #grad     tr_flag   iterCG    flagCG    
  39    1.665518e-17   4.297991e-07   2.300268e-10   1.000000e+03   40        39        0         20        1         
  In TrustRegionUtilities::analyzeRatio
    Current objective function value:        1.66552e-17
    New objective function value:            1.61235e-17
    Actual reduction:                        5.31695e-19
    Predicted reduction:                     2.18224e-17
    Safeguard:                               2.22045e-15
    Actual reduction with safeguard:         2.22098e-15
    Predicted reduction with safeguard:      2.24227e-15
    Ratio of actual and predicted reduction: 0.990505
    Trust-region flag:                       0

------------------------------------------------------------------------------------------------------------------
Trust-Region status output definitions

  iter    - Number of iterates (steps taken)
  value   - Objective function value
  gnorm   - Norm of the gradient
  snorm   - Norm of the step (update to optimization vector)
  delta   - Trust-Region radius
  #fval   - Number of times the objective function was evaluated
  #grad   - Number of times the gradient was computed

  tr_flag - Trust-Region flag
    0 - Both actual and predicted reductions are positive (success)
    1 - Actual reduction is positive and predicted reduction is negative (impossible)
    2 - Actual reduction is nonpositive and predicted reduction is positive
    3 - Actual reduction is nonpositive and predicted reduction is negative (impossible)
    4 - Actual and/or predicted reduction is a NaN
    5 - Subproblem solution did not produce sufficient decrease

  iterCG - Number of Truncated CG iterations

  flagGC - Trust-Region Truncated CG flag
    0 - Residual tolerance met
    1 - Iteration limit exceeded
    2 - Negative curvature detected
    3 - Trust-Region radius exceeded
    4 - Initial right hand side is zero
------------------------------------------------------------------------------------------------------------------
  iter  value          gnorm          snorm          delta          #fval     #grad     tr_flag   iterCG    flagCG    
  40    1.612349e-17   4.191655e-07   2.237442e-10   1.000000e+03   41        40        0         20        1         
  In TrustRegionUtilities::analyzeRatio
    Current objective function value:        1.61235e-17
    New objective function value:            1.52174e-17
    Actual reduction:                        9.06074e-19
    Predicted reduction:                     2.12873e-17
    Safeguard:                               2.22045e-15
    Actual reduction with safeguard:         2.22135e-15
    Predicted reduction with safeguard:      2.24173e-15
    Ratio of actual and predicted reduction: 0.990908
    Trust-region flag:                       0

------------------------------------------------------------------------------------------------------------------
Trust-Region status output definitions

  iter    - Number of iterates (steps taken)
  value   - Objective function value
  gnorm   - Norm of the gradient
  snorm   - Norm of the step (update to optimization vector)
  delta   - Trust-Region radius
  #fval   - Number of times the objective function was evaluated
  #grad   - Number of times the gradient was computed

  tr_flag - Trust-Region flag
    0 - Both actual and predicted reductions are positive (success)
    1 - Actual reduction is positive and predicted reduction is negative (impossible)
    2 - Actual reduction is nonpositive and predicted reduction is positive
    3 - Actual reduction is nonpositive and predicted reduction is negative (impossible)
    4 - Actual and/or predicted reduction is a NaN
    5 - Subproblem solution did not produce sufficient decrease

  iterCG - Number of Truncated CG iterations

  flagGC - Trust-Region Truncated CG flag
    0 - Residual tolerance met
    1 - Iteration limit exceeded
    2 - Negative curvature detected
    3 - Trust-Region radius exceeded
    4 - Initial right hand side is zero
------------------------------------------------------------------------------------------------------------------
  iter  value          gnorm          snorm          delta          #fval     #grad     tr_flag   iterCG    flagCG    
  41    1.521741e-17   3.785829e-07   2.118880e-10   1.000000e+03   42        41        0         20        1         
  In TrustRegionUtilities::analyzeRatio
    Current objective function value:        1.52174e-17
    New objective function value:            1.50461e-17
    Actual reduction:                        1.71286e-19
    Predicted reduction:                     1.87961e-17
    Safeguard:                               2.22045e-15
    Actual reduction with safeguard:         2.22062e-15
    Predicted reduction with safeguard:      2.23924e-15
    Ratio of actual and predicted reduction: 0.991683
    Trust-region flag:                       0

------------------------------------------------------------------------------------------------------------------
Trust-Region status output definitions

  iter    - Number of iterates (steps taken)
  value   - Objective function value
  gnorm   - Norm of the gradient
  snorm   - Norm of the step (update to optimization vector)
  delta   - Trust-Region radius
  #fval   - Number of times the objective function was evaluated
  #grad   - Number of times the gradient was computed

  tr_flag - Trust-Region flag
    0 - Both actual and predicted reductions are positive (success)
    1 - Actual reduction is positive and predicted reduction is negative (impossible)
    2 - Actual reduction is nonpositive and predicted reduction is positive
    3 - Actual reduction is nonpositive and predicted reduction is negative (impossible)
    4 - Actual and/or predicted reduction is a NaN
    5 - Subproblem solution did not produce sufficient decrease

  iterCG - Number of Truncated CG iterations

  flagGC - Trust-Region Truncated CG flag
    0 - Residual tolerance met
    1 - Iteration limit exceeded
    2 - Negative curvature detected
    3 - Trust-Region radius exceeded
    4 - Initial right hand side is zero
------------------------------------------------------------------------------------------------------------------
  iter  value          gnorm          snorm          delta          #fval     #grad     tr_flag   iterCG    flagCG    
  42    1.504613e-17   3.708130e-07   2.101457e-10   1.000000e+03   43        42        0         20        1         
  In TrustRegionUtilities::analyzeRatio
    Current objective function value:        1.50461e-17
    New objective function value:            1.54856e-17
    Actual reduction:                        -4.39466e-19
    Predicted reduction:                     1.99644e-17
    Safeguard:                               2.22045e-15
    Actual reduction with safeguard:         2.22001e-15
    Predicted reduction with safeguard:      2.24041e-15
    Ratio of actual and predicted reduction: 0.990893
    Trust-region flag:                       0

------------------------------------------------------------------------------------------------------------------
Trust-Region status output definitions

  iter    - Number of iterates (steps taken)
  value   - Objective function value
  gnorm   - Norm of the gradient
  snorm   - Norm of the step (update to optimization vector)
  delta   - Trust-Region radius
  #fval   - Number of times the objective function was evaluated
  #grad   - Number of times the gradient was computed

  tr_flag - Trust-Region flag
    0 - Both actual and predicted reductions are positive (success)
    1 - Actual reduction is positive and predicted reduction is negative (impossible)
    2 - Actual reduction is nonpositive and predicted reduction is positive
    3 - Actual reduction is nonpositive and predicted reduction is negative (impossible)
    4 - Actual and/or predicted reduction is a NaN
    5 - Subproblem solution did not produce sufficient decrease

  iterCG - Number of Truncated CG iterations

  flagGC - Trust-Region Truncated CG flag
    0 - Residual tolerance met
    1 - Iteration limit exceeded
    2 - Negative curvature detected
    3 - Trust-Region radius exceeded
    4 - Initial right hand side is zero
------------------------------------------------------------------------------------------------------------------
  iter  value          gnorm          snorm          delta          #fval     #grad     tr_flag   iterCG    flagCG    
  43    1.548559e-17   4.208025e-07   2.161129e-10   1.000000e+03   44        43        0         20        1         
  In TrustRegionUtilities::analyzeRatio
    Current objective function value:        1.54856e-17
    New objective function value:            1.36715e-17
    Actual reduction:                        1.81408e-18
    Predicted reduction:                     1.99783e-17
    Safeguard:                               2.22045e-15
    Actual reduction with safeguard:         2.22226e-15
    Predicted reduction with safeguard:      2.24042e-15
    Ratio of actual and predicted reduction: 0.991892
    Trust-region flag:                       0

------------------------------------------------------------------------------------------------------------------
Trust-Region status output definitions

  iter    - Number of iterates (steps taken)
  value   - Objective function value
  gnorm   - Norm of the gradient
  snorm   - Norm of the step (update to optimization vector)
  delta   - Trust-Region radius
  #fval   - Number of times the objective function was evaluated
  #grad   - Number of times the gradient was computed

  tr_flag - Trust-Region flag
    0 - Both actual and predicted reductions are positive (success)
    1 - Actual reduction is positive and predicted reduction is negative (impossible)
    2 - Actual reduction is nonpositive and predicted reduction is positive
    3 - Actual reduction is nonpositive and predicted reduction is negative (impossible)
    4 - Actual and/or predicted reduction is a NaN
    5 - Subproblem solution did not produce sufficient decrease

  iterCG - Number of Truncated CG iterations

  flagGC - Trust-Region Truncated CG flag
    0 - Residual tolerance met
    1 - Iteration limit exceeded
    2 - Negative curvature detected
    3 - Trust-Region radius exceeded
    4 - Initial right hand side is zero
------------------------------------------------------------------------------------------------------------------
  iter  value          gnorm          snorm          delta          #fval     #grad     tr_flag   iterCG    flagCG    
  44    1.367151e-17   3.712587e-07   2.040327e-10   1.000000e+03   45        44        0         20        1         
  In TrustRegionUtilities::analyzeRatio
    Current objective function value:        1.36715e-17
    New objective function value:            1.31987e-17
    Actual reduction:                        4.72839e-19
    Predicted reduction:                     1.65096e-17
    Safeguard:                               2.22045e-15
    Actual reduction with safeguard:         2.22092e-15
    Predicted reduction with safeguard:      2.23696e-15
    Ratio of actual and predicted reduction: 0.992831
    Trust-region flag:                       0

------------------------------------------------------------------------------------------------------------------
Trust-Region status output definitions

  iter    - Number of iterates (steps taken)
  value   - Objective function value
  gnorm   - Norm of the gradient
  snorm   - Norm of the step (update to optimization vector)
  delta   - Trust-Region radius
  #fval   - Number of times the objective function was evaluated
  #grad   - Number of times the gradient was computed

  tr_flag - Trust-Region flag
    0 - Both actual and predicted reductions are positive (success)
    1 - Actual reduction is positive and predicted reduction is negative (impossible)
    2 - Actual reduction is nonpositive and predicted reduction is positive
    3 - Actual reduction is nonpositive and predicted reduction is negative (impossible)
    4 - Actual and/or predicted reduction is a NaN
    5 - Subproblem solution did not produce sufficient decrease

  iterCG - Number of Truncated CG iterations

  flagGC - Trust-Region Truncated CG flag
    0 - Residual tolerance met
    1 - Iteration limit exceeded
    2 - Negative curvature detected
    3 - Trust-Region radius exceeded
    4 - Initial right hand side is zero
------------------------------------------------------------------------------------------------------------------
  iter  value          gnorm          snorm          delta          #fval     #grad     tr_flag   iterCG    flagCG    
  45    1.319867e-17   3.520109e-07   1.904511e-10   1.000000e+03   46        45        0         20        1         
  In TrustRegionUtilities::analyzeRatio
    Current objective function value:        1.31987e-17
    New objective function value:            1.26248e-17
    Actual reduction:                        5.73831e-19
    Predicted reduction:                     1.49379e-17
    Safeguard:                               2.22045e-15
    Actual reduction with safeguard:         2.22102e-15
    Predicted reduction with safeguard:      2.23538e-15
    Ratio of actual and predicted reduction: 0.993574
    Trust-region flag:                       0

------------------------------------------------------------------------------------------------------------------
Trust-Region status output definitions

  iter    - Number of iterates (steps taken)
  value   - Objective function value
  gnorm   - Norm of the gradient
  snorm   - Norm of the step (update to optimization vector)
  delta   - Trust-Region radius
  #fval   - Number of times the objective function was evaluated
  #grad   - Number of times the gradient was computed

  tr_flag - Trust-Region flag
    0 - Both actual and predicted reductions are positive (success)
    1 - Actual reduction is positive and predicted reduction is negative (impossible)
    2 - Actual reduction is nonpositive and predicted reduction is positive
    3 - Actual reduction is nonpositive and predicted reduction is negative (impossible)
    4 - Actual and/or predicted reduction is a NaN
    5 - Subproblem solution did not produce sufficient decrease

  iterCG - Number of Truncated CG iterations

  flagGC - Trust-Region Truncated CG flag
    0 - Residual tolerance met
    1 - Iteration limit exceeded
    2 - Negative curvature detected
    3 - Trust-Region radius exceeded
    4 - Initial right hand side is zero
------------------------------------------------------------------------------------------------------------------
  iter  value          gnorm          snorm          delta          #fval     #grad     tr_flag   iterCG    flagCG    
  46    1.262484e-17   3.232934e-07   1.819834e-10   1.000000e+03   47        46        0         20        1         
  In TrustRegionUtilities::analyzeRatio
    Current objective function value:        1.26248e-17
    New objective function value:            1.3434e-17
    Actual reduction:                        -8.09207e-19
    Predicted reduction:                     1.50086e-17
    Safeguard:                               2.22045e-15
    Actual reduction with safeguard:         2.21964e-15
    Predicted reduction with safeguard:      2.23545e-15
    Ratio of actual and predicted reduction: 0.992924
    Trust-region flag:                       0

------------------------------------------------------------------------------------------------------------------
Trust-Region status output definitions

  iter    - Number of iterates (steps taken)
  value   - Objective function value
  gnorm   - Norm of the gradient
  snorm   - Norm of the step (update to optimization vector)
  delta   - Trust-Region radius
  #fval   - Number of times the objective function was evaluated
  #grad   - Number of times the gradient was computed

  tr_flag - Trust-Region flag
    0 - Both actual and predicted reductions are positive (success)
    1 - Actual reduction is positive and predicted reduction is negative (impossible)
    2 - Actual reduction is nonpositive and predicted reduction is positive
    3 - Actual reduction is nonpositive and predicted reduction is negative (impossible)
    4 - Actual and/or predicted reduction is a NaN
    5 - Subproblem solution did not produce sufficient decrease

  iterCG - Number of Truncated CG iterations

  flagGC - Trust-Region Truncated CG flag
    0 - Residual tolerance met
    1 - Iteration limit exceeded
    2 - Negative curvature detected
    3 - Trust-Region radius exceeded
    4 - Initial right hand side is zero
------------------------------------------------------------------------------------------------------------------
  iter  value          gnorm          snorm          delta          #fval     #grad     tr_flag   iterCG    flagCG    
  47    1.343405e-17   3.624956e-07   1.936402e-10   1.000000e+03   48        47        0         20        1         
  In TrustRegionUtilities::analyzeRatio
    Current objective function value:        1.3434e-17
    New objective function value:            1.27338e-17
    Actual reduction:                        7.00243e-19
    Predicted reduction:                     1.74547e-17
    Safeguard:                               2.22045e-15
    Actual reduction with safeguard:         2.22115e-15
    Predicted reduction with safeguard:      2.2379e-15
    Ratio of actual and predicted reduction: 0.992513
    Trust-region flag:                       0

------------------------------------------------------------------------------------------------------------------
Trust-Region status output definitions

  iter    - Number of iterates (steps taken)
  value   - Objective function value
  gnorm   - Norm of the gradient
  snorm   - Norm of the step (update to optimization vector)
  delta   - Trust-Region radius
  #fval   - Number of times the objective function was evaluated
  #grad   - Number of times the gradient was computed

  tr_flag - Trust-Region flag
    0 - Both actual and predicted reductions are positive (success)
    1 - Actual reduction is positive and predicted reduction is negative (impossible)
    2 - Actual reduction is nonpositive and predicted reduction is positive
    3 - Actual reduction is nonpositive and predicted reduction is negative (impossible)
    4 - Actual and/or predicted reduction is a NaN
    5 - Subproblem solution did not produce sufficient decrease

  iterCG - Number of Truncated CG iterations

  flagGC - Trust-Region Truncated CG flag
    0 - Residual tolerance met
    1 - Iteration limit exceeded
    2 - Negative curvature detected
    3 - Trust-Region radius exceeded
    4 - Initial right hand side is zero
------------------------------------------------------------------------------------------------------------------
  iter  value          gnorm          snorm          delta          #fval     #grad     tr_flag   iterCG    flagCG    
  48    1.273380e-17   3.644897e-07   1.941795e-10   1.000000e+03   49        48        0         20        1         
  In TrustRegionUtilities::analyzeRatio
    Current objective function value:        1.27338e-17
    New objective function value:            1.14846e-17
    Actual reduction:                        1.24924e-18
    Predicted reduction:                     1.51133e-17
    Safeguard:                               2.22045e-15
    Actual reduction with safeguard:         2.2217e-15
    Predicted reduction with safeguard:      2.23556e-15
    Ratio of actual and predicted reduction: 0.993798
    Trust-region flag:                       0

------------------------------------------------------------------------------------------------------------------
Trust-Region status output definitions

  iter    - Number of iterates (steps taken)
  value   - Objective function value
  gnorm   - Norm of the gradient
  snorm   - Norm of the step (update to optimization vector)
  delta   - Trust-Region radius
  #fval   - Number of times the objective function was evaluated
  #grad   - Number of times the gradient was computed

  tr_flag - Trust-Region flag
    0 - Both actual and predicted reductions are positive (success)
    1 - Actual reduction is positive and predicted reduction is negative (impossible)
    2 - Actual reduction is nonpositive and predicted reduction is positive
    3 - Actual reduction is nonpositive and predicted reduction is negative (impossible)
    4 - Actual and/or predicted reduction is a NaN
    5 - Subproblem solution did not produce sufficient decrease

  iterCG - Number of Truncated CG iterations

  flagGC - Trust-Region Truncated CG flag
    0 - Residual tolerance met
    1 - Iteration limit exceeded
    2 - Negative curvature detected
    3 - Trust-Region radius exceeded
    4 - Initial right hand side is zero
------------------------------------------------------------------------------------------------------------------
  iter  value          gnorm          snorm          delta          #fval     #grad     tr_flag   iterCG    flagCG    
  49    1.148457e-17   3.252186e-07   1.778337e-10   1.000000e+03   50        49        0         20        1         
  In TrustRegionUtilities::analyzeRatio
    Current objective function value:        1.14846e-17
    New objective function value:            1.14546e-17
    Actual reduction:                        2.99413e-20
    Predicted reduction:                     1.27163e-17
    Safeguard:                               2.22045e-15
    Actual reduction with safeguard:         2.22048e-15
    Predicted reduction with safeguard:      2.23316e-15
    Ratio of actual and predicted reduction: 0.994319
    Trust-region flag:                       0

------------------------------------------------------------------------------------------------------------------
Trust-Region status output definitions

  iter    - Number of iterates (steps taken)
  value   - Objective function value
  gnorm   - Norm of the gradient
  snorm   - Norm of the step (update to optimization vector)
  delta   - Trust-Region radius
  #fval   - Number of times the objective function was evaluated
  #grad   - Number of times the gradient was computed

  tr_flag - Trust-Region flag
    0 - Both actual and predicted reductions are positive (success)
    1 - Actual reduction is positive and predicted reduction is negative (impossible)
    2 - Actual reduction is nonpositive and predicted reduction is positive
    3 - Actual reduction is nonpositive and predicted reduction is negative (impossible)
    4 - Actual and/or predicted reduction is a NaN
    5 - Subproblem solution did not produce sufficient decrease

  iterCG - Number of Truncated CG iterations

  flagGC - Trust-Region Truncated CG flag
    0 - Residual tolerance met
    1 - Iteration limit exceeded
    2 - Negative curvature detected
    3 - Trust-Region radius exceeded
    4 - Initial right hand side is zero
------------------------------------------------------------------------------------------------------------------
  iter  value          gnorm          snorm          delta          #fval     #grad     tr_flag   iterCG    flagCG    
  50    1.145463e-17   3.213454e-07   1.681585e-10   1.000000e+03   51        50        0         20        1         
Optimization Terminated with Status: Iteration Limit Exceeded
exit_code=0
