p=0 | CubeHexMesh: Building sub cells
[MetricOpStats] ParamMass_M  (rows=3032)
  row_sum       min=6.34921e-07  max=0.00126  mean=0.000419736  max/|min|=1984.5
  |row_sum|     min=6.34921e-07  max=0.00126  mean=0.000419736  max/min=1984.5
  diag          min=2.82187e-07  max=0.00056  mean=0.000186549  nonpos=0
  max_abs_entry=0.00056
MrHyDE vector contract check (primal) errors: e[0]=0 e[1]=0 e[2]=0 e[3]=0 e[4]=0 e[5]=0 e[6]=0 e[7]=0 e[8]=0 e[9]=0 e[10]=0 e[11]=0 e[12]=0
MrHyDE vector contract check (dual) errors: e[0]=0 e[1]=4.50016e-16 e[2]=0 e[3]=0 e[4]=0 e[5]=7.90239e-17 e[6]=1.49674e-16 e[7]=0 e[8]=0 e[9]=1.34758e-15 e[10]=0 e[11]=0 e[12]=0
MrHyDE vector contract check: max_primal_err=0 max_dual_err=1.34758e-15 tol=1e-08

Truncated CG Trust-Region Solver
------------------------------------------------------------------------------------------------------------------
Trust-Region status output definitions

  iter    - Number of iterates (steps taken)
  value   - Objective function value
  gnorm   - Norm of the gradient
  snorm   - Norm of the step (update to optimization vector)
  delta   - Trust-Region radius
  #fval   - Number of times the objective function was evaluated
  #grad   - Number of times the gradient was computed

  tr_flag - Trust-Region flag
    0 - Both actual and predicted reductions are positive (success)
    1 - Actual reduction is positive and predicted reduction is negative (impossible)
    2 - Actual reduction is nonpositive and predicted reduction is positive
    3 - Actual reduction is nonpositive and predicted reduction is negative (impossible)
    4 - Actual and/or predicted reduction is a NaN
    5 - Subproblem solution did not produce sufficient decrease

  iterCG - Number of Truncated CG iterations

  flagGC - Trust-Region Truncated CG flag
    0 - Residual tolerance met
    1 - Iteration limit exceeded
    2 - Negative curvature detected
    3 - Trust-Region radius exceeded
    4 - Initial right hand side is zero
------------------------------------------------------------------------------------------------------------------
  iter  value          gnorm          snorm          delta          #fval     #grad     tr_flag   iterCG    flagCG    
  0     1.613692e-11   1.540369e+00   ---            1.000000e+00   1         1         ---       ---       ---       
  In TrustRegionUtilities::analyzeRatio
    Current objective function value:        1.61369e-11
    New objective function value:            5.88047e-16
    Actual reduction:                        1.61363e-11
    Predicted reduction:                     2.37806e-11
    Safeguard:                               2.22045e-15
    Actual reduction with safeguard:         1.61386e-11
    Predicted reduction with safeguard:      2.37829e-11
    Ratio of actual and predicted reduction: 0.678579
    Trust-region flag:                       0

------------------------------------------------------------------------------------------------------------------
Trust-Region status output definitions

  iter    - Number of iterates (steps taken)
  value   - Objective function value
  gnorm   - Norm of the gradient
  snorm   - Norm of the step (update to optimization vector)
  delta   - Trust-Region radius
  #fval   - Number of times the objective function was evaluated
  #grad   - Number of times the gradient was computed

  tr_flag - Trust-Region flag
    0 - Both actual and predicted reductions are positive (success)
    1 - Actual reduction is positive and predicted reduction is negative (impossible)
    2 - Actual reduction is nonpositive and predicted reduction is positive
    3 - Actual reduction is nonpositive and predicted reduction is negative (impossible)
    4 - Actual and/or predicted reduction is a NaN
    5 - Subproblem solution did not produce sufficient decrease

  iterCG - Number of Truncated CG iterations

  flagGC - Trust-Region Truncated CG flag
    0 - Residual tolerance met
    1 - Iteration limit exceeded
    2 - Negative curvature detected
    3 - Trust-Region radius exceeded
    4 - Initial right hand side is zero
------------------------------------------------------------------------------------------------------------------
  iter  value          gnorm          snorm          delta          #fval     #grad     tr_flag   iterCG    flagCG    
  1     5.880465e-16   4.444253e-03   3.487992e-11   1.000000e+00   2         2         0         20        1         
  In TrustRegionUtilities::analyzeRatio
    Current objective function value:        5.88047e-16
    New objective function value:            8.12953e-17
    Actual reduction:                        5.06751e-16
    Predicted reduction:                     7.11541e-16
    Safeguard:                               2.22045e-15
    Actual reduction with safeguard:         2.7272e-15
    Predicted reduction with safeguard:      2.93199e-15
    Ratio of actual and predicted reduction: 0.930153
    Trust-region flag:                       0

------------------------------------------------------------------------------------------------------------------
Trust-Region status output definitions

  iter    - Number of iterates (steps taken)
  value   - Objective function value
  gnorm   - Norm of the gradient
  snorm   - Norm of the step (update to optimization vector)
  delta   - Trust-Region radius
  #fval   - Number of times the objective function was evaluated
  #grad   - Number of times the gradient was computed

  tr_flag - Trust-Region flag
    0 - Both actual and predicted reductions are positive (success)
    1 - Actual reduction is positive and predicted reduction is negative (impossible)
    2 - Actual reduction is nonpositive and predicted reduction is positive
    3 - Actual reduction is nonpositive and predicted reduction is negative (impossible)
    4 - Actual and/or predicted reduction is a NaN
    5 - Subproblem solution did not produce sufficient decrease

  iterCG - Number of Truncated CG iterations

  flagGC - Trust-Region Truncated CG flag
    0 - Residual tolerance met
    1 - Iteration limit exceeded
    2 - Negative curvature detected
    3 - Trust-Region radius exceeded
    4 - Initial right hand side is zero
------------------------------------------------------------------------------------------------------------------
  iter  value          gnorm          snorm          delta          #fval     #grad     tr_flag   iterCG    flagCG    
  2     8.129535e-17   6.589130e-04   8.347574e-13   1.000000e+01   3         3         0         20        1         
  In TrustRegionUtilities::analyzeRatio
    Current objective function value:        8.12953e-17
    New objective function value:            3.17582e-17
    Actual reduction:                        4.95372e-17
    Predicted reduction:                     6.38716e-17
    Safeguard:                               2.22045e-15
    Actual reduction with safeguard:         2.26998e-15
    Predicted reduction with safeguard:      2.28432e-15
    Ratio of actual and predicted reduction: 0.993725
    Trust-region flag:                       0

------------------------------------------------------------------------------------------------------------------
Trust-Region status output definitions

  iter    - Number of iterates (steps taken)
  value   - Objective function value
  gnorm   - Norm of the gradient
  snorm   - Norm of the step (update to optimization vector)
  delta   - Trust-Region radius
  #fval   - Number of times the objective function was evaluated
  #grad   - Number of times the gradient was computed

  tr_flag - Trust-Region flag
    0 - Both actual and predicted reductions are positive (success)
    1 - Actual reduction is positive and predicted reduction is negative (impossible)
    2 - Actual reduction is nonpositive and predicted reduction is positive
    3 - Actual reduction is nonpositive and predicted reduction is negative (impossible)
    4 - Actual and/or predicted reduction is a NaN
    5 - Subproblem solution did not produce sufficient decrease

  iterCG - Number of Truncated CG iterations

  flagGC - Trust-Region Truncated CG flag
    0 - Residual tolerance met
    1 - Iteration limit exceeded
    2 - Negative curvature detected
    3 - Trust-Region radius exceeded
    4 - Initial right hand side is zero
------------------------------------------------------------------------------------------------------------------
  iter  value          gnorm          snorm          delta          #fval     #grad     tr_flag   iterCG    flagCG    
  3     3.175817e-17   5.128305e-04   5.950094e-13   1.000000e+02   4         4         0         20        1         
  In TrustRegionUtilities::analyzeRatio
    Current objective function value:        3.17582e-17
    New objective function value:            2.00871e-17
    Actual reduction:                        1.16711e-17
    Predicted reduction:                     1.52705e-17
    Safeguard:                               2.22045e-15
    Actual reduction with safeguard:         2.23212e-15
    Predicted reduction with safeguard:      2.23572e-15
    Ratio of actual and predicted reduction: 0.99839
    Trust-region flag:                       0

------------------------------------------------------------------------------------------------------------------
Trust-Region status output definitions

  iter    - Number of iterates (steps taken)
  value   - Objective function value
  gnorm   - Norm of the gradient
  snorm   - Norm of the step (update to optimization vector)
  delta   - Trust-Region radius
  #fval   - Number of times the objective function was evaluated
  #grad   - Number of times the gradient was computed

  tr_flag - Trust-Region flag
    0 - Both actual and predicted reductions are positive (success)
    1 - Actual reduction is positive and predicted reduction is negative (impossible)
    2 - Actual reduction is nonpositive and predicted reduction is positive
    3 - Actual reduction is nonpositive and predicted reduction is negative (impossible)
    4 - Actual and/or predicted reduction is a NaN
    5 - Subproblem solution did not produce sufficient decrease

  iterCG - Number of Truncated CG iterations

  flagGC - Trust-Region Truncated CG flag
    0 - Residual tolerance met
    1 - Iteration limit exceeded
    2 - Negative curvature detected
    3 - Trust-Region radius exceeded
    4 - Initial right hand side is zero
------------------------------------------------------------------------------------------------------------------
  iter  value          gnorm          snorm          delta          #fval     #grad     tr_flag   iterCG    flagCG    
  4     2.008711e-17   3.161443e-04   2.385552e-13   1.000000e+03   5         5         0         20        1         
  In TrustRegionUtilities::analyzeRatio
    Current objective function value:        2.00871e-17
    New objective function value:            1.42714e-17
    Actual reduction:                        5.8157e-18
    Predicted reduction:                     7.74747e-18
    Safeguard:                               2.22045e-15
    Actual reduction with safeguard:         2.22626e-15
    Predicted reduction with safeguard:      2.22819e-15
    Ratio of actual and predicted reduction: 0.999133
    Trust-region flag:                       0

------------------------------------------------------------------------------------------------------------------
Trust-Region status output definitions

  iter    - Number of iterates (steps taken)
  value   - Objective function value
  gnorm   - Norm of the gradient
  snorm   - Norm of the step (update to optimization vector)
  delta   - Trust-Region radius
  #fval   - Number of times the objective function was evaluated
  #grad   - Number of times the gradient was computed

  tr_flag - Trust-Region flag
    0 - Both actual and predicted reductions are positive (success)
    1 - Actual reduction is positive and predicted reduction is negative (impossible)
    2 - Actual reduction is nonpositive and predicted reduction is positive
    3 - Actual reduction is nonpositive and predicted reduction is negative (impossible)
    4 - Actual and/or predicted reduction is a NaN
    5 - Subproblem solution did not produce sufficient decrease

  iterCG - Number of Truncated CG iterations

  flagGC - Trust-Region Truncated CG flag
    0 - Residual tolerance met
    1 - Iteration limit exceeded
    2 - Negative curvature detected
    3 - Trust-Region radius exceeded
    4 - Initial right hand side is zero
------------------------------------------------------------------------------------------------------------------
  iter  value          gnorm          snorm          delta          #fval     #grad     tr_flag   iterCG    flagCG    
  5     1.427141e-17   2.505985e-04   1.747645e-13   1.000000e+03   6         6         0         20        1         
  In TrustRegionUtilities::analyzeRatio
    Current objective function value:        1.42714e-17
    New objective function value:            1.05794e-17
    Actual reduction:                        3.69205e-18
    Predicted reduction:                     4.90294e-18
    Safeguard:                               2.22045e-15
    Actual reduction with safeguard:         2.22414e-15
    Predicted reduction with safeguard:      2.22535e-15
    Ratio of actual and predicted reduction: 0.999456
    Trust-region flag:                       0

------------------------------------------------------------------------------------------------------------------
Trust-Region status output definitions

  iter    - Number of iterates (steps taken)
  value   - Objective function value
  gnorm   - Norm of the gradient
  snorm   - Norm of the step (update to optimization vector)
  delta   - Trust-Region radius
  #fval   - Number of times the objective function was evaluated
  #grad   - Number of times the gradient was computed

  tr_flag - Trust-Region flag
    0 - Both actual and predicted reductions are positive (success)
    1 - Actual reduction is positive and predicted reduction is negative (impossible)
    2 - Actual reduction is nonpositive and predicted reduction is positive
    3 - Actual reduction is nonpositive and predicted reduction is negative (impossible)
    4 - Actual and/or predicted reduction is a NaN
    5 - Subproblem solution did not produce sufficient decrease

  iterCG - Number of Truncated CG iterations

  flagGC - Trust-Region Truncated CG flag
    0 - Residual tolerance met
    1 - Iteration limit exceeded
    2 - Negative curvature detected
    3 - Trust-Region radius exceeded
    4 - Initial right hand side is zero
------------------------------------------------------------------------------------------------------------------
  iter  value          gnorm          snorm          delta          #fval     #grad     tr_flag   iterCG    flagCG    
  6     1.057935e-17   3.425552e-04   1.691374e-13   1.000000e+03   7         7         0         20        1         
  In TrustRegionUtilities::analyzeRatio
    Current objective function value:        1.05794e-17
    New objective function value:            8.22939e-18
    Actual reduction:                        2.34996e-18
    Predicted reduction:                     3.16686e-18
    Safeguard:                               2.22045e-15
    Actual reduction with safeguard:         2.2228e-15
    Predicted reduction with safeguard:      2.22361e-15
    Ratio of actual and predicted reduction: 0.999633
    Trust-region flag:                       0

------------------------------------------------------------------------------------------------------------------
Trust-Region status output definitions

  iter    - Number of iterates (steps taken)
  value   - Objective function value
  gnorm   - Norm of the gradient
  snorm   - Norm of the step (update to optimization vector)
  delta   - Trust-Region radius
  #fval   - Number of times the objective function was evaluated
  #grad   - Number of times the gradient was computed

  tr_flag - Trust-Region flag
    0 - Both actual and predicted reductions are positive (success)
    1 - Actual reduction is positive and predicted reduction is negative (impossible)
    2 - Actual reduction is nonpositive and predicted reduction is positive
    3 - Actual reduction is nonpositive and predicted reduction is negative (impossible)
    4 - Actual and/or predicted reduction is a NaN
    5 - Subproblem solution did not produce sufficient decrease

  iterCG - Number of Truncated CG iterations

  flagGC - Trust-Region Truncated CG flag
    0 - Residual tolerance met
    1 - Iteration limit exceeded
    2 - Negative curvature detected
    3 - Trust-Region radius exceeded
    4 - Initial right hand side is zero
------------------------------------------------------------------------------------------------------------------
  iter  value          gnorm          snorm          delta          #fval     #grad     tr_flag   iterCG    flagCG    
  7     8.229389e-18   1.783401e-04   9.785335e-14   1.000000e+03   8         8         0         20        1         
  In TrustRegionUtilities::analyzeRatio
    Current objective function value:        8.22939e-18
    New objective function value:            6.60895e-18
    Actual reduction:                        1.62044e-18
    Predicted reduction:                     2.15424e-18
    Safeguard:                               2.22045e-15
    Actual reduction with safeguard:         2.22207e-15
    Predicted reduction with safeguard:      2.2226e-15
    Ratio of actual and predicted reduction: 0.99976
    Trust-region flag:                       0

------------------------------------------------------------------------------------------------------------------
Trust-Region status output definitions

  iter    - Number of iterates (steps taken)
  value   - Objective function value
  gnorm   - Norm of the gradient
  snorm   - Norm of the step (update to optimization vector)
  delta   - Trust-Region radius
  #fval   - Number of times the objective function was evaluated
  #grad   - Number of times the gradient was computed

  tr_flag - Trust-Region flag
    0 - Both actual and predicted reductions are positive (success)
    1 - Actual reduction is positive and predicted reduction is negative (impossible)
    2 - Actual reduction is nonpositive and predicted reduction is positive
    3 - Actual reduction is nonpositive and predicted reduction is negative (impossible)
    4 - Actual and/or predicted reduction is a NaN
    5 - Subproblem solution did not produce sufficient decrease

  iterCG - Number of Truncated CG iterations

  flagGC - Trust-Region Truncated CG flag
    0 - Residual tolerance met
    1 - Iteration limit exceeded
    2 - Negative curvature detected
    3 - Trust-Region radius exceeded
    4 - Initial right hand side is zero
------------------------------------------------------------------------------------------------------------------
  iter  value          gnorm          snorm          delta          #fval     #grad     tr_flag   iterCG    flagCG    
  8     6.608952e-18   1.578713e-04   1.267849e-13   1.000000e+03   9         9         0         20        1         
  In TrustRegionUtilities::analyzeRatio
    Current objective function value:        6.60895e-18
    New objective function value:            5.47408e-18
    Actual reduction:                        1.13487e-18
    Predicted reduction:                     1.55947e-18
    Safeguard:                               2.22045e-15
    Actual reduction with safeguard:         2.22158e-15
    Predicted reduction with safeguard:      2.22201e-15
    Ratio of actual and predicted reduction: 0.999809
    Trust-region flag:                       0

------------------------------------------------------------------------------------------------------------------
Trust-Region status output definitions

  iter    - Number of iterates (steps taken)
  value   - Objective function value
  gnorm   - Norm of the gradient
  snorm   - Norm of the step (update to optimization vector)
  delta   - Trust-Region radius
  #fval   - Number of times the objective function was evaluated
  #grad   - Number of times the gradient was computed

  tr_flag - Trust-Region flag
    0 - Both actual and predicted reductions are positive (success)
    1 - Actual reduction is positive and predicted reduction is negative (impossible)
    2 - Actual reduction is nonpositive and predicted reduction is positive
    3 - Actual reduction is nonpositive and predicted reduction is negative (impossible)
    4 - Actual and/or predicted reduction is a NaN
    5 - Subproblem solution did not produce sufficient decrease

  iterCG - Number of Truncated CG iterations

  flagGC - Trust-Region Truncated CG flag
    0 - Residual tolerance met
    1 - Iteration limit exceeded
    2 - Negative curvature detected
    3 - Trust-Region radius exceeded
    4 - Initial right hand side is zero
------------------------------------------------------------------------------------------------------------------
  iter  value          gnorm          snorm          delta          #fval     #grad     tr_flag   iterCG    flagCG    
  9     5.474084e-18   9.759445e-05   6.247454e-14   1.000000e+03   10        10        0         20        1         
  In TrustRegionUtilities::analyzeRatio
    Current objective function value:        5.47408e-18
    New objective function value:            4.55354e-18
    Actual reduction:                        9.20547e-19
    Predicted reduction:                     1.24585e-18
    Safeguard:                               2.22045e-15
    Actual reduction with safeguard:         2.22137e-15
    Predicted reduction with safeguard:      2.22169e-15
    Ratio of actual and predicted reduction: 0.999854
    Trust-region flag:                       0

------------------------------------------------------------------------------------------------------------------
Trust-Region status output definitions

  iter    - Number of iterates (steps taken)
  value   - Objective function value
  gnorm   - Norm of the gradient
  snorm   - Norm of the step (update to optimization vector)
  delta   - Trust-Region radius
  #fval   - Number of times the objective function was evaluated
  #grad   - Number of times the gradient was computed

  tr_flag - Trust-Region flag
    0 - Both actual and predicted reductions are positive (success)
    1 - Actual reduction is positive and predicted reduction is negative (impossible)
    2 - Actual reduction is nonpositive and predicted reduction is positive
    3 - Actual reduction is nonpositive and predicted reduction is negative (impossible)
    4 - Actual and/or predicted reduction is a NaN
    5 - Subproblem solution did not produce sufficient decrease

  iterCG - Number of Truncated CG iterations

  flagGC - Trust-Region Truncated CG flag
    0 - Residual tolerance met
    1 - Iteration limit exceeded
    2 - Negative curvature detected
    3 - Trust-Region radius exceeded
    4 - Initial right hand side is zero
------------------------------------------------------------------------------------------------------------------
  iter  value          gnorm          snorm          delta          #fval     #grad     tr_flag   iterCG    flagCG    
  10    4.553537e-18   1.355629e-04   1.133837e-13   1.000000e+03   11        11        0         20        1         
  In TrustRegionUtilities::analyzeRatio
    Current objective function value:        4.55354e-18
    New objective function value:            3.84471e-18
    Actual reduction:                        7.08824e-19
    Predicted reduction:                     9.8464e-19
    Safeguard:                               2.22045e-15
    Actual reduction with safeguard:         2.22115e-15
    Predicted reduction with safeguard:      2.22143e-15
    Ratio of actual and predicted reduction: 0.999876
    Trust-region flag:                       0

------------------------------------------------------------------------------------------------------------------
Trust-Region status output definitions

  iter    - Number of iterates (steps taken)
  value   - Objective function value
  gnorm   - Norm of the gradient
  snorm   - Norm of the step (update to optimization vector)
  delta   - Trust-Region radius
  #fval   - Number of times the objective function was evaluated
  #grad   - Number of times the gradient was computed

  tr_flag - Trust-Region flag
    0 - Both actual and predicted reductions are positive (success)
    1 - Actual reduction is positive and predicted reduction is negative (impossible)
    2 - Actual reduction is nonpositive and predicted reduction is positive
    3 - Actual reduction is nonpositive and predicted reduction is negative (impossible)
    4 - Actual and/or predicted reduction is a NaN
    5 - Subproblem solution did not produce sufficient decrease

  iterCG - Number of Truncated CG iterations

  flagGC - Trust-Region Truncated CG flag
    0 - Residual tolerance met
    1 - Iteration limit exceeded
    2 - Negative curvature detected
    3 - Trust-Region radius exceeded
    4 - Initial right hand side is zero
------------------------------------------------------------------------------------------------------------------
  iter  value          gnorm          snorm          delta          #fval     #grad     tr_flag   iterCG    flagCG    
  11    3.844714e-18   6.904696e-05   4.502642e-14   1.000000e+03   12        12        0         20        1         
  In TrustRegionUtilities::analyzeRatio
    Current objective function value:        3.84471e-18
    New objective function value:            3.24863e-18
    Actual reduction:                        5.96081e-19
    Predicted reduction:                     8.2186e-19
    Safeguard:                               2.22045e-15
    Actual reduction with safeguard:         2.22104e-15
    Predicted reduction with safeguard:      2.22127e-15
    Ratio of actual and predicted reduction: 0.999898
    Trust-region flag:                       0

------------------------------------------------------------------------------------------------------------------
Trust-Region status output definitions

  iter    - Number of iterates (steps taken)
  value   - Objective function value
  gnorm   - Norm of the gradient
  snorm   - Norm of the step (update to optimization vector)
  delta   - Trust-Region radius
  #fval   - Number of times the objective function was evaluated
  #grad   - Number of times the gradient was computed

  tr_flag - Trust-Region flag
    0 - Both actual and predicted reductions are positive (success)
    1 - Actual reduction is positive and predicted reduction is negative (impossible)
    2 - Actual reduction is nonpositive and predicted reduction is positive
    3 - Actual reduction is nonpositive and predicted reduction is negative (impossible)
    4 - Actual and/or predicted reduction is a NaN
    5 - Subproblem solution did not produce sufficient decrease

  iterCG - Number of Truncated CG iterations

  flagGC - Trust-Region Truncated CG flag
    0 - Residual tolerance met
    1 - Iteration limit exceeded
    2 - Negative curvature detected
    3 - Trust-Region radius exceeded
    4 - Initial right hand side is zero
------------------------------------------------------------------------------------------------------------------
  iter  value          gnorm          snorm          delta          #fval     #grad     tr_flag   iterCG    flagCG    
  12    3.248632e-18   1.150448e-04   1.060320e-13   1.000000e+03   13        13        0         20        1         
  In TrustRegionUtilities::analyzeRatio
    Current objective function value:        3.24863e-18
    New objective function value:            2.76574e-18
    Actual reduction:                        4.82892e-19
    Predicted reduction:                     6.77248e-19
    Safeguard:                               2.22045e-15
    Actual reduction with safeguard:         2.22093e-15
    Predicted reduction with safeguard:      2.22112e-15
    Ratio of actual and predicted reduction: 0.999912
    Trust-region flag:                       0

------------------------------------------------------------------------------------------------------------------
Trust-Region status output definitions

  iter    - Number of iterates (steps taken)
  value   - Objective function value
  gnorm   - Norm of the gradient
  snorm   - Norm of the step (update to optimization vector)
  delta   - Trust-Region radius
  #fval   - Number of times the objective function was evaluated
  #grad   - Number of times the gradient was computed

  tr_flag - Trust-Region flag
    0 - Both actual and predicted reductions are positive (success)
    1 - Actual reduction is positive and predicted reduction is negative (impossible)
    2 - Actual reduction is nonpositive and predicted reduction is positive
    3 - Actual reduction is nonpositive and predicted reduction is negative (impossible)
    4 - Actual and/or predicted reduction is a NaN
    5 - Subproblem solution did not produce sufficient decrease

  iterCG - Number of Truncated CG iterations

  flagGC - Trust-Region Truncated CG flag
    0 - Residual tolerance met
    1 - Iteration limit exceeded
    2 - Negative curvature detected
    3 - Trust-Region radius exceeded
    4 - Initial right hand side is zero
------------------------------------------------------------------------------------------------------------------
  iter  value          gnorm          snorm          delta          #fval     #grad     tr_flag   iterCG    flagCG    
  13    2.765740e-18   4.895809e-05   3.436955e-14   1.000000e+03   14        14        0         20        1         
  In TrustRegionUtilities::analyzeRatio
    Current objective function value:        2.76574e-18
    New objective function value:            2.35083e-18
    Actual reduction:                        4.14913e-19
    Predicted reduction:                     5.85055e-19
    Safeguard:                               2.22045e-15
    Actual reduction with safeguard:         2.22086e-15
    Predicted reduction with safeguard:      2.22103e-15
    Ratio of actual and predicted reduction: 0.999923
    Trust-region flag:                       0

------------------------------------------------------------------------------------------------------------------
Trust-Region status output definitions

  iter    - Number of iterates (steps taken)
  value   - Objective function value
  gnorm   - Norm of the gradient
  snorm   - Norm of the step (update to optimization vector)
  delta   - Trust-Region radius
  #fval   - Number of times the objective function was evaluated
  #grad   - Number of times the gradient was computed

  tr_flag - Trust-Region flag
    0 - Both actual and predicted reductions are positive (success)
    1 - Actual reduction is positive and predicted reduction is negative (impossible)
    2 - Actual reduction is nonpositive and predicted reduction is positive
    3 - Actual reduction is nonpositive and predicted reduction is negative (impossible)
    4 - Actual and/or predicted reduction is a NaN
    5 - Subproblem solution did not produce sufficient decrease

  iterCG - Number of Truncated CG iterations

  flagGC - Trust-Region Truncated CG flag
    0 - Residual tolerance met
    1 - Iteration limit exceeded
    2 - Negative curvature detected
    3 - Trust-Region radius exceeded
    4 - Initial right hand side is zero
------------------------------------------------------------------------------------------------------------------
  iter  value          gnorm          snorm          delta          #fval     #grad     tr_flag   iterCG    flagCG    
  14    2.350827e-18   1.075952e-04   1.028627e-13   1.000000e+03   15        15        0         20        1         
  In TrustRegionUtilities::analyzeRatio
    Current objective function value:        2.35083e-18
    New objective function value:            2.00056e-18
    Actual reduction:                        3.50271e-19
    Predicted reduction:                     4.94527e-19
    Safeguard:                               2.22045e-15
    Actual reduction with safeguard:         2.2208e-15
    Predicted reduction with safeguard:      2.22094e-15
    Ratio of actual and predicted reduction: 0.999935
    Trust-region flag:                       0

------------------------------------------------------------------------------------------------------------------
Trust-Region status output definitions

  iter    - Number of iterates (steps taken)
  value   - Objective function value
  gnorm   - Norm of the gradient
  snorm   - Norm of the step (update to optimization vector)
  delta   - Trust-Region radius
  #fval   - Number of times the objective function was evaluated
  #grad   - Number of times the gradient was computed

  tr_flag - Trust-Region flag
    0 - Both actual and predicted reductions are positive (success)
    1 - Actual reduction is positive and predicted reduction is negative (impossible)
    2 - Actual reduction is nonpositive and predicted reduction is positive
    3 - Actual reduction is nonpositive and predicted reduction is negative (impossible)
    4 - Actual and/or predicted reduction is a NaN
    5 - Subproblem solution did not produce sufficient decrease

  iterCG - Number of Truncated CG iterations

  flagGC - Trust-Region Truncated CG flag
    0 - Residual tolerance met
    1 - Iteration limit exceeded
    2 - Negative curvature detected
    3 - Trust-Region radius exceeded
    4 - Initial right hand side is zero
------------------------------------------------------------------------------------------------------------------
  iter  value          gnorm          snorm          delta          #fval     #grad     tr_flag   iterCG    flagCG    
  15    2.000556e-18   3.176367e-05   2.728124e-14   1.000000e+03   16        16        0         20        1         
  In TrustRegionUtilities::analyzeRatio
    Current objective function value:        2.00056e-18
    New objective function value:            1.69355e-18
    Actual reduction:                        3.07007e-19
    Predicted reduction:                     4.47063e-19
    Safeguard:                               2.22045e-15
    Actual reduction with safeguard:         2.22075e-15
    Predicted reduction with safeguard:      2.22089e-15
    Ratio of actual and predicted reduction: 0.999937
    Trust-region flag:                       0

------------------------------------------------------------------------------------------------------------------
Trust-Region status output definitions

  iter    - Number of iterates (steps taken)
  value   - Objective function value
  gnorm   - Norm of the gradient
  snorm   - Norm of the step (update to optimization vector)
  delta   - Trust-Region radius
  #fval   - Number of times the objective function was evaluated
  #grad   - Number of times the gradient was computed

  tr_flag - Trust-Region flag
    0 - Both actual and predicted reductions are positive (success)
    1 - Actual reduction is positive and predicted reduction is negative (impossible)
    2 - Actual reduction is nonpositive and predicted reduction is positive
    3 - Actual reduction is nonpositive and predicted reduction is negative (impossible)
    4 - Actual and/or predicted reduction is a NaN
    5 - Subproblem solution did not produce sufficient decrease

  iterCG - Number of Truncated CG iterations

  flagGC - Trust-Region Truncated CG flag
    0 - Residual tolerance met
    1 - Iteration limit exceeded
    2 - Negative curvature detected
    3 - Trust-Region radius exceeded
    4 - Initial right hand side is zero
------------------------------------------------------------------------------------------------------------------
  iter  value          gnorm          snorm          delta          #fval     #grad     tr_flag   iterCG    flagCG    
  16    1.693549e-18   1.166117e-04   1.049904e-13   1.000000e+03   17        17        0         20        1         
  In TrustRegionUtilities::analyzeRatio
    Current objective function value:        1.69355e-18
    New objective function value:            1.42264e-18
    Actual reduction:                        2.70912e-19
    Predicted reduction:                     3.82387e-19
    Safeguard:                               2.22045e-15
    Actual reduction with safeguard:         2.22072e-15
    Predicted reduction with safeguard:      2.22083e-15
    Ratio of actual and predicted reduction: 0.99995
    Trust-region flag:                       0

------------------------------------------------------------------------------------------------------------------
Trust-Region status output definitions

  iter    - Number of iterates (steps taken)
  value   - Objective function value
  gnorm   - Norm of the gradient
  snorm   - Norm of the step (update to optimization vector)
  delta   - Trust-Region radius
  #fval   - Number of times the objective function was evaluated
  #grad   - Number of times the gradient was computed

  tr_flag - Trust-Region flag
    0 - Both actual and predicted reductions are positive (success)
    1 - Actual reduction is positive and predicted reduction is negative (impossible)
    2 - Actual reduction is nonpositive and predicted reduction is positive
    3 - Actual reduction is nonpositive and predicted reduction is negative (impossible)
    4 - Actual and/or predicted reduction is a NaN
    5 - Subproblem solution did not produce sufficient decrease

  iterCG - Number of Truncated CG iterations

  flagGC - Trust-Region Truncated CG flag
    0 - Residual tolerance met
    1 - Iteration limit exceeded
    2 - Negative curvature detected
    3 - Trust-Region radius exceeded
    4 - Initial right hand side is zero
------------------------------------------------------------------------------------------------------------------
  iter  value          gnorm          snorm          delta          #fval     #grad     tr_flag   iterCG    flagCG    
  17    1.422638e-18   2.003781e-05   2.225022e-14   1.000000e+03   18        18        0         20        1         
  In TrustRegionUtilities::analyzeRatio
    Current objective function value:        1.42264e-18
    New objective function value:            1.21069e-18
    Actual reduction:                        2.11944e-19
    Predicted reduction:                     3.15291e-19
    Safeguard:                               2.22045e-15
    Actual reduction with safeguard:         2.22066e-15
    Predicted reduction with safeguard:      2.22076e-15
    Ratio of actual and predicted reduction: 0.999953
    Trust-region flag:                       0

------------------------------------------------------------------------------------------------------------------
Trust-Region status output definitions

  iter    - Number of iterates (steps taken)
  value   - Objective function value
  gnorm   - Norm of the gradient
  snorm   - Norm of the step (update to optimization vector)
  delta   - Trust-Region radius
  #fval   - Number of times the objective function was evaluated
  #grad   - Number of times the gradient was computed

  tr_flag - Trust-Region flag
    0 - Both actual and predicted reductions are positive (success)
    1 - Actual reduction is positive and predicted reduction is negative (impossible)
    2 - Actual reduction is nonpositive and predicted reduction is positive
    3 - Actual reduction is nonpositive and predicted reduction is negative (impossible)
    4 - Actual and/or predicted reduction is a NaN
    5 - Subproblem solution did not produce sufficient decrease

  iterCG - Number of Truncated CG iterations

  flagGC - Trust-Region Truncated CG flag
    0 - Residual tolerance met
    1 - Iteration limit exceeded
    2 - Negative curvature detected
    3 - Trust-Region radius exceeded
    4 - Initial right hand side is zero
------------------------------------------------------------------------------------------------------------------
  iter  value          gnorm          snorm          delta          #fval     #grad     tr_flag   iterCG    flagCG    
  18    1.210694e-18   8.300451e-05   9.756418e-14   1.000000e+03   19        19        0         20        1         
  In TrustRegionUtilities::analyzeRatio
    Current objective function value:        1.21069e-18
    New objective function value:            1.01629e-18
    Actual reduction:                        1.94399e-19
    Predicted reduction:                     2.76692e-19
    Safeguard:                               2.22045e-15
    Actual reduction with safeguard:         2.22064e-15
    Predicted reduction with safeguard:      2.22072e-15
    Ratio of actual and predicted reduction: 0.999963
    Trust-region flag:                       0

------------------------------------------------------------------------------------------------------------------
Trust-Region status output definitions

  iter    - Number of iterates (steps taken)
  value   - Objective function value
  gnorm   - Norm of the gradient
  snorm   - Norm of the step (update to optimization vector)
  delta   - Trust-Region radius
  #fval   - Number of times the objective function was evaluated
  #grad   - Number of times the gradient was computed

  tr_flag - Trust-Region flag
    0 - Both actual and predicted reductions are positive (success)
    1 - Actual reduction is positive and predicted reduction is negative (impossible)
    2 - Actual reduction is nonpositive and predicted reduction is positive
    3 - Actual reduction is nonpositive and predicted reduction is negative (impossible)
    4 - Actual and/or predicted reduction is a NaN
    5 - Subproblem solution did not produce sufficient decrease

  iterCG - Number of Truncated CG iterations

  flagGC - Trust-Region Truncated CG flag
    0 - Residual tolerance met
    1 - Iteration limit exceeded
    2 - Negative curvature detected
    3 - Trust-Region radius exceeded
    4 - Initial right hand side is zero
------------------------------------------------------------------------------------------------------------------
  iter  value          gnorm          snorm          delta          #fval     #grad     tr_flag   iterCG    flagCG    
  19    1.016294e-18   1.502865e-05   1.861313e-14   1.000000e+03   20        20        0         20        1         
  In TrustRegionUtilities::analyzeRatio
    Current objective function value:        1.01629e-18
    New objective function value:            8.64358e-19
    Actual reduction:                        1.51937e-19
    Predicted reduction:                     2.32346e-19
    Safeguard:                               2.22045e-15
    Actual reduction with safeguard:         2.2206e-15
    Predicted reduction with safeguard:      2.22068e-15
    Ratio of actual and predicted reduction: 0.999964
    Trust-region flag:                       0

------------------------------------------------------------------------------------------------------------------
Trust-Region status output definitions

  iter    - Number of iterates (steps taken)
  value   - Objective function value
  gnorm   - Norm of the gradient
  snorm   - Norm of the step (update to optimization vector)
  delta   - Trust-Region radius
  #fval   - Number of times the objective function was evaluated
  #grad   - Number of times the gradient was computed

  tr_flag - Trust-Region flag
    0 - Both actual and predicted reductions are positive (success)
    1 - Actual reduction is positive and predicted reduction is negative (impossible)
    2 - Actual reduction is nonpositive and predicted reduction is positive
    3 - Actual reduction is nonpositive and predicted reduction is negative (impossible)
    4 - Actual and/or predicted reduction is a NaN
    5 - Subproblem solution did not produce sufficient decrease

  iterCG - Number of Truncated CG iterations

  flagGC - Trust-Region Truncated CG flag
    0 - Residual tolerance met
    1 - Iteration limit exceeded
    2 - Negative curvature detected
    3 - Trust-Region radius exceeded
    4 - Initial right hand side is zero
------------------------------------------------------------------------------------------------------------------
  iter  value          gnorm          snorm          delta          #fval     #grad     tr_flag   iterCG    flagCG    
  20    8.643576e-19   7.253976e-05   9.296218e-14   1.000000e+03   21        21        0         20        1         
  In TrustRegionUtilities::analyzeRatio
    Current objective function value:        8.64358e-19
    New objective function value:            7.19488e-19
    Actual reduction:                        1.4487e-19
    Predicted reduction:                     2.06351e-19
    Safeguard:                               2.22045e-15
    Actual reduction with safeguard:         2.22059e-15
    Predicted reduction with safeguard:      2.22065e-15
    Ratio of actual and predicted reduction: 0.999972
    Trust-region flag:                       0

------------------------------------------------------------------------------------------------------------------
Trust-Region status output definitions

  iter    - Number of iterates (steps taken)
  value   - Objective function value
  gnorm   - Norm of the gradient
  snorm   - Norm of the step (update to optimization vector)
  delta   - Trust-Region radius
  #fval   - Number of times the objective function was evaluated
  #grad   - Number of times the gradient was computed

  tr_flag - Trust-Region flag
    0 - Both actual and predicted reductions are positive (success)
    1 - Actual reduction is positive and predicted reduction is negative (impossible)
    2 - Actual reduction is nonpositive and predicted reduction is positive
    3 - Actual reduction is nonpositive and predicted reduction is negative (impossible)
    4 - Actual and/or predicted reduction is a NaN
    5 - Subproblem solution did not produce sufficient decrease

  iterCG - Number of Truncated CG iterations

  flagGC - Trust-Region Truncated CG flag
    0 - Residual tolerance met
    1 - Iteration limit exceeded
    2 - Negative curvature detected
    3 - Trust-Region radius exceeded
    4 - Initial right hand side is zero
------------------------------------------------------------------------------------------------------------------
  iter  value          gnorm          snorm          delta          #fval     #grad     tr_flag   iterCG    flagCG    
  21    7.194876e-19   1.219636e-05   1.568383e-14   1.000000e+03   22        22        0         20        1         
  In TrustRegionUtilities::analyzeRatio
    Current objective function value:        7.19488e-19
    New objective function value:            6.10948e-19
    Actual reduction:                        1.0854e-19
    Predicted reduction:                     1.70362e-19
    Safeguard:                               2.22045e-15
    Actual reduction with safeguard:         2.22055e-15
    Predicted reduction with safeguard:      2.22062e-15
    Ratio of actual and predicted reduction: 0.999972
    Trust-region flag:                       0

------------------------------------------------------------------------------------------------------------------
Trust-Region status output definitions

  iter    - Number of iterates (steps taken)
  value   - Objective function value
  gnorm   - Norm of the gradient
  snorm   - Norm of the step (update to optimization vector)
  delta   - Trust-Region radius
  #fval   - Number of times the objective function was evaluated
  #grad   - Number of times the gradient was computed

  tr_flag - Trust-Region flag
    0 - Both actual and predicted reductions are positive (success)
    1 - Actual reduction is positive and predicted reduction is negative (impossible)
    2 - Actual reduction is nonpositive and predicted reduction is positive
    3 - Actual reduction is nonpositive and predicted reduction is negative (impossible)
    4 - Actual and/or predicted reduction is a NaN
    5 - Subproblem solution did not produce sufficient decrease

  iterCG - Number of Truncated CG iterations

  flagGC - Trust-Region Truncated CG flag
    0 - Residual tolerance met
    1 - Iteration limit exceeded
    2 - Negative curvature detected
    3 - Trust-Region radius exceeded
    4 - Initial right hand side is zero
------------------------------------------------------------------------------------------------------------------
  iter  value          gnorm          snorm          delta          #fval     #grad     tr_flag   iterCG    flagCG    
  22    6.109477e-19   6.279759e-05   8.755878e-14   1.000000e+03   23        23        0         20        1         
  In TrustRegionUtilities::analyzeRatio
    Current objective function value:        6.10948e-19
    New objective function value:            5.03942e-19
    Actual reduction:                        1.07006e-19
    Predicted reduction:                     1.52336e-19
    Safeguard:                               2.22045e-15
    Actual reduction with safeguard:         2.22055e-15
    Predicted reduction with safeguard:      2.2206e-15
    Ratio of actual and predicted reduction: 0.99998
    Trust-region flag:                       0

------------------------------------------------------------------------------------------------------------------
Trust-Region status output definitions

  iter    - Number of iterates (steps taken)
  value   - Objective function value
  gnorm   - Norm of the gradient
  snorm   - Norm of the step (update to optimization vector)
  delta   - Trust-Region radius
  #fval   - Number of times the objective function was evaluated
  #grad   - Number of times the gradient was computed

  tr_flag - Trust-Region flag
    0 - Both actual and predicted reductions are positive (success)
    1 - Actual reduction is positive and predicted reduction is negative (impossible)
    2 - Actual reduction is nonpositive and predicted reduction is positive
    3 - Actual reduction is nonpositive and predicted reduction is negative (impossible)
    4 - Actual and/or predicted reduction is a NaN
    5 - Subproblem solution did not produce sufficient decrease

  iterCG - Number of Truncated CG iterations

  flagGC - Trust-Region Truncated CG flag
    0 - Residual tolerance met
    1 - Iteration limit exceeded
    2 - Negative curvature detected
    3 - Trust-Region radius exceeded
    4 - Initial right hand side is zero
------------------------------------------------------------------------------------------------------------------
  iter  value          gnorm          snorm          delta          #fval     #grad     tr_flag   iterCG    flagCG    
  23    5.039417e-19   8.169510e-06   1.318162e-14   1.000000e+03   24        24        0         20        1         
  In TrustRegionUtilities::analyzeRatio
    Current objective function value:        5.03942e-19
    New objective function value:            4.26839e-19
    Actual reduction:                        7.71029e-20
    Predicted reduction:                     1.24608e-19
    Safeguard:                               2.22045e-15
    Actual reduction with safeguard:         2.22052e-15
    Predicted reduction with safeguard:      2.22057e-15
    Ratio of actual and predicted reduction: 0.999979
    Trust-region flag:                       0

------------------------------------------------------------------------------------------------------------------
Trust-Region status output definitions

  iter    - Number of iterates (steps taken)
  value   - Objective function value
  gnorm   - Norm of the gradient
  snorm   - Norm of the step (update to optimization vector)
  delta   - Trust-Region radius
  #fval   - Number of times the objective function was evaluated
  #grad   - Number of times the gradient was computed

  tr_flag - Trust-Region flag
    0 - Both actual and predicted reductions are positive (success)
    1 - Actual reduction is positive and predicted reduction is negative (impossible)
    2 - Actual reduction is nonpositive and predicted reduction is positive
    3 - Actual reduction is nonpositive and predicted reduction is negative (impossible)
    4 - Actual and/or predicted reduction is a NaN
    5 - Subproblem solution did not produce sufficient decrease

  iterCG - Number of Truncated CG iterations

  flagGC - Trust-Region Truncated CG flag
    0 - Residual tolerance met
    1 - Iteration limit exceeded
    2 - Negative curvature detected
    3 - Trust-Region radius exceeded
    4 - Initial right hand side is zero
------------------------------------------------------------------------------------------------------------------
  iter  value          gnorm          snorm          delta          #fval     #grad     tr_flag   iterCG    flagCG    
  24    4.268388e-19   5.742318e-05   8.203863e-14   1.000000e+03   25        25        0         20        1         
  In TrustRegionUtilities::analyzeRatio
    Current objective function value:        4.26839e-19
    New objective function value:            3.47725e-19
    Actual reduction:                        7.91137e-20
    Predicted reduction:                     1.12316e-19
    Safeguard:                               2.22045e-15
    Actual reduction with safeguard:         2.22053e-15
    Predicted reduction with safeguard:      2.22056e-15
    Ratio of actual and predicted reduction: 0.999985
    Trust-region flag:                       0

------------------------------------------------------------------------------------------------------------------
Trust-Region status output definitions

  iter    - Number of iterates (steps taken)
  value   - Objective function value
  gnorm   - Norm of the gradient
  snorm   - Norm of the step (update to optimization vector)
  delta   - Trust-Region radius
  #fval   - Number of times the objective function was evaluated
  #grad   - Number of times the gradient was computed

  tr_flag - Trust-Region flag
    0 - Both actual and predicted reductions are positive (success)
    1 - Actual reduction is positive and predicted reduction is negative (impossible)
    2 - Actual reduction is nonpositive and predicted reduction is positive
    3 - Actual reduction is nonpositive and predicted reduction is negative (impossible)
    4 - Actual and/or predicted reduction is a NaN
    5 - Subproblem solution did not produce sufficient decrease

  iterCG - Number of Truncated CG iterations

  flagGC - Trust-Region Truncated CG flag
    0 - Residual tolerance met
    1 - Iteration limit exceeded
    2 - Negative curvature detected
    3 - Trust-Region radius exceeded
    4 - Initial right hand side is zero
------------------------------------------------------------------------------------------------------------------
  iter  value          gnorm          snorm          delta          #fval     #grad     tr_flag   iterCG    flagCG    
  25    3.477251e-19   9.423986e-06   1.102939e-14   1.000000e+03   26        26        0         20        1         
  In TrustRegionUtilities::analyzeRatio
    Current objective function value:        3.47725e-19
    New objective function value:            2.95325e-19
    Actual reduction:                        5.24003e-20
    Predicted reduction:                     8.55465e-20
    Safeguard:                               2.22045e-15
    Actual reduction with safeguard:         2.2205e-15
    Predicted reduction with safeguard:      2.22053e-15
    Ratio of actual and predicted reduction: 0.999985
    Trust-region flag:                       0

------------------------------------------------------------------------------------------------------------------
Trust-Region status output definitions

  iter    - Number of iterates (steps taken)
  value   - Objective function value
  gnorm   - Norm of the gradient
  snorm   - Norm of the step (update to optimization vector)
  delta   - Trust-Region radius
  #fval   - Number of times the objective function was evaluated
  #grad   - Number of times the gradient was computed

  tr_flag - Trust-Region flag
    0 - Both actual and predicted reductions are positive (success)
    1 - Actual reduction is positive and predicted reduction is negative (impossible)
    2 - Actual reduction is nonpositive and predicted reduction is positive
    3 - Actual reduction is nonpositive and predicted reduction is negative (impossible)
    4 - Actual and/or predicted reduction is a NaN
    5 - Subproblem solution did not produce sufficient decrease

  iterCG - Number of Truncated CG iterations

  flagGC - Trust-Region Truncated CG flag
    0 - Residual tolerance met
    1 - Iteration limit exceeded
    2 - Negative curvature detected
    3 - Trust-Region radius exceeded
    4 - Initial right hand side is zero
------------------------------------------------------------------------------------------------------------------
  iter  value          gnorm          snorm          delta          #fval     #grad     tr_flag   iterCG    flagCG    
  26    2.953247e-19   4.176959e-05   7.188943e-14   1.000000e+03   27        27        0         20        1         
  In TrustRegionUtilities::analyzeRatio
    Current objective function value:        2.95325e-19
    New objective function value:            2.40983e-19
    Actual reduction:                        5.43417e-20
    Predicted reduction:                     7.74234e-20
    Safeguard:                               2.22045e-15
    Actual reduction with safeguard:         2.2205e-15
    Predicted reduction with safeguard:      2.22052e-15
    Ratio of actual and predicted reduction: 0.99999
    Trust-region flag:                       0

------------------------------------------------------------------------------------------------------------------
Trust-Region status output definitions

  iter    - Number of iterates (steps taken)
  value   - Objective function value
  gnorm   - Norm of the gradient
  snorm   - Norm of the step (update to optimization vector)
  delta   - Trust-Region radius
  #fval   - Number of times the objective function was evaluated
  #grad   - Number of times the gradient was computed

  tr_flag - Trust-Region flag
    0 - Both actual and predicted reductions are positive (success)
    1 - Actual reduction is positive and predicted reduction is negative (impossible)
    2 - Actual reduction is nonpositive and predicted reduction is positive
    3 - Actual reduction is nonpositive and predicted reduction is negative (impossible)
    4 - Actual and/or predicted reduction is a NaN
    5 - Subproblem solution did not produce sufficient decrease

  iterCG - Number of Truncated CG iterations

  flagGC - Trust-Region Truncated CG flag
    0 - Residual tolerance met
    1 - Iteration limit exceeded
    2 - Negative curvature detected
    3 - Trust-Region radius exceeded
    4 - Initial right hand side is zero
------------------------------------------------------------------------------------------------------------------
  iter  value          gnorm          snorm          delta          #fval     #grad     tr_flag   iterCG    flagCG    
  27    2.409831e-19   6.712730e-06   9.254664e-15   1.000000e+03   28        28        0         20        1         
  In TrustRegionUtilities::analyzeRatio
    Current objective function value:        2.40983e-19
    New objective function value:            2.06968e-19
    Actual reduction:                        3.40155e-20
    Predicted reduction:                     5.56801e-20
    Safeguard:                               2.22045e-15
    Actual reduction with safeguard:         2.22048e-15
    Predicted reduction with safeguard:      2.2205e-15
    Ratio of actual and predicted reduction: 0.99999
    Trust-region flag:                       0

------------------------------------------------------------------------------------------------------------------
Trust-Region status output definitions

  iter    - Number of iterates (steps taken)
  value   - Objective function value
  gnorm   - Norm of the gradient
  snorm   - Norm of the step (update to optimization vector)
  delta   - Trust-Region radius
  #fval   - Number of times the objective function was evaluated
  #grad   - Number of times the gradient was computed

  tr_flag - Trust-Region flag
    0 - Both actual and predicted reductions are positive (success)
    1 - Actual reduction is positive and predicted reduction is negative (impossible)
    2 - Actual reduction is nonpositive and predicted reduction is positive
    3 - Actual reduction is nonpositive and predicted reduction is negative (impossible)
    4 - Actual and/or predicted reduction is a NaN
    5 - Subproblem solution did not produce sufficient decrease

  iterCG - Number of Truncated CG iterations

  flagGC - Trust-Region Truncated CG flag
    0 - Residual tolerance met
    1 - Iteration limit exceeded
    2 - Negative curvature detected
    3 - Trust-Region radius exceeded
    4 - Initial right hand side is zero
------------------------------------------------------------------------------------------------------------------
  iter  value          gnorm          snorm          delta          #fval     #grad     tr_flag   iterCG    flagCG    
  28    2.069676e-19   2.933185e-05   5.909302e-14   1.000000e+03   29        29        0         20        1         
  In TrustRegionUtilities::analyzeRatio
    Current objective function value:        2.06968e-19
    New objective function value:            1.71301e-19
    Actual reduction:                        3.5667e-20
    Predicted reduction:                     5.08069e-20
    Safeguard:                               2.22045e-15
    Actual reduction with safeguard:         2.22048e-15
    Predicted reduction with safeguard:      2.2205e-15
    Ratio of actual and predicted reduction: 0.999993
    Trust-region flag:                       0

------------------------------------------------------------------------------------------------------------------
Trust-Region status output definitions

  iter    - Number of iterates (steps taken)
  value   - Objective function value
  gnorm   - Norm of the gradient
  snorm   - Norm of the step (update to optimization vector)
  delta   - Trust-Region radius
  #fval   - Number of times the objective function was evaluated
  #grad   - Number of times the gradient was computed

  tr_flag - Trust-Region flag
    0 - Both actual and predicted reductions are positive (success)
    1 - Actual reduction is positive and predicted reduction is negative (impossible)
    2 - Actual reduction is nonpositive and predicted reduction is positive
    3 - Actual reduction is nonpositive and predicted reduction is negative (impossible)
    4 - Actual and/or predicted reduction is a NaN
    5 - Subproblem solution did not produce sufficient decrease

  iterCG - Number of Truncated CG iterations

  flagGC - Trust-Region Truncated CG flag
    0 - Residual tolerance met
    1 - Iteration limit exceeded
    2 - Negative curvature detected
    3 - Trust-Region radius exceeded
    4 - Initial right hand side is zero
------------------------------------------------------------------------------------------------------------------
  iter  value          gnorm          snorm          delta          #fval     #grad     tr_flag   iterCG    flagCG    
  29    1.713006e-19   4.920665e-06   7.621086e-15   1.000000e+03   30        30        0         20        1         
  In TrustRegionUtilities::analyzeRatio
    Current objective function value:        1.71301e-19
    New objective function value:            1.4954e-19
    Actual reduction:                        2.17605e-20
    Predicted reduction:                     3.48619e-20
    Safeguard:                               2.22045e-15
    Actual reduction with safeguard:         2.22047e-15
    Predicted reduction with safeguard:      2.22048e-15
    Ratio of actual and predicted reduction: 0.999994
    Trust-region flag:                       0

------------------------------------------------------------------------------------------------------------------
Trust-Region status output definitions

  iter    - Number of iterates (steps taken)
  value   - Objective function value
  gnorm   - Norm of the gradient
  snorm   - Norm of the step (update to optimization vector)
  delta   - Trust-Region radius
  #fval   - Number of times the objective function was evaluated
  #grad   - Number of times the gradient was computed

  tr_flag - Trust-Region flag
    0 - Both actual and predicted reductions are positive (success)
    1 - Actual reduction is positive and predicted reduction is negative (impossible)
    2 - Actual reduction is nonpositive and predicted reduction is positive
    3 - Actual reduction is nonpositive and predicted reduction is negative (impossible)
    4 - Actual and/or predicted reduction is a NaN
    5 - Subproblem solution did not produce sufficient decrease

  iterCG - Number of Truncated CG iterations

  flagGC - Trust-Region Truncated CG flag
    0 - Residual tolerance met
    1 - Iteration limit exceeded
    2 - Negative curvature detected
    3 - Trust-Region radius exceeded
    4 - Initial right hand side is zero
------------------------------------------------------------------------------------------------------------------
  iter  value          gnorm          snorm          delta          #fval     #grad     tr_flag   iterCG    flagCG    
  30    1.495401e-19   2.478857e-05   4.545691e-14   1.000000e+03   31        31        0         20        1         
  In TrustRegionUtilities::analyzeRatio
    Current objective function value:        1.4954e-19
    New objective function value:            1.27437e-19
    Actual reduction:                        2.21035e-20
    Predicted reduction:                     3.22541e-20
    Safeguard:                               2.22045e-15
    Actual reduction with safeguard:         2.22047e-15
    Predicted reduction with safeguard:      2.22048e-15
    Ratio of actual and predicted reduction: 0.999995
    Trust-region flag:                       0

------------------------------------------------------------------------------------------------------------------
Trust-Region status output definitions

  iter    - Number of iterates (steps taken)
  value   - Objective function value
  gnorm   - Norm of the gradient
  snorm   - Norm of the step (update to optimization vector)
  delta   - Trust-Region radius
  #fval   - Number of times the objective function was evaluated
  #grad   - Number of times the gradient was computed

  tr_flag - Trust-Region flag
    0 - Both actual and predicted reductions are positive (success)
    1 - Actual reduction is positive and predicted reduction is negative (impossible)
    2 - Actual reduction is nonpositive and predicted reduction is positive
    3 - Actual reduction is nonpositive and predicted reduction is negative (impossible)
    4 - Actual and/or predicted reduction is a NaN
    5 - Subproblem solution did not produce sufficient decrease

  iterCG - Number of Truncated CG iterations

  flagGC - Trust-Region Truncated CG flag
    0 - Residual tolerance met
    1 - Iteration limit exceeded
    2 - Negative curvature detected
    3 - Trust-Region radius exceeded
    4 - Initial right hand side is zero
------------------------------------------------------------------------------------------------------------------
  iter  value          gnorm          snorm          delta          #fval     #grad     tr_flag   iterCG    flagCG    
  31    1.274366e-19   9.242403e-06   6.391207e-15   1.000000e+03   32        32        0         20        1         
  In TrustRegionUtilities::analyzeRatio
    Current objective function value:        1.27437e-19
    New objective function value:            1.19979e-19
    Actual reduction:                        7.45774e-21
    Predicted reduction:                     1.22094e-20
    Safeguard:                               2.22045e-15
    Actual reduction with safeguard:         2.22045e-15
    Predicted reduction with safeguard:      2.22046e-15
    Ratio of actual and predicted reduction: 0.999998
    Trust-region flag:                       0

------------------------------------------------------------------------------------------------------------------
Trust-Region status output definitions

  iter    - Number of iterates (steps taken)
  value   - Objective function value
  gnorm   - Norm of the gradient
  snorm   - Norm of the step (update to optimization vector)
  delta   - Trust-Region radius
  #fval   - Number of times the objective function was evaluated
  #grad   - Number of times the gradient was computed

  tr_flag - Trust-Region flag
    0 - Both actual and predicted reductions are positive (success)
    1 - Actual reduction is positive and predicted reduction is negative (impossible)
    2 - Actual reduction is nonpositive and predicted reduction is positive
    3 - Actual reduction is nonpositive and predicted reduction is negative (impossible)
    4 - Actual and/or predicted reduction is a NaN
    5 - Subproblem solution did not produce sufficient decrease

  iterCG - Number of Truncated CG iterations

  flagGC - Trust-Region Truncated CG flag
    0 - Residual tolerance met
    1 - Iteration limit exceeded
    2 - Negative curvature detected
    3 - Trust-Region radius exceeded
    4 - Initial right hand side is zero
------------------------------------------------------------------------------------------------------------------
  iter  value          gnorm          snorm          delta          #fval     #grad     tr_flag   iterCG    flagCG    
  32    1.199789e-19   1.115396e-05   1.726895e-14   1.000000e+03   33        33        0         20        1         
  In TrustRegionUtilities::analyzeRatio
    Current objective function value:        1.19979e-19
    New objective function value:            1.11727e-19
    Actual reduction:                        8.2516e-21
    Predicted reduction:                     1.12672e-20
    Safeguard:                               2.22045e-15
    Actual reduction with safeguard:         2.22045e-15
    Predicted reduction with safeguard:      2.22046e-15
    Ratio of actual and predicted reduction: 0.999999
    Trust-region flag:                       0

------------------------------------------------------------------------------------------------------------------
Trust-Region status output definitions

  iter    - Number of iterates (steps taken)
  value   - Objective function value
  gnorm   - Norm of the gradient
  snorm   - Norm of the step (update to optimization vector)
  delta   - Trust-Region radius
  #fval   - Number of times the objective function was evaluated
  #grad   - Number of times the gradient was computed

  tr_flag - Trust-Region flag
    0 - Both actual and predicted reductions are positive (success)
    1 - Actual reduction is positive and predicted reduction is negative (impossible)
    2 - Actual reduction is nonpositive and predicted reduction is positive
    3 - Actual reduction is nonpositive and predicted reduction is negative (impossible)
    4 - Actual and/or predicted reduction is a NaN
    5 - Subproblem solution did not produce sufficient decrease

  iterCG - Number of Truncated CG iterations

  flagGC - Trust-Region Truncated CG flag
    0 - Residual tolerance met
    1 - Iteration limit exceeded
    2 - Negative curvature detected
    3 - Trust-Region radius exceeded
    4 - Initial right hand side is zero
------------------------------------------------------------------------------------------------------------------
  iter  value          gnorm          snorm          delta          #fval     #grad     tr_flag   iterCG    flagCG    
  33    1.117273e-19   9.171548e-06   5.101264e-15   1.000000e+03   34        34        0         20        1         
  In TrustRegionUtilities::analyzeRatio
    Current objective function value:        1.11727e-19
    New objective function value:            1.07012e-19
    Actual reduction:                        4.71507e-21
    Predicted reduction:                     7.1172e-21
    Safeguard:                               2.22045e-15
    Actual reduction with safeguard:         2.22045e-15
    Predicted reduction with safeguard:      2.22045e-15
    Ratio of actual and predicted reduction: 0.999999
    Trust-region flag:                       0

------------------------------------------------------------------------------------------------------------------
Trust-Region status output definitions

  iter    - Number of iterates (steps taken)
  value   - Objective function value
  gnorm   - Norm of the gradient
  snorm   - Norm of the step (update to optimization vector)
  delta   - Trust-Region radius
  #fval   - Number of times the objective function was evaluated
  #grad   - Number of times the gradient was computed

  tr_flag - Trust-Region flag
    0 - Both actual and predicted reductions are positive (success)
    1 - Actual reduction is positive and predicted reduction is negative (impossible)
    2 - Actual reduction is nonpositive and predicted reduction is positive
    3 - Actual reduction is nonpositive and predicted reduction is negative (impossible)
    4 - Actual and/or predicted reduction is a NaN
    5 - Subproblem solution did not produce sufficient decrease

  iterCG - Number of Truncated CG iterations

  flagGC - Trust-Region Truncated CG flag
    0 - Residual tolerance met
    1 - Iteration limit exceeded
    2 - Negative curvature detected
    3 - Trust-Region radius exceeded
    4 - Initial right hand side is zero
------------------------------------------------------------------------------------------------------------------
  iter  value          gnorm          snorm          delta          #fval     #grad     tr_flag   iterCG    flagCG    
  34    1.070122e-19   8.864677e-06   9.782532e-15   1.000000e+03   35        35        0         20        1         
  In TrustRegionUtilities::analyzeRatio
    Current objective function value:        1.07012e-19
    New objective function value:            1.02276e-19
    Actual reduction:                        4.7364e-21
    Predicted reduction:                     6.90505e-21
    Safeguard:                               2.22045e-15
    Actual reduction with safeguard:         2.22045e-15
    Predicted reduction with safeguard:      2.22045e-15
    Ratio of actual and predicted reduction: 0.999999
    Trust-region flag:                       0

------------------------------------------------------------------------------------------------------------------
Trust-Region status output definitions

  iter    - Number of iterates (steps taken)
  value   - Objective function value
  gnorm   - Norm of the gradient
  snorm   - Norm of the step (update to optimization vector)
  delta   - Trust-Region radius
  #fval   - Number of times the objective function was evaluated
  #grad   - Number of times the gradient was computed

  tr_flag - Trust-Region flag
    0 - Both actual and predicted reductions are positive (success)
    1 - Actual reduction is positive and predicted reduction is negative (impossible)
    2 - Actual reduction is nonpositive and predicted reduction is positive
    3 - Actual reduction is nonpositive and predicted reduction is negative (impossible)
    4 - Actual and/or predicted reduction is a NaN
    5 - Subproblem solution did not produce sufficient decrease

  iterCG - Number of Truncated CG iterations

  flagGC - Trust-Region Truncated CG flag
    0 - Residual tolerance met
    1 - Iteration limit exceeded
    2 - Negative curvature detected
    3 - Trust-Region radius exceeded
    4 - Initial right hand side is zero
------------------------------------------------------------------------------------------------------------------
  iter  value          gnorm          snorm          delta          #fval     #grad     tr_flag   iterCG    flagCG    
  35    1.022758e-19   8.636911e-06   3.886741e-15   1.000000e+03   36        36        0         20        1         
  In TrustRegionUtilities::analyzeRatio
    Current objective function value:        1.02276e-19
    New objective function value:            9.77322e-20
    Actual reduction:                        4.54364e-21
    Predicted reduction:                     6.91324e-21
    Safeguard:                               2.22045e-15
    Actual reduction with safeguard:         2.22045e-15
    Predicted reduction with safeguard:      2.22045e-15
    Ratio of actual and predicted reduction: 0.999999
    Trust-region flag:                       0

------------------------------------------------------------------------------------------------------------------
Trust-Region status output definitions

  iter    - Number of iterates (steps taken)
  value   - Objective function value
  gnorm   - Norm of the gradient
  snorm   - Norm of the step (update to optimization vector)
  delta   - Trust-Region radius
  #fval   - Number of times the objective function was evaluated
  #grad   - Number of times the gradient was computed

  tr_flag - Trust-Region flag
    0 - Both actual and predicted reductions are positive (success)
    1 - Actual reduction is positive and predicted reduction is negative (impossible)
    2 - Actual reduction is nonpositive and predicted reduction is positive
    3 - Actual reduction is nonpositive and predicted reduction is negative (impossible)
    4 - Actual and/or predicted reduction is a NaN
    5 - Subproblem solution did not produce sufficient decrease

  iterCG - Number of Truncated CG iterations

  flagGC - Trust-Region Truncated CG flag
    0 - Residual tolerance met
    1 - Iteration limit exceeded
    2 - Negative curvature detected
    3 - Trust-Region radius exceeded
    4 - Initial right hand side is zero
------------------------------------------------------------------------------------------------------------------
  iter  value          gnorm          snorm          delta          #fval     #grad     tr_flag   iterCG    flagCG    
  36    9.773216e-20   8.566541e-06   1.035712e-14   1.000000e+03   37        37        0         20        1         
  In TrustRegionUtilities::analyzeRatio
    Current objective function value:        9.77322e-20
    New objective function value:            9.3023e-20
    Actual reduction:                        4.70915e-21
    Predicted reduction:                     6.86367e-21
    Safeguard:                               2.22045e-15
    Actual reduction with safeguard:         2.22045e-15
    Predicted reduction with safeguard:      2.22045e-15
    Ratio of actual and predicted reduction: 0.999999
    Trust-region flag:                       0

------------------------------------------------------------------------------------------------------------------
Trust-Region status output definitions

  iter    - Number of iterates (steps taken)
  value   - Objective function value
  gnorm   - Norm of the gradient
  snorm   - Norm of the step (update to optimization vector)
  delta   - Trust-Region radius
  #fval   - Number of times the objective function was evaluated
  #grad   - Number of times the gradient was computed

  tr_flag - Trust-Region flag
    0 - Both actual and predicted reductions are positive (success)
    1 - Actual reduction is positive and predicted reduction is negative (impossible)
    2 - Actual reduction is nonpositive and predicted reduction is positive
    3 - Actual reduction is nonpositive and predicted reduction is negative (impossible)
    4 - Actual and/or predicted reduction is a NaN
    5 - Subproblem solution did not produce sufficient decrease

  iterCG - Number of Truncated CG iterations

  flagGC - Trust-Region Truncated CG flag
    0 - Residual tolerance met
    1 - Iteration limit exceeded
    2 - Negative curvature detected
    3 - Trust-Region radius exceeded
    4 - Initial right hand side is zero
------------------------------------------------------------------------------------------------------------------
  iter  value          gnorm          snorm          delta          #fval     #grad     tr_flag   iterCG    flagCG    
  37    9.302301e-20   9.670998e-06   3.819503e-15   1.000000e+03   38        38        0         20        1         
  In TrustRegionUtilities::analyzeRatio
    Current objective function value:        9.3023e-20
    New objective function value:            8.84812e-20
    Actual reduction:                        4.54186e-21
    Predicted reduction:                     6.98391e-21
    Safeguard:                               2.22045e-15
    Actual reduction with safeguard:         2.22045e-15
    Predicted reduction with safeguard:      2.22045e-15
    Ratio of actual and predicted reduction: 0.999999
    Trust-region flag:                       0

------------------------------------------------------------------------------------------------------------------
Trust-Region status output definitions

  iter    - Number of iterates (steps taken)
  value   - Objective function value
  gnorm   - Norm of the gradient
  snorm   - Norm of the step (update to optimization vector)
  delta   - Trust-Region radius
  #fval   - Number of times the objective function was evaluated
  #grad   - Number of times the gradient was computed

  tr_flag - Trust-Region flag
    0 - Both actual and predicted reductions are positive (success)
    1 - Actual reduction is positive and predicted reduction is negative (impossible)
    2 - Actual reduction is nonpositive and predicted reduction is positive
    3 - Actual reduction is nonpositive and predicted reduction is negative (impossible)
    4 - Actual and/or predicted reduction is a NaN
    5 - Subproblem solution did not produce sufficient decrease

  iterCG - Number of Truncated CG iterations

  flagGC - Trust-Region Truncated CG flag
    0 - Residual tolerance met
    1 - Iteration limit exceeded
    2 - Negative curvature detected
    3 - Trust-Region radius exceeded
    4 - Initial right hand side is zero
------------------------------------------------------------------------------------------------------------------
  iter  value          gnorm          snorm          delta          #fval     #grad     tr_flag   iterCG    flagCG    
  38    8.848115e-20   7.762106e-06   1.128349e-14   1.000000e+03   39        39        0         20        1         
  In TrustRegionUtilities::analyzeRatio
    Current objective function value:        8.84812e-20
    New objective function value:            8.38244e-20
    Actual reduction:                        4.65675e-21
    Predicted reduction:                     6.75944e-21
    Safeguard:                               2.22045e-15
    Actual reduction with safeguard:         2.22045e-15
    Predicted reduction with safeguard:      2.22045e-15
    Ratio of actual and predicted reduction: 0.999999
    Trust-region flag:                       0

------------------------------------------------------------------------------------------------------------------
Trust-Region status output definitions

  iter    - Number of iterates (steps taken)
  value   - Objective function value
  gnorm   - Norm of the gradient
  snorm   - Norm of the step (update to optimization vector)
  delta   - Trust-Region radius
  #fval   - Number of times the objective function was evaluated
  #grad   - Number of times the gradient was computed

  tr_flag - Trust-Region flag
    0 - Both actual and predicted reductions are positive (success)
    1 - Actual reduction is positive and predicted reduction is negative (impossible)
    2 - Actual reduction is nonpositive and predicted reduction is positive
    3 - Actual reduction is nonpositive and predicted reduction is negative (impossible)
    4 - Actual and/or predicted reduction is a NaN
    5 - Subproblem solution did not produce sufficient decrease

  iterCG - Number of Truncated CG iterations

  flagGC - Trust-Region Truncated CG flag
    0 - Residual tolerance met
    1 - Iteration limit exceeded
    2 - Negative curvature detected
    3 - Trust-Region radius exceeded
    4 - Initial right hand side is zero
------------------------------------------------------------------------------------------------------------------
  iter  value          gnorm          snorm          delta          #fval     #grad     tr_flag   iterCG    flagCG    
  39    8.382440e-20   7.137586e-06   3.547014e-15   1.000000e+03   40        40        0         20        1         
  In TrustRegionUtilities::analyzeRatio
    Current objective function value:        8.38244e-20
    New objective function value:            7.93862e-20
    Actual reduction:                        4.43819e-21
    Predicted reduction:                     6.92446e-21
    Safeguard:                               2.22045e-15
    Actual reduction with safeguard:         2.22045e-15
    Predicted reduction with safeguard:      2.22045e-15
    Ratio of actual and predicted reduction: 0.999999
    Trust-region flag:                       0

------------------------------------------------------------------------------------------------------------------
Trust-Region status output definitions

  iter    - Number of iterates (steps taken)
  value   - Objective function value
  gnorm   - Norm of the gradient
  snorm   - Norm of the step (update to optimization vector)
  delta   - Trust-Region radius
  #fval   - Number of times the objective function was evaluated
  #grad   - Number of times the gradient was computed

  tr_flag - Trust-Region flag
    0 - Both actual and predicted reductions are positive (success)
    1 - Actual reduction is positive and predicted reduction is negative (impossible)
    2 - Actual reduction is nonpositive and predicted reduction is positive
    3 - Actual reduction is nonpositive and predicted reduction is negative (impossible)
    4 - Actual and/or predicted reduction is a NaN
    5 - Subproblem solution did not produce sufficient decrease

  iterCG - Number of Truncated CG iterations

  flagGC - Trust-Region Truncated CG flag
    0 - Residual tolerance met
    1 - Iteration limit exceeded
    2 - Negative curvature detected
    3 - Trust-Region radius exceeded
    4 - Initial right hand side is zero
------------------------------------------------------------------------------------------------------------------
  iter  value          gnorm          snorm          delta          #fval     #grad     tr_flag   iterCG    flagCG    
  40    7.938622e-20   7.819288e-06   1.241466e-14   1.000000e+03   41        41        0         20        1         
  In TrustRegionUtilities::analyzeRatio
    Current objective function value:        7.93862e-20
    New objective function value:            7.46976e-20
    Actual reduction:                        4.68857e-21
    Predicted reduction:                     6.78955e-21
    Safeguard:                               2.22045e-15
    Actual reduction with safeguard:         2.22045e-15
    Predicted reduction with safeguard:      2.22045e-15
    Ratio of actual and predicted reduction: 0.999999
    Trust-region flag:                       0

------------------------------------------------------------------------------------------------------------------
Trust-Region status output definitions

  iter    - Number of iterates (steps taken)
  value   - Objective function value
  gnorm   - Norm of the gradient
  snorm   - Norm of the step (update to optimization vector)
  delta   - Trust-Region radius
  #fval   - Number of times the objective function was evaluated
  #grad   - Number of times the gradient was computed

  tr_flag - Trust-Region flag
    0 - Both actual and predicted reductions are positive (success)
    1 - Actual reduction is positive and predicted reduction is negative (impossible)
    2 - Actual reduction is nonpositive and predicted reduction is positive
    3 - Actual reduction is nonpositive and predicted reduction is negative (impossible)
    4 - Actual and/or predicted reduction is a NaN
    5 - Subproblem solution did not produce sufficient decrease

  iterCG - Number of Truncated CG iterations

  flagGC - Trust-Region Truncated CG flag
    0 - Residual tolerance met
    1 - Iteration limit exceeded
    2 - Negative curvature detected
    3 - Trust-Region radius exceeded
    4 - Initial right hand side is zero
------------------------------------------------------------------------------------------------------------------
  iter  value          gnorm          snorm          delta          #fval     #grad     tr_flag   iterCG    flagCG    
  41    7.469764e-20   6.026875e-06   3.405064e-15   1.000000e+03   42        42        0         20        1         
  In TrustRegionUtilities::analyzeRatio
    Current objective function value:        7.46976e-20
    New objective function value:            7.03374e-20
    Actual reduction:                        4.36029e-21
    Predicted reduction:                     6.88438e-21
    Safeguard:                               2.22045e-15
    Actual reduction with safeguard:         2.22045e-15
    Predicted reduction with safeguard:      2.22045e-15
    Ratio of actual and predicted reduction: 0.999999
    Trust-region flag:                       0

------------------------------------------------------------------------------------------------------------------
Trust-Region status output definitions

  iter    - Number of iterates (steps taken)
  value   - Objective function value
  gnorm   - Norm of the gradient
  snorm   - Norm of the step (update to optimization vector)
  delta   - Trust-Region radius
  #fval   - Number of times the objective function was evaluated
  #grad   - Number of times the gradient was computed

  tr_flag - Trust-Region flag
    0 - Both actual and predicted reductions are positive (success)
    1 - Actual reduction is positive and predicted reduction is negative (impossible)
    2 - Actual reduction is nonpositive and predicted reduction is positive
    3 - Actual reduction is nonpositive and predicted reduction is negative (impossible)
    4 - Actual and/or predicted reduction is a NaN
    5 - Subproblem solution did not produce sufficient decrease

  iterCG - Number of Truncated CG iterations

  flagGC - Trust-Region Truncated CG flag
    0 - Residual tolerance met
    1 - Iteration limit exceeded
    2 - Negative curvature detected
    3 - Trust-Region radius exceeded
    4 - Initial right hand side is zero
------------------------------------------------------------------------------------------------------------------
  iter  value          gnorm          snorm          delta          #fval     #grad     tr_flag   iterCG    flagCG    
  42    7.033735e-20   7.825922e-06   1.354713e-14   1.000000e+03   43        43        0         20        1         
  In TrustRegionUtilities::analyzeRatio
    Current objective function value:        7.03374e-20
    New objective function value:            6.56638e-20
    Actual reduction:                        4.67353e-21
    Predicted reduction:                     6.75078e-21
    Safeguard:                               2.22045e-15
    Actual reduction with safeguard:         2.22045e-15
    Predicted reduction with safeguard:      2.22045e-15
    Ratio of actual and predicted reduction: 0.999999
    Trust-region flag:                       0

------------------------------------------------------------------------------------------------------------------
Trust-Region status output definitions

  iter    - Number of iterates (steps taken)
  value   - Objective function value
  gnorm   - Norm of the gradient
  snorm   - Norm of the step (update to optimization vector)
  delta   - Trust-Region radius
  #fval   - Number of times the objective function was evaluated
  #grad   - Number of times the gradient was computed

  tr_flag - Trust-Region flag
    0 - Both actual and predicted reductions are positive (success)
    1 - Actual reduction is positive and predicted reduction is negative (impossible)
    2 - Actual reduction is nonpositive and predicted reduction is positive
    3 - Actual reduction is nonpositive and predicted reduction is negative (impossible)
    4 - Actual and/or predicted reduction is a NaN
    5 - Subproblem solution did not produce sufficient decrease

  iterCG - Number of Truncated CG iterations

  flagGC - Trust-Region Truncated CG flag
    0 - Residual tolerance met
    1 - Iteration limit exceeded
    2 - Negative curvature detected
    3 - Trust-Region radius exceeded
    4 - Initial right hand side is zero
------------------------------------------------------------------------------------------------------------------
  iter  value          gnorm          snorm          delta          #fval     #grad     tr_flag   iterCG    flagCG    
  43    6.566383e-20   5.181830e-06   3.287753e-15   1.000000e+03   44        44        0         20        1         
  In TrustRegionUtilities::analyzeRatio
    Current objective function value:        6.56638e-20
    New objective function value:            6.14201e-20
    Actual reduction:                        4.2437e-21
    Predicted reduction:                     6.76512e-21
    Safeguard:                               2.22045e-15
    Actual reduction with safeguard:         2.22045e-15
    Predicted reduction with safeguard:      2.22045e-15
    Ratio of actual and predicted reduction: 0.999999
    Trust-region flag:                       0

------------------------------------------------------------------------------------------------------------------
Trust-Region status output definitions

  iter    - Number of iterates (steps taken)
  value   - Objective function value
  gnorm   - Norm of the gradient
  snorm   - Norm of the step (update to optimization vector)
  delta   - Trust-Region radius
  #fval   - Number of times the objective function was evaluated
  #grad   - Number of times the gradient was computed

  tr_flag - Trust-Region flag
    0 - Both actual and predicted reductions are positive (success)
    1 - Actual reduction is positive and predicted reduction is negative (impossible)
    2 - Actual reduction is nonpositive and predicted reduction is positive
    3 - Actual reduction is nonpositive and predicted reduction is negative (impossible)
    4 - Actual and/or predicted reduction is a NaN
    5 - Subproblem solution did not produce sufficient decrease

  iterCG - Number of Truncated CG iterations

  flagGC - Trust-Region Truncated CG flag
    0 - Residual tolerance met
    1 - Iteration limit exceeded
    2 - Negative curvature detected
    3 - Trust-Region radius exceeded
    4 - Initial right hand side is zero
------------------------------------------------------------------------------------------------------------------
  iter  value          gnorm          snorm          delta          #fval     #grad     tr_flag   iterCG    flagCG    
  44    6.142012e-20   7.726728e-06   1.463103e-14   1.000000e+03   45        45        0         20        1         
  In TrustRegionUtilities::analyzeRatio
    Current objective function value:        6.14201e-20
    New objective function value:            5.68261e-20
    Actual reduction:                        4.594e-21
    Predicted reduction:                     6.63011e-21
    Safeguard:                               2.22045e-15
    Actual reduction with safeguard:         2.22045e-15
    Predicted reduction with safeguard:      2.22045e-15
    Ratio of actual and predicted reduction: 0.999999
    Trust-region flag:                       0

------------------------------------------------------------------------------------------------------------------
Trust-Region status output definitions

  iter    - Number of iterates (steps taken)
  value   - Objective function value
  gnorm   - Norm of the gradient
  snorm   - Norm of the step (update to optimization vector)
  delta   - Trust-Region radius
  #fval   - Number of times the objective function was evaluated
  #grad   - Number of times the gradient was computed

  tr_flag - Trust-Region flag
    0 - Both actual and predicted reductions are positive (success)
    1 - Actual reduction is positive and predicted reduction is negative (impossible)
    2 - Actual reduction is nonpositive and predicted reduction is positive
    3 - Actual reduction is nonpositive and predicted reduction is negative (impossible)
    4 - Actual and/or predicted reduction is a NaN
    5 - Subproblem solution did not produce sufficient decrease

  iterCG - Number of Truncated CG iterations

  flagGC - Trust-Region Truncated CG flag
    0 - Residual tolerance met
    1 - Iteration limit exceeded
    2 - Negative curvature detected
    3 - Trust-Region radius exceeded
    4 - Initial right hand side is zero
------------------------------------------------------------------------------------------------------------------
  iter  value          gnorm          snorm          delta          #fval     #grad     tr_flag   iterCG    flagCG    
  45    5.682613e-20   4.887819e-06   3.189667e-15   1.000000e+03   46        46        0         20        1         
  In TrustRegionUtilities::analyzeRatio
    Current objective function value:        5.68261e-20
    New objective function value:            5.27697e-20
    Actual reduction:                        4.0564e-21
    Predicted reduction:                     6.54821e-21
    Safeguard:                               2.22045e-15
    Actual reduction with safeguard:         2.22045e-15
    Predicted reduction with safeguard:      2.22045e-15
    Ratio of actual and predicted reduction: 0.999999
    Trust-region flag:                       0

------------------------------------------------------------------------------------------------------------------
Trust-Region status output definitions

  iter    - Number of iterates (steps taken)
  value   - Objective function value
  gnorm   - Norm of the gradient
  snorm   - Norm of the step (update to optimization vector)
  delta   - Trust-Region radius
  #fval   - Number of times the objective function was evaluated
  #grad   - Number of times the gradient was computed

  tr_flag - Trust-Region flag
    0 - Both actual and predicted reductions are positive (success)
    1 - Actual reduction is positive and predicted reduction is negative (impossible)
    2 - Actual reduction is nonpositive and predicted reduction is positive
    3 - Actual reduction is nonpositive and predicted reduction is negative (impossible)
    4 - Actual and/or predicted reduction is a NaN
    5 - Subproblem solution did not produce sufficient decrease

  iterCG - Number of Truncated CG iterations

  flagGC - Trust-Region Truncated CG flag
    0 - Residual tolerance met
    1 - Iteration limit exceeded
    2 - Negative curvature detected
    3 - Trust-Region radius exceeded
    4 - Initial right hand side is zero
------------------------------------------------------------------------------------------------------------------
  iter  value          gnorm          snorm          delta          #fval     #grad     tr_flag   iterCG    flagCG    
  46    5.276972e-20   7.331691e-06   1.558992e-14   1.000000e+03   47        47        0         20        1         
  In TrustRegionUtilities::analyzeRatio
    Current objective function value:        5.27697e-20
    New objective function value:            4.83038e-20
    Actual reduction:                        4.46588e-21
    Predicted reduction:                     6.43727e-21
    Safeguard:                               2.22045e-15
    Actual reduction with safeguard:         2.22045e-15
    Predicted reduction with safeguard:      2.22045e-15
    Ratio of actual and predicted reduction: 0.999999
    Trust-region flag:                       0

------------------------------------------------------------------------------------------------------------------
Trust-Region status output definitions

  iter    - Number of iterates (steps taken)
  value   - Objective function value
  gnorm   - Norm of the gradient
  snorm   - Norm of the step (update to optimization vector)
  delta   - Trust-Region radius
  #fval   - Number of times the objective function was evaluated
  #grad   - Number of times the gradient was computed

  tr_flag - Trust-Region flag
    0 - Both actual and predicted reductions are positive (success)
    1 - Actual reduction is positive and predicted reduction is negative (impossible)
    2 - Actual reduction is nonpositive and predicted reduction is positive
    3 - Actual reduction is nonpositive and predicted reduction is negative (impossible)
    4 - Actual and/or predicted reduction is a NaN
    5 - Subproblem solution did not produce sufficient decrease

  iterCG - Number of Truncated CG iterations

  flagGC - Trust-Region Truncated CG flag
    0 - Residual tolerance met
    1 - Iteration limit exceeded
    2 - Negative curvature detected
    3 - Trust-Region radius exceeded
    4 - Initial right hand side is zero
------------------------------------------------------------------------------------------------------------------
  iter  value          gnorm          snorm          delta          #fval     #grad     tr_flag   iterCG    flagCG    
  47    4.830384e-20   6.534423e-06   3.159979e-15   1.000000e+03   48        48        0         20        1         
  In TrustRegionUtilities::analyzeRatio
    Current objective function value:        4.83038e-20
    New objective function value:            4.42795e-20
    Actual reduction:                        4.02436e-21
    Predicted reduction:                     6.55392e-21
    Safeguard:                               2.22045e-15
    Actual reduction with safeguard:         2.22045e-15
    Predicted reduction with safeguard:      2.22045e-15
    Ratio of actual and predicted reduction: 0.999999
    Trust-region flag:                       0

------------------------------------------------------------------------------------------------------------------
Trust-Region status output definitions

  iter    - Number of iterates (steps taken)
  value   - Objective function value
  gnorm   - Norm of the gradient
  snorm   - Norm of the step (update to optimization vector)
  delta   - Trust-Region radius
  #fval   - Number of times the objective function was evaluated
  #grad   - Number of times the gradient was computed

  tr_flag - Trust-Region flag
    0 - Both actual and predicted reductions are positive (success)
    1 - Actual reduction is positive and predicted reduction is negative (impossible)
    2 - Actual reduction is nonpositive and predicted reduction is positive
    3 - Actual reduction is nonpositive and predicted reduction is negative (impossible)
    4 - Actual and/or predicted reduction is a NaN
    5 - Subproblem solution did not produce sufficient decrease

  iterCG - Number of Truncated CG iterations

  flagGC - Trust-Region Truncated CG flag
    0 - Residual tolerance met
    1 - Iteration limit exceeded
    2 - Negative curvature detected
    3 - Trust-Region radius exceeded
    4 - Initial right hand side is zero
------------------------------------------------------------------------------------------------------------------
  iter  value          gnorm          snorm          delta          #fval     #grad     tr_flag   iterCG    flagCG    
  48    4.427948e-20   6.494996e-06   1.720318e-14   1.000000e+03   49        49        0         20        1         
  In TrustRegionUtilities::analyzeRatio
    Current objective function value:        4.42795e-20
    New objective function value:            3.99006e-20
    Actual reduction:                        4.37884e-21
    Predicted reduction:                     6.31727e-21
    Safeguard:                               2.22045e-15
    Actual reduction with safeguard:         2.22045e-15
    Predicted reduction with safeguard:      2.22045e-15
    Ratio of actual and predicted reduction: 0.999999
    Trust-region flag:                       0

------------------------------------------------------------------------------------------------------------------
Trust-Region status output definitions

  iter    - Number of iterates (steps taken)
  value   - Objective function value
  gnorm   - Norm of the gradient
  snorm   - Norm of the step (update to optimization vector)
  delta   - Trust-Region radius
  #fval   - Number of times the objective function was evaluated
  #grad   - Number of times the gradient was computed

  tr_flag - Trust-Region flag
    0 - Both actual and predicted reductions are positive (success)
    1 - Actual reduction is positive and predicted reduction is negative (impossible)
    2 - Actual reduction is nonpositive and predicted reduction is positive
    3 - Actual reduction is nonpositive and predicted reduction is negative (impossible)
    4 - Actual and/or predicted reduction is a NaN
    5 - Subproblem solution did not produce sufficient decrease

  iterCG - Number of Truncated CG iterations

  flagGC - Trust-Region Truncated CG flag
    0 - Residual tolerance met
    1 - Iteration limit exceeded
    2 - Negative curvature detected
    3 - Trust-Region radius exceeded
    4 - Initial right hand side is zero
------------------------------------------------------------------------------------------------------------------
  iter  value          gnorm          snorm          delta          #fval     #grad     tr_flag   iterCG    flagCG    
  49    3.990064e-20   6.888967e-06   3.185361e-15   1.000000e+03   50        50        0         20        1         
  In TrustRegionUtilities::analyzeRatio
    Current objective function value:        3.99006e-20
    New objective function value:            3.64724e-20
    Actual reduction:                        3.42826e-21
    Predicted reduction:                     5.63261e-21
    Safeguard:                               2.22045e-15
    Actual reduction with safeguard:         2.22045e-15
    Predicted reduction with safeguard:      2.22045e-15
    Ratio of actual and predicted reduction: 0.999999
    Trust-region flag:                       0

------------------------------------------------------------------------------------------------------------------
Trust-Region status output definitions

  iter    - Number of iterates (steps taken)
  value   - Objective function value
  gnorm   - Norm of the gradient
  snorm   - Norm of the step (update to optimization vector)
  delta   - Trust-Region radius
  #fval   - Number of times the objective function was evaluated
  #grad   - Number of times the gradient was computed

  tr_flag - Trust-Region flag
    0 - Both actual and predicted reductions are positive (success)
    1 - Actual reduction is positive and predicted reduction is negative (impossible)
    2 - Actual reduction is nonpositive and predicted reduction is positive
    3 - Actual reduction is nonpositive and predicted reduction is negative (impossible)
    4 - Actual and/or predicted reduction is a NaN
    5 - Subproblem solution did not produce sufficient decrease

  iterCG - Number of Truncated CG iterations

  flagGC - Trust-Region Truncated CG flag
    0 - Residual tolerance met
    1 - Iteration limit exceeded
    2 - Negative curvature detected
    3 - Trust-Region radius exceeded
    4 - Initial right hand side is zero
------------------------------------------------------------------------------------------------------------------
  iter  value          gnorm          snorm          delta          #fval     #grad     tr_flag   iterCG    flagCG    
  50    3.647237e-20   5.269109e-06   1.619094e-14   1.000000e+03   51        51        0         20        1         
Optimization Terminated with Status: Iteration Limit Exceeded
exit_code=0
