[MetricOpStats] ParamMass_M  (rows=14264)
  row_sum       min=1.3468e-07  max=0.00594  mean=0.00197907  max/|min|=44104.5
  |row_sum|     min=1.3468e-07  max=0.00594  mean=0.00197907  max/min=44104.5
  diag          min=5.98578e-08  max=0.00264  mean=0.000879586  nonpos=0
  max_abs_entry=0.00264
[MetricOpStats] ParamStiffness_K  (rows=14264)
  row_sum       min=-8.9407e-08  max=8.9407e-08  mean=1.38068e-08  max/|min|=1
  |row_sum|     min=2.37605e+08  max=7.92e+08  mean=5.80481e+08  max/min=3.33326
  diag          min=3.96018e+07  max=1.584e+08  mean=1.05543e+08  nonpos=0
  max_abs_entry=1.584e+08
[MetricOpStats] ParamMass_M_reprint  (rows=14264)
  row_sum       min=1.3468e-07  max=0.00594  mean=0.00197907  max/|min|=44104.5
  |row_sum|     min=1.3468e-07  max=0.00594  mean=0.00197907  max/min=44104.5
  diag          min=5.98578e-08  max=0.00264  mean=0.000879586  nonpos=0
  max_abs_entry=0.00264
[MetricOpStats] K_over_M
  |row_sum| ratio  max=1.33333e+11  mean=2.9331e+11
[RieszDiagnostics] M and K retained for diagnostics; Euclidean inner product unchanged.
MrHyDE vector contract check (primal) errors: e[0]=0 e[1]=0 e[2]=0 e[3]=0 e[4]=0 e[5]=0 e[6]=0 e[7]=0 e[8]=0 e[9]=0 e[10]=0 e[11]=0 e[12]=0
MrHyDE vector contract check (dual) errors: e[0]=0 e[1]=1.89153e-16 e[2]=0 e[3]=0 e[4]=0 e[5]=3.20054e-17 e[6]=6.44398e-17 e[7]=0 e[8]=0 e[9]=3.10588e-15 e[10]=8.88178e-16 e[11]=0 e[12]=0
MrHyDE vector contract check: max_primal_err=0 max_dual_err=3.10588e-15 tol=1e-08

Truncated CG Trust-Region Solver
------------------------------------------------------------------------------------------------------------------
Trust-Region status output definitions

  iter    - Number of iterates (steps taken)
  value   - Objective function value
  gnorm   - Norm of the gradient
  snorm   - Norm of the step (update to optimization vector)
  delta   - Trust-Region radius
  #fval   - Number of times the objective function was evaluated
  #grad   - Number of times the gradient was computed

  tr_flag - Trust-Region flag
    0 - Both actual and predicted reductions are positive (success)
    1 - Actual reduction is positive and predicted reduction is negative (impossible)
    2 - Actual reduction is nonpositive and predicted reduction is positive
    3 - Actual reduction is nonpositive and predicted reduction is negative (impossible)
    4 - Actual and/or predicted reduction is a NaN
    5 - Subproblem solution did not produce sufficient decrease

  iterCG - Number of Truncated CG iterations

  flagGC - Trust-Region Truncated CG flag
    0 - Residual tolerance met
    1 - Iteration limit exceeded
    2 - Negative curvature detected
    3 - Trust-Region radius exceeded
    4 - Initial right hand side is zero
------------------------------------------------------------------------------------------------------------------
  iter  value          gnorm          snorm          delta          #fval     #grad     tr_flag   iterCG    flagCG    
  0     1.242036e-11   6.327350e-01   ---            1.000000e+00   1         1         ---       ---       ---       
  In TrustRegionUtilities::analyzeRatio
    Current objective function value:        1.24204e-11
    New objective function value:            2.73863e-14
    Actual reduction:                        1.2393e-11
    Predicted reduction:                     2.19163e-11
    Safeguard:                               2.22045e-15
    Actual reduction with safeguard:         1.23952e-11
    Predicted reduction with safeguard:      2.19185e-11
    Ratio of actual and predicted reduction: 0.565513
    Trust-region flag:                       0

------------------------------------------------------------------------------------------------------------------
Trust-Region status output definitions

  iter    - Number of iterates (steps taken)
  value   - Objective function value
  gnorm   - Norm of the gradient
  snorm   - Norm of the step (update to optimization vector)
  delta   - Trust-Region radius
  #fval   - Number of times the objective function was evaluated
  #grad   - Number of times the gradient was computed

  tr_flag - Trust-Region flag
    0 - Both actual and predicted reductions are positive (success)
    1 - Actual reduction is positive and predicted reduction is negative (impossible)
    2 - Actual reduction is nonpositive and predicted reduction is positive
    3 - Actual reduction is nonpositive and predicted reduction is negative (impossible)
    4 - Actual and/or predicted reduction is a NaN
    5 - Subproblem solution did not produce sufficient decrease

  iterCG - Number of Truncated CG iterations

  flagGC - Trust-Region Truncated CG flag
    0 - Residual tolerance met
    1 - Iteration limit exceeded
    2 - Negative curvature detected
    3 - Trust-Region radius exceeded
    4 - Initial right hand side is zero
------------------------------------------------------------------------------------------------------------------
  iter  value          gnorm          snorm          delta          #fval     #grad     tr_flag   iterCG    flagCG    
  1     2.738629e-14   3.441913e-02   7.852813e-11   1.000000e+00   2         2         0         20        1         
  In TrustRegionUtilities::analyzeRatio
    Current objective function value:        2.73863e-14
    New objective function value:            3.58578e-15
    Actual reduction:                        2.38005e-14
    Predicted reduction:                     3.9776e-14
    Safeguard:                               2.22045e-15
    Actual reduction with safeguard:         2.6021e-14
    Predicted reduction with safeguard:      4.19965e-14
    Ratio of actual and predicted reduction: 0.619598
    Trust-region flag:                       0

------------------------------------------------------------------------------------------------------------------
Trust-Region status output definitions

  iter    - Number of iterates (steps taken)
  value   - Objective function value
  gnorm   - Norm of the gradient
  snorm   - Norm of the step (update to optimization vector)
  delta   - Trust-Region radius
  #fval   - Number of times the objective function was evaluated
  #grad   - Number of times the gradient was computed

  tr_flag - Trust-Region flag
    0 - Both actual and predicted reductions are positive (success)
    1 - Actual reduction is positive and predicted reduction is negative (impossible)
    2 - Actual reduction is nonpositive and predicted reduction is positive
    3 - Actual reduction is nonpositive and predicted reduction is negative (impossible)
    4 - Actual and/or predicted reduction is a NaN
    5 - Subproblem solution did not produce sufficient decrease

  iterCG - Number of Truncated CG iterations

  flagGC - Trust-Region Truncated CG flag
    0 - Residual tolerance met
    1 - Iteration limit exceeded
    2 - Negative curvature detected
    3 - Trust-Region radius exceeded
    4 - Initial right hand side is zero
------------------------------------------------------------------------------------------------------------------
  iter  value          gnorm          snorm          delta          #fval     #grad     tr_flag   iterCG    flagCG    
  2     3.585783e-15   1.156072e-02   7.757422e-12   1.000000e+00   3         3         0         20        1         
  In TrustRegionUtilities::analyzeRatio
    Current objective function value:        3.58578e-15
    New objective function value:            8.39043e-16
    Actual reduction:                        2.74674e-15
    Predicted reduction:                     4.62278e-15
    Safeguard:                               2.22045e-15
    Actual reduction with safeguard:         4.96719e-15
    Predicted reduction with safeguard:      6.84323e-15
    Ratio of actual and predicted reduction: 0.725854
    Trust-region flag:                       0

------------------------------------------------------------------------------------------------------------------
Trust-Region status output definitions

  iter    - Number of iterates (steps taken)
  value   - Objective function value
  gnorm   - Norm of the gradient
  snorm   - Norm of the step (update to optimization vector)
  delta   - Trust-Region radius
  #fval   - Number of times the objective function was evaluated
  #grad   - Number of times the gradient was computed

  tr_flag - Trust-Region flag
    0 - Both actual and predicted reductions are positive (success)
    1 - Actual reduction is positive and predicted reduction is negative (impossible)
    2 - Actual reduction is nonpositive and predicted reduction is positive
    3 - Actual reduction is nonpositive and predicted reduction is negative (impossible)
    4 - Actual and/or predicted reduction is a NaN
    5 - Subproblem solution did not produce sufficient decrease

  iterCG - Number of Truncated CG iterations

  flagGC - Trust-Region Truncated CG flag
    0 - Residual tolerance met
    1 - Iteration limit exceeded
    2 - Negative curvature detected
    3 - Trust-Region radius exceeded
    4 - Initial right hand side is zero
------------------------------------------------------------------------------------------------------------------
  iter  value          gnorm          snorm          delta          #fval     #grad     tr_flag   iterCG    flagCG    
  3     8.390430e-16   6.452314e-03   2.638051e-12   1.000000e+00   4         4         0         20        1         
  In TrustRegionUtilities::analyzeRatio
    Current objective function value:        8.39043e-16
    New objective function value:            2.36044e-16
    Actual reduction:                        6.02999e-16
    Predicted reduction:                     1.00946e-15
    Safeguard:                               2.22045e-15
    Actual reduction with safeguard:         2.82344e-15
    Predicted reduction with safeguard:      3.2299e-15
    Ratio of actual and predicted reduction: 0.874158
    Trust-region flag:                       0

------------------------------------------------------------------------------------------------------------------
Trust-Region status output definitions

  iter    - Number of iterates (steps taken)
  value   - Objective function value
  gnorm   - Norm of the gradient
  snorm   - Norm of the step (update to optimization vector)
  delta   - Trust-Region radius
  #fval   - Number of times the objective function was evaluated
  #grad   - Number of times the gradient was computed

  tr_flag - Trust-Region flag
    0 - Both actual and predicted reductions are positive (success)
    1 - Actual reduction is positive and predicted reduction is negative (impossible)
    2 - Actual reduction is nonpositive and predicted reduction is positive
    3 - Actual reduction is nonpositive and predicted reduction is negative (impossible)
    4 - Actual and/or predicted reduction is a NaN
    5 - Subproblem solution did not produce sufficient decrease

  iterCG - Number of Truncated CG iterations

  flagGC - Trust-Region Truncated CG flag
    0 - Residual tolerance met
    1 - Iteration limit exceeded
    2 - Negative curvature detected
    3 - Trust-Region radius exceeded
    4 - Initial right hand side is zero
------------------------------------------------------------------------------------------------------------------
  iter  value          gnorm          snorm          delta          #fval     #grad     tr_flag   iterCG    flagCG    
  4     2.360444e-16   2.826094e-03   1.208053e-12   1.000000e+00   5         5         0         20        1         
  In TrustRegionUtilities::analyzeRatio
    Current objective function value:        2.36044e-16
    New objective function value:            8.23189e-17
    Actual reduction:                        1.53725e-16
    Predicted reduction:                     2.57669e-16
    Safeguard:                               2.22045e-15
    Actual reduction with safeguard:         2.37417e-15
    Predicted reduction with safeguard:      2.47812e-15
    Ratio of actual and predicted reduction: 0.958055
    Trust-region flag:                       0

------------------------------------------------------------------------------------------------------------------
Trust-Region status output definitions

  iter    - Number of iterates (steps taken)
  value   - Objective function value
  gnorm   - Norm of the gradient
  snorm   - Norm of the step (update to optimization vector)
  delta   - Trust-Region radius
  #fval   - Number of times the objective function was evaluated
  #grad   - Number of times the gradient was computed

  tr_flag - Trust-Region flag
    0 - Both actual and predicted reductions are positive (success)
    1 - Actual reduction is positive and predicted reduction is negative (impossible)
    2 - Actual reduction is nonpositive and predicted reduction is positive
    3 - Actual reduction is nonpositive and predicted reduction is negative (impossible)
    4 - Actual and/or predicted reduction is a NaN
    5 - Subproblem solution did not produce sufficient decrease

  iterCG - Number of Truncated CG iterations

  flagGC - Trust-Region Truncated CG flag
    0 - Residual tolerance met
    1 - Iteration limit exceeded
    2 - Negative curvature detected
    3 - Trust-Region radius exceeded
    4 - Initial right hand side is zero
------------------------------------------------------------------------------------------------------------------
  iter  value          gnorm          snorm          delta          #fval     #grad     tr_flag   iterCG    flagCG    
  5     8.231893e-17   1.674707e-03   6.240147e-13   1.000000e+01   6         6         0         20        1         
  In TrustRegionUtilities::analyzeRatio
    Current objective function value:        8.23189e-17
    New objective function value:            3.62195e-17
    Actual reduction:                        4.60995e-17
    Predicted reduction:                     7.48438e-17
    Safeguard:                               2.22045e-15
    Actual reduction with safeguard:         2.26655e-15
    Predicted reduction with safeguard:      2.29529e-15
    Ratio of actual and predicted reduction: 0.987477
    Trust-region flag:                       0

------------------------------------------------------------------------------------------------------------------
Trust-Region status output definitions

  iter    - Number of iterates (steps taken)
  value   - Objective function value
  gnorm   - Norm of the gradient
  snorm   - Norm of the step (update to optimization vector)
  delta   - Trust-Region radius
  #fval   - Number of times the objective function was evaluated
  #grad   - Number of times the gradient was computed

  tr_flag - Trust-Region flag
    0 - Both actual and predicted reductions are positive (success)
    1 - Actual reduction is positive and predicted reduction is negative (impossible)
    2 - Actual reduction is nonpositive and predicted reduction is positive
    3 - Actual reduction is nonpositive and predicted reduction is negative (impossible)
    4 - Actual and/or predicted reduction is a NaN
    5 - Subproblem solution did not produce sufficient decrease

  iterCG - Number of Truncated CG iterations

  flagGC - Trust-Region Truncated CG flag
    0 - Residual tolerance met
    1 - Iteration limit exceeded
    2 - Negative curvature detected
    3 - Trust-Region radius exceeded
    4 - Initial right hand side is zero
------------------------------------------------------------------------------------------------------------------
  iter  value          gnorm          snorm          delta          #fval     #grad     tr_flag   iterCG    flagCG    
  6     3.621948e-17   8.487893e-04   3.451517e-13   1.000000e+02   7         7         0         20        1         
  In TrustRegionUtilities::analyzeRatio
    Current objective function value:        3.62195e-17
    New objective function value:            2.06252e-17
    Actual reduction:                        1.55943e-17
    Predicted reduction:                     2.46064e-17
    Safeguard:                               2.22045e-15
    Actual reduction with safeguard:         2.23604e-15
    Predicted reduction with safeguard:      2.24505e-15
    Ratio of actual and predicted reduction: 0.995986
    Trust-region flag:                       0

------------------------------------------------------------------------------------------------------------------
Trust-Region status output definitions

  iter    - Number of iterates (steps taken)
  value   - Objective function value
  gnorm   - Norm of the gradient
  snorm   - Norm of the step (update to optimization vector)
  delta   - Trust-Region radius
  #fval   - Number of times the objective function was evaluated
  #grad   - Number of times the gradient was computed

  tr_flag - Trust-Region flag
    0 - Both actual and predicted reductions are positive (success)
    1 - Actual reduction is positive and predicted reduction is negative (impossible)
    2 - Actual reduction is nonpositive and predicted reduction is positive
    3 - Actual reduction is nonpositive and predicted reduction is negative (impossible)
    4 - Actual and/or predicted reduction is a NaN
    5 - Subproblem solution did not produce sufficient decrease

  iterCG - Number of Truncated CG iterations

  flagGC - Trust-Region Truncated CG flag
    0 - Residual tolerance met
    1 - Iteration limit exceeded
    2 - Negative curvature detected
    3 - Trust-Region radius exceeded
    4 - Initial right hand side is zero
------------------------------------------------------------------------------------------------------------------
  iter  value          gnorm          snorm          delta          #fval     #grad     tr_flag   iterCG    flagCG    
  7     2.062522e-17   5.630321e-04   2.010953e-13   1.000000e+03   8         8         0         20        1         
  In TrustRegionUtilities::analyzeRatio
    Current objective function value:        2.06252e-17
    New objective function value:            1.4146e-17
    Actual reduction:                        6.47923e-18
    Predicted reduction:                     9.55063e-18
    Safeguard:                               2.22045e-15
    Actual reduction with safeguard:         2.22693e-15
    Predicted reduction with safeguard:      2.23e-15
    Ratio of actual and predicted reduction: 0.998623
    Trust-region flag:                       0

------------------------------------------------------------------------------------------------------------------
Trust-Region status output definitions

  iter    - Number of iterates (steps taken)
  value   - Objective function value
  gnorm   - Norm of the gradient
  snorm   - Norm of the step (update to optimization vector)
  delta   - Trust-Region radius
  #fval   - Number of times the objective function was evaluated
  #grad   - Number of times the gradient was computed

  tr_flag - Trust-Region flag
    0 - Both actual and predicted reductions are positive (success)
    1 - Actual reduction is positive and predicted reduction is negative (impossible)
    2 - Actual reduction is nonpositive and predicted reduction is positive
    3 - Actual reduction is nonpositive and predicted reduction is negative (impossible)
    4 - Actual and/or predicted reduction is a NaN
    5 - Subproblem solution did not produce sufficient decrease

  iterCG - Number of Truncated CG iterations

  flagGC - Trust-Region Truncated CG flag
    0 - Residual tolerance met
    1 - Iteration limit exceeded
    2 - Negative curvature detected
    3 - Trust-Region radius exceeded
    4 - Initial right hand side is zero
------------------------------------------------------------------------------------------------------------------
  iter  value          gnorm          snorm          delta          #fval     #grad     tr_flag   iterCG    flagCG    
  8     1.414599e-17   3.505664e-04   1.338866e-13   1.000000e+03   9         9         0         20        1         
  In TrustRegionUtilities::analyzeRatio
    Current objective function value:        1.4146e-17
    New objective function value:            1.09611e-17
    Actual reduction:                        3.18487e-18
    Predicted reduction:                     4.49988e-18
    Safeguard:                               2.22045e-15
    Actual reduction with safeguard:         2.22363e-15
    Predicted reduction with safeguard:      2.22495e-15
    Ratio of actual and predicted reduction: 0.999409
    Trust-region flag:                       0

------------------------------------------------------------------------------------------------------------------
Trust-Region status output definitions

  iter    - Number of iterates (steps taken)
  value   - Objective function value
  gnorm   - Norm of the gradient
  snorm   - Norm of the step (update to optimization vector)
  delta   - Trust-Region radius
  #fval   - Number of times the objective function was evaluated
  #grad   - Number of times the gradient was computed

  tr_flag - Trust-Region flag
    0 - Both actual and predicted reductions are positive (success)
    1 - Actual reduction is positive and predicted reduction is negative (impossible)
    2 - Actual reduction is nonpositive and predicted reduction is positive
    3 - Actual reduction is nonpositive and predicted reduction is negative (impossible)
    4 - Actual and/or predicted reduction is a NaN
    5 - Subproblem solution did not produce sufficient decrease

  iterCG - Number of Truncated CG iterations

  flagGC - Trust-Region Truncated CG flag
    0 - Residual tolerance met
    1 - Iteration limit exceeded
    2 - Negative curvature detected
    3 - Trust-Region radius exceeded
    4 - Initial right hand side is zero
------------------------------------------------------------------------------------------------------------------
  iter  value          gnorm          snorm          delta          #fval     #grad     tr_flag   iterCG    flagCG    
  9     1.096112e-17   2.789074e-04   9.318613e-14   1.000000e+03   10        10        0         20        1         
  In TrustRegionUtilities::analyzeRatio
    Current objective function value:        1.09611e-17
    New objective function value:            9.01361e-18
    Actual reduction:                        1.94751e-18
    Predicted reduction:                     2.60609e-18
    Safeguard:                               2.22045e-15
    Actual reduction with safeguard:         2.22239e-15
    Predicted reduction with safeguard:      2.22305e-15
    Ratio of actual and predicted reduction: 0.999704
    Trust-region flag:                       0

------------------------------------------------------------------------------------------------------------------
Trust-Region status output definitions

  iter    - Number of iterates (steps taken)
  value   - Objective function value
  gnorm   - Norm of the gradient
  snorm   - Norm of the step (update to optimization vector)
  delta   - Trust-Region radius
  #fval   - Number of times the objective function was evaluated
  #grad   - Number of times the gradient was computed

  tr_flag - Trust-Region flag
    0 - Both actual and predicted reductions are positive (success)
    1 - Actual reduction is positive and predicted reduction is negative (impossible)
    2 - Actual reduction is nonpositive and predicted reduction is positive
    3 - Actual reduction is nonpositive and predicted reduction is negative (impossible)
    4 - Actual and/or predicted reduction is a NaN
    5 - Subproblem solution did not produce sufficient decrease

  iterCG - Number of Truncated CG iterations

  flagGC - Trust-Region Truncated CG flag
    0 - Residual tolerance met
    1 - Iteration limit exceeded
    2 - Negative curvature detected
    3 - Trust-Region radius exceeded
    4 - Initial right hand side is zero
------------------------------------------------------------------------------------------------------------------
  iter  value          gnorm          snorm          delta          #fval     #grad     tr_flag   iterCG    flagCG    
  10    9.013614e-18   2.142872e-04   7.644031e-14   1.000000e+03   11        11        0         20        1         
  In TrustRegionUtilities::analyzeRatio
    Current objective function value:        9.01361e-18
    New objective function value:            7.70604e-18
    Actual reduction:                        1.30757e-18
    Predicted reduction:                     1.75523e-18
    Safeguard:                               2.22045e-15
    Actual reduction with safeguard:         2.22175e-15
    Predicted reduction with safeguard:      2.2222e-15
    Ratio of actual and predicted reduction: 0.999799
    Trust-region flag:                       0

------------------------------------------------------------------------------------------------------------------
Trust-Region status output definitions

  iter    - Number of iterates (steps taken)
  value   - Objective function value
  gnorm   - Norm of the gradient
  snorm   - Norm of the step (update to optimization vector)
  delta   - Trust-Region radius
  #fval   - Number of times the objective function was evaluated
  #grad   - Number of times the gradient was computed

  tr_flag - Trust-Region flag
    0 - Both actual and predicted reductions are positive (success)
    1 - Actual reduction is positive and predicted reduction is negative (impossible)
    2 - Actual reduction is nonpositive and predicted reduction is positive
    3 - Actual reduction is nonpositive and predicted reduction is negative (impossible)
    4 - Actual and/or predicted reduction is a NaN
    5 - Subproblem solution did not produce sufficient decrease

  iterCG - Number of Truncated CG iterations

  flagGC - Trust-Region Truncated CG flag
    0 - Residual tolerance met
    1 - Iteration limit exceeded
    2 - Negative curvature detected
    3 - Trust-Region radius exceeded
    4 - Initial right hand side is zero
------------------------------------------------------------------------------------------------------------------
  iter  value          gnorm          snorm          delta          #fval     #grad     tr_flag   iterCG    flagCG    
  11    7.706042e-18   1.925795e-04   6.189005e-14   1.000000e+03   12        12        0         20        1         
  In TrustRegionUtilities::analyzeRatio
    Current objective function value:        7.70604e-18
    New objective function value:            6.71417e-18
    Actual reduction:                        9.91873e-19
    Predicted reduction:                     1.30474e-18
    Safeguard:                               2.22045e-15
    Actual reduction with safeguard:         2.22144e-15
    Predicted reduction with safeguard:      2.22175e-15
    Ratio of actual and predicted reduction: 0.999859
    Trust-region flag:                       0

------------------------------------------------------------------------------------------------------------------
Trust-Region status output definitions

  iter    - Number of iterates (steps taken)
  value   - Objective function value
  gnorm   - Norm of the gradient
  snorm   - Norm of the step (update to optimization vector)
  delta   - Trust-Region radius
  #fval   - Number of times the objective function was evaluated
  #grad   - Number of times the gradient was computed

  tr_flag - Trust-Region flag
    0 - Both actual and predicted reductions are positive (success)
    1 - Actual reduction is positive and predicted reduction is negative (impossible)
    2 - Actual reduction is nonpositive and predicted reduction is positive
    3 - Actual reduction is nonpositive and predicted reduction is negative (impossible)
    4 - Actual and/or predicted reduction is a NaN
    5 - Subproblem solution did not produce sufficient decrease

  iterCG - Number of Truncated CG iterations

  flagGC - Trust-Region Truncated CG flag
    0 - Residual tolerance met
    1 - Iteration limit exceeded
    2 - Negative curvature detected
    3 - Trust-Region radius exceeded
    4 - Initial right hand side is zero
------------------------------------------------------------------------------------------------------------------
  iter  value          gnorm          snorm          delta          #fval     #grad     tr_flag   iterCG    flagCG    
  12    6.714169e-18   1.617587e-04   5.583891e-14   1.000000e+03   13        13        0         20        1         
  In TrustRegionUtilities::analyzeRatio
    Current objective function value:        6.71417e-18
    New objective function value:            5.94972e-18
    Actual reduction:                        7.6445e-19
    Predicted reduction:                     1.0225e-18
    Safeguard:                               2.22045e-15
    Actual reduction with safeguard:         2.22121e-15
    Predicted reduction with safeguard:      2.22147e-15
    Ratio of actual and predicted reduction: 0.999884
    Trust-region flag:                       0

------------------------------------------------------------------------------------------------------------------
Trust-Region status output definitions

  iter    - Number of iterates (steps taken)
  value   - Objective function value
  gnorm   - Norm of the gradient
  snorm   - Norm of the step (update to optimization vector)
  delta   - Trust-Region radius
  #fval   - Number of times the objective function was evaluated
  #grad   - Number of times the gradient was computed

  tr_flag - Trust-Region flag
    0 - Both actual and predicted reductions are positive (success)
    1 - Actual reduction is positive and predicted reduction is negative (impossible)
    2 - Actual reduction is nonpositive and predicted reduction is positive
    3 - Actual reduction is nonpositive and predicted reduction is negative (impossible)
    4 - Actual and/or predicted reduction is a NaN
    5 - Subproblem solution did not produce sufficient decrease

  iterCG - Number of Truncated CG iterations

  flagGC - Trust-Region Truncated CG flag
    0 - Residual tolerance met
    1 - Iteration limit exceeded
    2 - Negative curvature detected
    3 - Trust-Region radius exceeded
    4 - Initial right hand side is zero
------------------------------------------------------------------------------------------------------------------
  iter  value          gnorm          snorm          delta          #fval     #grad     tr_flag   iterCG    flagCG    
  13    5.949718e-18   1.516043e-04   4.862508e-14   1.000000e+03   14        14        0         20        1         
  In TrustRegionUtilities::analyzeRatio
    Current objective function value:        5.94972e-18
    New objective function value:            5.32378e-18
    Actual reduction:                        6.25934e-19
    Predicted reduction:                     8.26595e-19
    Safeguard:                               2.22045e-15
    Actual reduction with safeguard:         2.22107e-15
    Predicted reduction with safeguard:      2.22127e-15
    Ratio of actual and predicted reduction: 0.99991
    Trust-region flag:                       0

------------------------------------------------------------------------------------------------------------------
Trust-Region status output definitions

  iter    - Number of iterates (steps taken)
  value   - Objective function value
  gnorm   - Norm of the gradient
  snorm   - Norm of the step (update to optimization vector)
  delta   - Trust-Region radius
  #fval   - Number of times the objective function was evaluated
  #grad   - Number of times the gradient was computed

  tr_flag - Trust-Region flag
    0 - Both actual and predicted reductions are positive (success)
    1 - Actual reduction is positive and predicted reduction is negative (impossible)
    2 - Actual reduction is nonpositive and predicted reduction is positive
    3 - Actual reduction is nonpositive and predicted reduction is negative (impossible)
    4 - Actual and/or predicted reduction is a NaN
    5 - Subproblem solution did not produce sufficient decrease

  iterCG - Number of Truncated CG iterations

  flagGC - Trust-Region Truncated CG flag
    0 - Residual tolerance met
    1 - Iteration limit exceeded
    2 - Negative curvature detected
    3 - Trust-Region radius exceeded
    4 - Initial right hand side is zero
------------------------------------------------------------------------------------------------------------------
  iter  value          gnorm          snorm          delta          #fval     #grad     tr_flag   iterCG    flagCG    
  14    5.323785e-18   1.310661e-04   4.458880e-14   1.000000e+03   15        15        0         20        1         
  In TrustRegionUtilities::analyzeRatio
    Current objective function value:        5.32378e-18
    New objective function value:            4.81225e-18
    Actual reduction:                        5.11535e-19
    Predicted reduction:                     6.83084e-19
    Safeguard:                               2.22045e-15
    Actual reduction with safeguard:         2.22096e-15
    Predicted reduction with safeguard:      2.22113e-15
    Ratio of actual and predicted reduction: 0.999923
    Trust-region flag:                       0

------------------------------------------------------------------------------------------------------------------
Trust-Region status output definitions

  iter    - Number of iterates (steps taken)
  value   - Objective function value
  gnorm   - Norm of the gradient
  snorm   - Norm of the step (update to optimization vector)
  delta   - Trust-Region radius
  #fval   - Number of times the objective function was evaluated
  #grad   - Number of times the gradient was computed

  tr_flag - Trust-Region flag
    0 - Both actual and predicted reductions are positive (success)
    1 - Actual reduction is positive and predicted reduction is negative (impossible)
    2 - Actual reduction is nonpositive and predicted reduction is positive
    3 - Actual reduction is nonpositive and predicted reduction is negative (impossible)
    4 - Actual and/or predicted reduction is a NaN
    5 - Subproblem solution did not produce sufficient decrease

  iterCG - Number of Truncated CG iterations

  flagGC - Trust-Region Truncated CG flag
    0 - Residual tolerance met
    1 - Iteration limit exceeded
    2 - Negative curvature detected
    3 - Trust-Region radius exceeded
    4 - Initial right hand side is zero
------------------------------------------------------------------------------------------------------------------
  iter  value          gnorm          snorm          delta          #fval     #grad     tr_flag   iterCG    flagCG    
  15    4.812250e-18   1.254283e-04   4.057285e-14   1.000000e+03   16        16        0         20        1         
  In TrustRegionUtilities::analyzeRatio
    Current objective function value:        4.81225e-18
    New objective function value:            4.37993e-18
    Actual reduction:                        4.3232e-19
    Predicted reduction:                     5.72368e-19
    Safeguard:                               2.22045e-15
    Actual reduction with safeguard:         2.22088e-15
    Predicted reduction with safeguard:      2.22102e-15
    Ratio of actual and predicted reduction: 0.999937
    Trust-region flag:                       0

------------------------------------------------------------------------------------------------------------------
Trust-Region status output definitions

  iter    - Number of iterates (steps taken)
  value   - Objective function value
  gnorm   - Norm of the gradient
  snorm   - Norm of the step (update to optimization vector)
  delta   - Trust-Region radius
  #fval   - Number of times the objective function was evaluated
  #grad   - Number of times the gradient was computed

  tr_flag - Trust-Region flag
    0 - Both actual and predicted reductions are positive (success)
    1 - Actual reduction is positive and predicted reduction is negative (impossible)
    2 - Actual reduction is nonpositive and predicted reduction is positive
    3 - Actual reduction is nonpositive and predicted reduction is negative (impossible)
    4 - Actual and/or predicted reduction is a NaN
    5 - Subproblem solution did not produce sufficient decrease

  iterCG - Number of Truncated CG iterations

  flagGC - Trust-Region Truncated CG flag
    0 - Residual tolerance met
    1 - Iteration limit exceeded
    2 - Negative curvature detected
    3 - Trust-Region radius exceeded
    4 - Initial right hand side is zero
------------------------------------------------------------------------------------------------------------------
  iter  value          gnorm          snorm          delta          #fval     #grad     tr_flag   iterCG    flagCG    
  16    4.379930e-18   1.097850e-04   3.694045e-14   1.000000e+03   17        17        0         20        1         
  In TrustRegionUtilities::analyzeRatio
    Current objective function value:        4.37993e-18
    New objective function value:            4.01415e-18
    Actual reduction:                        3.65784e-19
    Predicted reduction:                     4.86523e-19
    Safeguard:                               2.22045e-15
    Actual reduction with safeguard:         2.22081e-15
    Predicted reduction with safeguard:      2.22093e-15
    Ratio of actual and predicted reduction: 0.999946
    Trust-region flag:                       0

------------------------------------------------------------------------------------------------------------------
Trust-Region status output definitions

  iter    - Number of iterates (steps taken)
  value   - Objective function value
  gnorm   - Norm of the gradient
  snorm   - Norm of the step (update to optimization vector)
  delta   - Trust-Region radius
  #fval   - Number of times the objective function was evaluated
  #grad   - Number of times the gradient was computed

  tr_flag - Trust-Region flag
    0 - Both actual and predicted reductions are positive (success)
    1 - Actual reduction is positive and predicted reduction is negative (impossible)
    2 - Actual reduction is nonpositive and predicted reduction is positive
    3 - Actual reduction is nonpositive and predicted reduction is negative (impossible)
    4 - Actual and/or predicted reduction is a NaN
    5 - Subproblem solution did not produce sufficient decrease

  iterCG - Number of Truncated CG iterations

  flagGC - Trust-Region Truncated CG flag
    0 - Residual tolerance met
    1 - Iteration limit exceeded
    2 - Negative curvature detected
    3 - Trust-Region radius exceeded
    4 - Initial right hand side is zero
------------------------------------------------------------------------------------------------------------------
  iter  value          gnorm          snorm          delta          #fval     #grad     tr_flag   iterCG    flagCG    
  17    4.014146e-18   1.066960e-04   3.488078e-14   1.000000e+03   18        18        0         20        1         
  In TrustRegionUtilities::analyzeRatio
    Current objective function value:        4.01415e-18
    New objective function value:            3.6995e-18
    Actual reduction:                        3.14649e-19
    Predicted reduction:                     4.17104e-19
    Safeguard:                               2.22045e-15
    Actual reduction with safeguard:         2.22076e-15
    Predicted reduction with safeguard:      2.22086e-15
    Ratio of actual and predicted reduction: 0.999954
    Trust-region flag:                       0

------------------------------------------------------------------------------------------------------------------
Trust-Region status output definitions

  iter    - Number of iterates (steps taken)
  value   - Objective function value
  gnorm   - Norm of the gradient
  snorm   - Norm of the step (update to optimization vector)
  delta   - Trust-Region radius
  #fval   - Number of times the objective function was evaluated
  #grad   - Number of times the gradient was computed

  tr_flag - Trust-Region flag
    0 - Both actual and predicted reductions are positive (success)
    1 - Actual reduction is positive and predicted reduction is negative (impossible)
    2 - Actual reduction is nonpositive and predicted reduction is positive
    3 - Actual reduction is nonpositive and predicted reduction is negative (impossible)
    4 - Actual and/or predicted reduction is a NaN
    5 - Subproblem solution did not produce sufficient decrease

  iterCG - Number of Truncated CG iterations

  flagGC - Trust-Region Truncated CG flag
    0 - Residual tolerance met
    1 - Iteration limit exceeded
    2 - Negative curvature detected
    3 - Trust-Region radius exceeded
    4 - Initial right hand side is zero
------------------------------------------------------------------------------------------------------------------
  iter  value          gnorm          snorm          delta          #fval     #grad     tr_flag   iterCG    flagCG    
  18    3.699497e-18   9.405171e-05   3.132649e-14   1.000000e+03   19        19        0         20        1         
  In TrustRegionUtilities::analyzeRatio
    Current objective function value:        3.6995e-18
    New objective function value:            3.42626e-18
    Actual reduction:                        2.73241e-19
    Predicted reduction:                     3.61741e-19
    Safeguard:                               2.22045e-15
    Actual reduction with safeguard:         2.22072e-15
    Predicted reduction with safeguard:      2.22081e-15
    Ratio of actual and predicted reduction: 0.99996
    Trust-region flag:                       0

------------------------------------------------------------------------------------------------------------------
Trust-Region status output definitions

  iter    - Number of iterates (steps taken)
  value   - Objective function value
  gnorm   - Norm of the gradient
  snorm   - Norm of the step (update to optimization vector)
  delta   - Trust-Region radius
  #fval   - Number of times the objective function was evaluated
  #grad   - Number of times the gradient was computed

  tr_flag - Trust-Region flag
    0 - Both actual and predicted reductions are positive (success)
    1 - Actual reduction is positive and predicted reduction is negative (impossible)
    2 - Actual reduction is nonpositive and predicted reduction is positive
    3 - Actual reduction is nonpositive and predicted reduction is negative (impossible)
    4 - Actual and/or predicted reduction is a NaN
    5 - Subproblem solution did not produce sufficient decrease

  iterCG - Number of Truncated CG iterations

  flagGC - Trust-Region Truncated CG flag
    0 - Residual tolerance met
    1 - Iteration limit exceeded
    2 - Negative curvature detected
    3 - Trust-Region radius exceeded
    4 - Initial right hand side is zero
------------------------------------------------------------------------------------------------------------------
  iter  value          gnorm          snorm          delta          #fval     #grad     tr_flag   iterCG    flagCG    
  19    3.426255e-18   9.258229e-05   3.060623e-14   1.000000e+03   20        20        0         20        1         
  In TrustRegionUtilities::analyzeRatio
    Current objective function value:        3.42626e-18
    New objective function value:            3.18842e-18
    Actual reduction:                        2.37832e-19
    Predicted reduction:                     3.15614e-19
    Safeguard:                               2.22045e-15
    Actual reduction with safeguard:         2.22068e-15
    Predicted reduction with safeguard:      2.22076e-15
    Ratio of actual and predicted reduction: 0.999965
    Trust-region flag:                       0

------------------------------------------------------------------------------------------------------------------
Trust-Region status output definitions

  iter    - Number of iterates (steps taken)
  value   - Objective function value
  gnorm   - Norm of the gradient
  snorm   - Norm of the step (update to optimization vector)
  delta   - Trust-Region radius
  #fval   - Number of times the objective function was evaluated
  #grad   - Number of times the gradient was computed

  tr_flag - Trust-Region flag
    0 - Both actual and predicted reductions are positive (success)
    1 - Actual reduction is positive and predicted reduction is negative (impossible)
    2 - Actual reduction is nonpositive and predicted reduction is positive
    3 - Actual reduction is nonpositive and predicted reduction is negative (impossible)
    4 - Actual and/or predicted reduction is a NaN
    5 - Subproblem solution did not produce sufficient decrease

  iterCG - Number of Truncated CG iterations

  flagGC - Trust-Region Truncated CG flag
    0 - Residual tolerance met
    1 - Iteration limit exceeded
    2 - Negative curvature detected
    3 - Trust-Region radius exceeded
    4 - Initial right hand side is zero
------------------------------------------------------------------------------------------------------------------
  iter  value          gnorm          snorm          delta          #fval     #grad     tr_flag   iterCG    flagCG    
  20    3.188423e-18   8.200798e-05   2.704855e-14   1.000000e+03   21        21        0         20        1         
  In TrustRegionUtilities::analyzeRatio
    Current objective function value:        3.18842e-18
    New objective function value:            2.97739e-18
    Actual reduction:                        2.1103e-19
    Predicted reduction:                     2.78117e-19
    Safeguard:                               2.22045e-15
    Actual reduction with safeguard:         2.22066e-15
    Predicted reduction with safeguard:      2.22072e-15
    Ratio of actual and predicted reduction: 0.99997
    Trust-region flag:                       0

------------------------------------------------------------------------------------------------------------------
Trust-Region status output definitions

  iter    - Number of iterates (steps taken)
  value   - Objective function value
  gnorm   - Norm of the gradient
  snorm   - Norm of the step (update to optimization vector)
  delta   - Trust-Region radius
  #fval   - Number of times the objective function was evaluated
  #grad   - Number of times the gradient was computed

  tr_flag - Trust-Region flag
    0 - Both actual and predicted reductions are positive (success)
    1 - Actual reduction is positive and predicted reduction is negative (impossible)
    2 - Actual reduction is nonpositive and predicted reduction is positive
    3 - Actual reduction is nonpositive and predicted reduction is negative (impossible)
    4 - Actual and/or predicted reduction is a NaN
    5 - Subproblem solution did not produce sufficient decrease

  iterCG - Number of Truncated CG iterations

  flagGC - Trust-Region Truncated CG flag
    0 - Residual tolerance met
    1 - Iteration limit exceeded
    2 - Negative curvature detected
    3 - Trust-Region radius exceeded
    4 - Initial right hand side is zero
------------------------------------------------------------------------------------------------------------------
  iter  value          gnorm          snorm          delta          #fval     #grad     tr_flag   iterCG    flagCG    
  21    2.977393e-18   8.159695e-05   2.728796e-14   1.000000e+03   22        22        0         20        1         
  In TrustRegionUtilities::analyzeRatio
    Current objective function value:        2.97739e-18
    New objective function value:            2.79215e-18
    Actual reduction:                        1.85246e-19
    Predicted reduction:                     2.46145e-19
    Safeguard:                               2.22045e-15
    Actual reduction with safeguard:         2.22063e-15
    Predicted reduction with safeguard:      2.22069e-15
    Ratio of actual and predicted reduction: 0.999973
    Trust-region flag:                       0

------------------------------------------------------------------------------------------------------------------
Trust-Region status output definitions

  iter    - Number of iterates (steps taken)
  value   - Objective function value
  gnorm   - Norm of the gradient
  snorm   - Norm of the step (update to optimization vector)
  delta   - Trust-Region radius
  #fval   - Number of times the objective function was evaluated
  #grad   - Number of times the gradient was computed

  tr_flag - Trust-Region flag
    0 - Both actual and predicted reductions are positive (success)
    1 - Actual reduction is positive and predicted reduction is negative (impossible)
    2 - Actual reduction is nonpositive and predicted reduction is positive
    3 - Actual reduction is nonpositive and predicted reduction is negative (impossible)
    4 - Actual and/or predicted reduction is a NaN
    5 - Subproblem solution did not produce sufficient decrease

  iterCG - Number of Truncated CG iterations

  flagGC - Trust-Region Truncated CG flag
    0 - Residual tolerance met
    1 - Iteration limit exceeded
    2 - Negative curvature detected
    3 - Trust-Region radius exceeded
    4 - Initial right hand side is zero
------------------------------------------------------------------------------------------------------------------
  iter  value          gnorm          snorm          delta          #fval     #grad     tr_flag   iterCG    flagCG    
  22    2.792148e-18   7.255736e-05   2.370145e-14   1.000000e+03   23        23        0         20        1         
  In TrustRegionUtilities::analyzeRatio
    Current objective function value:        2.79215e-18
    New objective function value:            2.6247e-18
    Actual reduction:                        1.67443e-19
    Predicted reduction:                     2.19757e-19
    Safeguard:                               2.22045e-15
    Actual reduction with safeguard:         2.22061e-15
    Predicted reduction with safeguard:      2.22067e-15
    Ratio of actual and predicted reduction: 0.999976
    Trust-region flag:                       0

------------------------------------------------------------------------------------------------------------------
Trust-Region status output definitions

  iter    - Number of iterates (steps taken)
  value   - Objective function value
  gnorm   - Norm of the gradient
  snorm   - Norm of the step (update to optimization vector)
  delta   - Trust-Region radius
  #fval   - Number of times the objective function was evaluated
  #grad   - Number of times the gradient was computed

  tr_flag - Trust-Region flag
    0 - Both actual and predicted reductions are positive (success)
    1 - Actual reduction is positive and predicted reduction is negative (impossible)
    2 - Actual reduction is nonpositive and predicted reduction is positive
    3 - Actual reduction is nonpositive and predicted reduction is negative (impossible)
    4 - Actual and/or predicted reduction is a NaN
    5 - Subproblem solution did not produce sufficient decrease

  iterCG - Number of Truncated CG iterations

  flagGC - Trust-Region Truncated CG flag
    0 - Residual tolerance met
    1 - Iteration limit exceeded
    2 - Negative curvature detected
    3 - Trust-Region radius exceeded
    4 - Initial right hand side is zero
------------------------------------------------------------------------------------------------------------------
  iter  value          gnorm          snorm          delta          #fval     #grad     tr_flag   iterCG    flagCG    
  23    2.624704e-18   7.282329e-05   2.464984e-14   1.000000e+03   24        24        0         20        1         
  In TrustRegionUtilities::analyzeRatio
    Current objective function value:        2.6247e-18
    New objective function value:            2.47681e-18
    Actual reduction:                        1.47898e-19
    Predicted reduction:                     1.96823e-19
    Safeguard:                               2.22045e-15
    Actual reduction with safeguard:         2.22059e-15
    Predicted reduction with safeguard:      2.22064e-15
    Ratio of actual and predicted reduction: 0.999978
    Trust-region flag:                       0

------------------------------------------------------------------------------------------------------------------
Trust-Region status output definitions

  iter    - Number of iterates (steps taken)
  value   - Objective function value
  gnorm   - Norm of the gradient
  snorm   - Norm of the step (update to optimization vector)
  delta   - Trust-Region radius
  #fval   - Number of times the objective function was evaluated
  #grad   - Number of times the gradient was computed

  tr_flag - Trust-Region flag
    0 - Both actual and predicted reductions are positive (success)
    1 - Actual reduction is positive and predicted reduction is negative (impossible)
    2 - Actual reduction is nonpositive and predicted reduction is positive
    3 - Actual reduction is nonpositive and predicted reduction is negative (impossible)
    4 - Actual and/or predicted reduction is a NaN
    5 - Subproblem solution did not produce sufficient decrease

  iterCG - Number of Truncated CG iterations

  flagGC - Trust-Region Truncated CG flag
    0 - Residual tolerance met
    1 - Iteration limit exceeded
    2 - Negative curvature detected
    3 - Trust-Region radius exceeded
    4 - Initial right hand side is zero
------------------------------------------------------------------------------------------------------------------
  iter  value          gnorm          snorm          delta          #fval     #grad     tr_flag   iterCG    flagCG    
  24    2.476806e-18   6.499702e-05   2.102546e-14   1.000000e+03   25        25        0         20        1         
  In TrustRegionUtilities::analyzeRatio
    Current objective function value:        2.47681e-18
    New objective function value:            2.34093e-18
    Actual reduction:                        1.35873e-19
    Predicted reduction:                     1.77647e-19
    Safeguard:                               2.22045e-15
    Actual reduction with safeguard:         2.22058e-15
    Predicted reduction with safeguard:      2.22062e-15
    Ratio of actual and predicted reduction: 0.999981
    Trust-region flag:                       0

------------------------------------------------------------------------------------------------------------------
Trust-Region status output definitions

  iter    - Number of iterates (steps taken)
  value   - Objective function value
  gnorm   - Norm of the gradient
  snorm   - Norm of the step (update to optimization vector)
  delta   - Trust-Region radius
  #fval   - Number of times the objective function was evaluated
  #grad   - Number of times the gradient was computed

  tr_flag - Trust-Region flag
    0 - Both actual and predicted reductions are positive (success)
    1 - Actual reduction is positive and predicted reduction is negative (impossible)
    2 - Actual reduction is nonpositive and predicted reduction is positive
    3 - Actual reduction is nonpositive and predicted reduction is negative (impossible)
    4 - Actual and/or predicted reduction is a NaN
    5 - Subproblem solution did not produce sufficient decrease

  iterCG - Number of Truncated CG iterations

  flagGC - Trust-Region Truncated CG flag
    0 - Residual tolerance met
    1 - Iteration limit exceeded
    2 - Negative curvature detected
    3 - Trust-Region radius exceeded
    4 - Initial right hand side is zero
------------------------------------------------------------------------------------------------------------------
  iter  value          gnorm          snorm          delta          #fval     #grad     tr_flag   iterCG    flagCG    
  25    2.340934e-18   6.565683e-05   2.251100e-14   1.000000e+03   26        26        0         20        1         
  In TrustRegionUtilities::analyzeRatio
    Current objective function value:        2.34093e-18
    New objective function value:            2.22038e-18
    Actual reduction:                        1.20552e-19
    Predicted reduction:                     1.60714e-19
    Safeguard:                               2.22045e-15
    Actual reduction with safeguard:         2.22057e-15
    Predicted reduction with safeguard:      2.22061e-15
    Ratio of actual and predicted reduction: 0.999982
    Trust-region flag:                       0

------------------------------------------------------------------------------------------------------------------
Trust-Region status output definitions

  iter    - Number of iterates (steps taken)
  value   - Objective function value
  gnorm   - Norm of the gradient
  snorm   - Norm of the step (update to optimization vector)
  delta   - Trust-Region radius
  #fval   - Number of times the objective function was evaluated
  #grad   - Number of times the gradient was computed

  tr_flag - Trust-Region flag
    0 - Both actual and predicted reductions are positive (success)
    1 - Actual reduction is positive and predicted reduction is negative (impossible)
    2 - Actual reduction is nonpositive and predicted reduction is positive
    3 - Actual reduction is nonpositive and predicted reduction is negative (impossible)
    4 - Actual and/or predicted reduction is a NaN
    5 - Subproblem solution did not produce sufficient decrease

  iterCG - Number of Truncated CG iterations

  flagGC - Trust-Region Truncated CG flag
    0 - Residual tolerance met
    1 - Iteration limit exceeded
    2 - Negative curvature detected
    3 - Trust-Region radius exceeded
    4 - Initial right hand side is zero
------------------------------------------------------------------------------------------------------------------
  iter  value          gnorm          snorm          delta          #fval     #grad     tr_flag   iterCG    flagCG    
  26    2.220382e-18   5.886203e-05   1.884634e-14   1.000000e+03   27        27        0         20        1         
  In TrustRegionUtilities::analyzeRatio
    Current objective function value:        2.22038e-18
    New objective function value:            2.10803e-18
    Actual reduction:                        1.12355e-19
    Predicted reduction:                     1.46389e-19
    Safeguard:                               2.22045e-15
    Actual reduction with safeguard:         2.22056e-15
    Predicted reduction with safeguard:      2.22059e-15
    Ratio of actual and predicted reduction: 0.999985
    Trust-region flag:                       0

------------------------------------------------------------------------------------------------------------------
Trust-Region status output definitions

  iter    - Number of iterates (steps taken)
  value   - Objective function value
  gnorm   - Norm of the gradient
  snorm   - Norm of the step (update to optimization vector)
  delta   - Trust-Region radius
  #fval   - Number of times the objective function was evaluated
  #grad   - Number of times the gradient was computed

  tr_flag - Trust-Region flag
    0 - Both actual and predicted reductions are positive (success)
    1 - Actual reduction is positive and predicted reduction is negative (impossible)
    2 - Actual reduction is nonpositive and predicted reduction is positive
    3 - Actual reduction is nonpositive and predicted reduction is negative (impossible)
    4 - Actual and/or predicted reduction is a NaN
    5 - Subproblem solution did not produce sufficient decrease

  iterCG - Number of Truncated CG iterations

  flagGC - Trust-Region Truncated CG flag
    0 - Residual tolerance met
    1 - Iteration limit exceeded
    2 - Negative curvature detected
    3 - Trust-Region radius exceeded
    4 - Initial right hand side is zero
------------------------------------------------------------------------------------------------------------------
  iter  value          gnorm          snorm          delta          #fval     #grad     tr_flag   iterCG    flagCG    
  27    2.108027e-18   5.968080e-05   2.074727e-14   1.000000e+03   28        28        0         20        1         
  In TrustRegionUtilities::analyzeRatio
    Current objective function value:        2.10803e-18
    New objective function value:            2.00802e-18
    Actual reduction:                        1.00002e-19
    Predicted reduction:                     1.33576e-19
    Safeguard:                               2.22045e-15
    Actual reduction with safeguard:         2.22055e-15
    Predicted reduction with safeguard:      2.22058e-15
    Ratio of actual and predicted reduction: 0.999985
    Trust-region flag:                       0

------------------------------------------------------------------------------------------------------------------
Trust-Region status output definitions

  iter    - Number of iterates (steps taken)
  value   - Objective function value
  gnorm   - Norm of the gradient
  snorm   - Norm of the step (update to optimization vector)
  delta   - Trust-Region radius
  #fval   - Number of times the objective function was evaluated
  #grad   - Number of times the gradient was computed

  tr_flag - Trust-Region flag
    0 - Both actual and predicted reductions are positive (success)
    1 - Actual reduction is positive and predicted reduction is negative (impossible)
    2 - Actual reduction is nonpositive and predicted reduction is positive
    3 - Actual reduction is nonpositive and predicted reduction is negative (impossible)
    4 - Actual and/or predicted reduction is a NaN
    5 - Subproblem solution did not produce sufficient decrease

  iterCG - Number of Truncated CG iterations

  flagGC - Trust-Region Truncated CG flag
    0 - Residual tolerance met
    1 - Iteration limit exceeded
    2 - Negative curvature detected
    3 - Trust-Region radius exceeded
    4 - Initial right hand side is zero
------------------------------------------------------------------------------------------------------------------
  iter  value          gnorm          snorm          delta          #fval     #grad     tr_flag   iterCG    flagCG    
  28    2.008025e-18   5.384244e-05   1.704382e-14   1.000000e+03   29        29        0         20        1         
  In TrustRegionUtilities::analyzeRatio
    Current objective function value:        2.00802e-18
    New objective function value:            1.91361e-18
    Actual reduction:                        9.44104e-20
    Predicted reduction:                     1.22614e-19
    Safeguard:                               2.22045e-15
    Actual reduction with safeguard:         2.22054e-15
    Predicted reduction with safeguard:      2.22057e-15
    Ratio of actual and predicted reduction: 0.999987
    Trust-region flag:                       0

------------------------------------------------------------------------------------------------------------------
Trust-Region status output definitions

  iter    - Number of iterates (steps taken)
  value   - Objective function value
  gnorm   - Norm of the gradient
  snorm   - Norm of the step (update to optimization vector)
  delta   - Trust-Region radius
  #fval   - Number of times the objective function was evaluated
  #grad   - Number of times the gradient was computed

  tr_flag - Trust-Region flag
    0 - Both actual and predicted reductions are positive (success)
    1 - Actual reduction is positive and predicted reduction is negative (impossible)
    2 - Actual reduction is nonpositive and predicted reduction is positive
    3 - Actual reduction is nonpositive and predicted reduction is negative (impossible)
    4 - Actual and/or predicted reduction is a NaN
    5 - Subproblem solution did not produce sufficient decrease

  iterCG - Number of Truncated CG iterations

  flagGC - Trust-Region Truncated CG flag
    0 - Residual tolerance met
    1 - Iteration limit exceeded
    2 - Negative curvature detected
    3 - Trust-Region radius exceeded
    4 - Initial right hand side is zero
------------------------------------------------------------------------------------------------------------------
  iter  value          gnorm          snorm          delta          #fval     #grad     tr_flag   iterCG    flagCG    
  29    1.913614e-18   5.459711e-05   1.927066e-14   1.000000e+03   30        30        0         20        1         
  In TrustRegionUtilities::analyzeRatio
    Current objective function value:        1.91361e-18
    New objective function value:            1.8294e-18
    Actual reduction:                        8.42096e-20
    Predicted reduction:                     1.12713e-19
    Safeguard:                               2.22045e-15
    Actual reduction with safeguard:         2.22053e-15
    Predicted reduction with safeguard:      2.22056e-15
    Ratio of actual and predicted reduction: 0.999987
    Trust-region flag:                       0

------------------------------------------------------------------------------------------------------------------
Trust-Region status output definitions

  iter    - Number of iterates (steps taken)
  value   - Objective function value
  gnorm   - Norm of the gradient
  snorm   - Norm of the step (update to optimization vector)
  delta   - Trust-Region radius
  #fval   - Number of times the objective function was evaluated
  #grad   - Number of times the gradient was computed

  tr_flag - Trust-Region flag
    0 - Both actual and predicted reductions are positive (success)
    1 - Actual reduction is positive and predicted reduction is negative (impossible)
    2 - Actual reduction is nonpositive and predicted reduction is positive
    3 - Actual reduction is nonpositive and predicted reduction is negative (impossible)
    4 - Actual and/or predicted reduction is a NaN
    5 - Subproblem solution did not produce sufficient decrease

  iterCG - Number of Truncated CG iterations

  flagGC - Trust-Region Truncated CG flag
    0 - Residual tolerance met
    1 - Iteration limit exceeded
    2 - Negative curvature detected
    3 - Trust-Region radius exceeded
    4 - Initial right hand side is zero
------------------------------------------------------------------------------------------------------------------
  iter  value          gnorm          snorm          delta          #fval     #grad     tr_flag   iterCG    flagCG    
  30    1.829405e-18   4.974042e-05   1.553325e-14   1.000000e+03   31        31        0         20        1         
  In TrustRegionUtilities::analyzeRatio
    Current objective function value:        1.8294e-18
    New objective function value:            1.74897e-18
    Actual reduction:                        8.04297e-20
    Predicted reduction:                     1.04145e-19
    Safeguard:                               2.22045e-15
    Actual reduction with safeguard:         2.22053e-15
    Predicted reduction with safeguard:      2.22055e-15
    Ratio of actual and predicted reduction: 0.999989
    Trust-region flag:                       0

------------------------------------------------------------------------------------------------------------------
Trust-Region status output definitions

  iter    - Number of iterates (steps taken)
  value   - Objective function value
  gnorm   - Norm of the gradient
  snorm   - Norm of the step (update to optimization vector)
  delta   - Trust-Region radius
  #fval   - Number of times the objective function was evaluated
  #grad   - Number of times the gradient was computed

  tr_flag - Trust-Region flag
    0 - Both actual and predicted reductions are positive (success)
    1 - Actual reduction is positive and predicted reduction is negative (impossible)
    2 - Actual reduction is nonpositive and predicted reduction is positive
    3 - Actual reduction is nonpositive and predicted reduction is negative (impossible)
    4 - Actual and/or predicted reduction is a NaN
    5 - Subproblem solution did not produce sufficient decrease

  iterCG - Number of Truncated CG iterations

  flagGC - Trust-Region Truncated CG flag
    0 - Residual tolerance met
    1 - Iteration limit exceeded
    2 - Negative curvature detected
    3 - Trust-Region radius exceeded
    4 - Initial right hand side is zero
------------------------------------------------------------------------------------------------------------------
  iter  value          gnorm          snorm          delta          #fval     #grad     tr_flag   iterCG    flagCG    
  31    1.748975e-18   5.018272e-05   1.801710e-14   1.000000e+03   32        32        0         20        1         
  In TrustRegionUtilities::analyzeRatio
    Current objective function value:        1.74897e-18
    New objective function value:            1.67714e-18
    Actual reduction:                        7.18373e-20
    Predicted reduction:                     9.63602e-20
    Safeguard:                               2.22045e-15
    Actual reduction with safeguard:         2.22052e-15
    Predicted reduction with safeguard:      2.22054e-15
    Ratio of actual and predicted reduction: 0.999989
    Trust-region flag:                       0

------------------------------------------------------------------------------------------------------------------
Trust-Region status output definitions

  iter    - Number of iterates (steps taken)
  value   - Objective function value
  gnorm   - Norm of the gradient
  snorm   - Norm of the step (update to optimization vector)
  delta   - Trust-Region radius
  #fval   - Number of times the objective function was evaluated
  #grad   - Number of times the gradient was computed

  tr_flag - Trust-Region flag
    0 - Both actual and predicted reductions are positive (success)
    1 - Actual reduction is positive and predicted reduction is negative (impossible)
    2 - Actual reduction is nonpositive and predicted reduction is positive
    3 - Actual reduction is nonpositive and predicted reduction is negative (impossible)
    4 - Actual and/or predicted reduction is a NaN
    5 - Subproblem solution did not produce sufficient decrease

  iterCG - Number of Truncated CG iterations

  flagGC - Trust-Region Truncated CG flag
    0 - Residual tolerance met
    1 - Iteration limit exceeded
    2 - Negative curvature detected
    3 - Trust-Region radius exceeded
    4 - Initial right hand side is zero
------------------------------------------------------------------------------------------------------------------
  iter  value          gnorm          snorm          delta          #fval     #grad     tr_flag   iterCG    flagCG    
  32    1.677138e-18   4.645366e-05   1.425457e-14   1.000000e+03   33        33        0         20        1         
  In TrustRegionUtilities::analyzeRatio
    Current objective function value:        1.67714e-18
    New objective function value:            1.6078e-18
    Actual reduction:                        6.93398e-20
    Predicted reduction:                     8.95335e-20
    Safeguard:                               2.22045e-15
    Actual reduction with safeguard:         2.22052e-15
    Predicted reduction with safeguard:      2.22054e-15
    Ratio of actual and predicted reduction: 0.999991
    Trust-region flag:                       0

------------------------------------------------------------------------------------------------------------------
Trust-Region status output definitions

  iter    - Number of iterates (steps taken)
  value   - Objective function value
  gnorm   - Norm of the gradient
  snorm   - Norm of the step (update to optimization vector)
  delta   - Trust-Region radius
  #fval   - Number of times the objective function was evaluated
  #grad   - Number of times the gradient was computed

  tr_flag - Trust-Region flag
    0 - Both actual and predicted reductions are positive (success)
    1 - Actual reduction is positive and predicted reduction is negative (impossible)
    2 - Actual reduction is nonpositive and predicted reduction is positive
    3 - Actual reduction is nonpositive and predicted reduction is negative (impossible)
    4 - Actual and/or predicted reduction is a NaN
    5 - Subproblem solution did not produce sufficient decrease

  iterCG - Number of Truncated CG iterations

  flagGC - Trust-Region Truncated CG flag
    0 - Residual tolerance met
    1 - Iteration limit exceeded
    2 - Negative curvature detected
    3 - Trust-Region radius exceeded
    4 - Initial right hand side is zero
------------------------------------------------------------------------------------------------------------------
  iter  value          gnorm          snorm          delta          #fval     #grad     tr_flag   iterCG    flagCG    
  33    1.607798e-18   4.626229e-05   1.693876e-14   1.000000e+03   34        34        0         20        1         
  In TrustRegionUtilities::analyzeRatio
    Current objective function value:        1.6078e-18
    New objective function value:            1.54581e-18
    Actual reduction:                        6.19865e-20
    Predicted reduction:                     8.3332e-20
    Safeguard:                               2.22045e-15
    Actual reduction with safeguard:         2.22051e-15
    Predicted reduction with safeguard:      2.22053e-15
    Ratio of actual and predicted reduction: 0.99999
    Trust-region flag:                       0

------------------------------------------------------------------------------------------------------------------
Trust-Region status output definitions

  iter    - Number of iterates (steps taken)
  value   - Objective function value
  gnorm   - Norm of the gradient
  snorm   - Norm of the step (update to optimization vector)
  delta   - Trust-Region radius
  #fval   - Number of times the objective function was evaluated
  #grad   - Number of times the gradient was computed

  tr_flag - Trust-Region flag
    0 - Both actual and predicted reductions are positive (success)
    1 - Actual reduction is positive and predicted reduction is negative (impossible)
    2 - Actual reduction is nonpositive and predicted reduction is positive
    3 - Actual reduction is nonpositive and predicted reduction is negative (impossible)
    4 - Actual and/or predicted reduction is a NaN
    5 - Subproblem solution did not produce sufficient decrease

  iterCG - Number of Truncated CG iterations

  flagGC - Trust-Region Truncated CG flag
    0 - Residual tolerance met
    1 - Iteration limit exceeded
    2 - Negative curvature detected
    3 - Trust-Region radius exceeded
    4 - Initial right hand side is zero
------------------------------------------------------------------------------------------------------------------
  iter  value          gnorm          snorm          delta          #fval     #grad     tr_flag   iterCG    flagCG    
  34    1.545811e-18   4.399086e-05   1.316628e-14   1.000000e+03   35        35        0         20        1         
  In TrustRegionUtilities::analyzeRatio
    Current objective function value:        1.54581e-18
    New objective function value:            1.4854e-18
    Actual reduction:                        6.04097e-20
    Predicted reduction:                     7.77953e-20
    Safeguard:                               2.22045e-15
    Actual reduction with safeguard:         2.22051e-15
    Predicted reduction with safeguard:      2.22052e-15
    Ratio of actual and predicted reduction: 0.999992
    Trust-region flag:                       0

------------------------------------------------------------------------------------------------------------------
Trust-Region status output definitions

  iter    - Number of iterates (steps taken)
  value   - Objective function value
  gnorm   - Norm of the gradient
  snorm   - Norm of the step (update to optimization vector)
  delta   - Trust-Region radius
  #fval   - Number of times the objective function was evaluated
  #grad   - Number of times the gradient was computed

  tr_flag - Trust-Region flag
    0 - Both actual and predicted reductions are positive (success)
    1 - Actual reduction is positive and predicted reduction is negative (impossible)
    2 - Actual reduction is nonpositive and predicted reduction is positive
    3 - Actual reduction is nonpositive and predicted reduction is negative (impossible)
    4 - Actual and/or predicted reduction is a NaN
    5 - Subproblem solution did not produce sufficient decrease

  iterCG - Number of Truncated CG iterations

  flagGC - Trust-Region Truncated CG flag
    0 - Residual tolerance met
    1 - Iteration limit exceeded
    2 - Negative curvature detected
    3 - Trust-Region radius exceeded
    4 - Initial right hand side is zero
------------------------------------------------------------------------------------------------------------------
  iter  value          gnorm          snorm          delta          #fval     #grad     tr_flag   iterCG    flagCG    
  35    1.485402e-18   4.269414e-05   1.599917e-14   1.000000e+03   36        36        0         20        1         
  In TrustRegionUtilities::analyzeRatio
    Current objective function value:        1.4854e-18
    New objective function value:            1.43135e-18
    Actual reduction:                        5.40481e-20
    Predicted reduction:                     7.28268e-20
    Safeguard:                               2.22045e-15
    Actual reduction with safeguard:         2.2205e-15
    Predicted reduction with safeguard:      2.22052e-15
    Ratio of actual and predicted reduction: 0.999992
    Trust-region flag:                       0

------------------------------------------------------------------------------------------------------------------
Trust-Region status output definitions

  iter    - Number of iterates (steps taken)
  value   - Objective function value
  gnorm   - Norm of the gradient
  snorm   - Norm of the step (update to optimization vector)
  delta   - Trust-Region radius
  #fval   - Number of times the objective function was evaluated
  #grad   - Number of times the gradient was computed

  tr_flag - Trust-Region flag
    0 - Both actual and predicted reductions are positive (success)
    1 - Actual reduction is positive and predicted reduction is negative (impossible)
    2 - Actual reduction is nonpositive and predicted reduction is positive
    3 - Actual reduction is nonpositive and predicted reduction is negative (impossible)
    4 - Actual and/or predicted reduction is a NaN
    5 - Subproblem solution did not produce sufficient decrease

  iterCG - Number of Truncated CG iterations

  flagGC - Trust-Region Truncated CG flag
    0 - Residual tolerance met
    1 - Iteration limit exceeded
    2 - Negative curvature detected
    3 - Trust-Region radius exceeded
    4 - Initial right hand side is zero
------------------------------------------------------------------------------------------------------------------
  iter  value          gnorm          snorm          delta          #fval     #grad     tr_flag   iterCG    flagCG    
  36    1.431354e-18   4.254400e-05   1.224405e-14   1.000000e+03   37        37        0         20        1         
  In TrustRegionUtilities::analyzeRatio
    Current objective function value:        1.43135e-18
    New objective function value:            1.37822e-18
    Actual reduction:                        5.31385e-20
    Predicted reduction:                     6.82575e-20
    Safeguard:                               2.22045e-15
    Actual reduction with safeguard:         2.2205e-15
    Predicted reduction with safeguard:      2.22051e-15
    Ratio of actual and predicted reduction: 0.999993
    Trust-region flag:                       0

------------------------------------------------------------------------------------------------------------------
Trust-Region status output definitions

  iter    - Number of iterates (steps taken)
  value   - Objective function value
  gnorm   - Norm of the gradient
  snorm   - Norm of the step (update to optimization vector)
  delta   - Trust-Region radius
  #fval   - Number of times the objective function was evaluated
  #grad   - Number of times the gradient was computed

  tr_flag - Trust-Region flag
    0 - Both actual and predicted reductions are positive (success)
    1 - Actual reduction is positive and predicted reduction is negative (impossible)
    2 - Actual reduction is nonpositive and predicted reduction is positive
    3 - Actual reduction is nonpositive and predicted reduction is negative (impossible)
    4 - Actual and/or predicted reduction is a NaN
    5 - Subproblem solution did not produce sufficient decrease

  iterCG - Number of Truncated CG iterations

  flagGC - Trust-Region Truncated CG flag
    0 - Residual tolerance met
    1 - Iteration limit exceeded
    2 - Negative curvature detected
    3 - Trust-Region radius exceeded
    4 - Initial right hand side is zero
------------------------------------------------------------------------------------------------------------------
  iter  value          gnorm          snorm          delta          #fval     #grad     tr_flag   iterCG    flagCG    
  37    1.378215e-18   3.935507e-05   1.516970e-14   1.000000e+03   38        38        0         20        1         
  In TrustRegionUtilities::analyzeRatio
    Current objective function value:        1.37822e-18
    New objective function value:            1.33059e-18
    Actual reduction:                        4.76259e-20
    Predicted reduction:                     6.4324e-20
    Safeguard:                               2.22045e-15
    Actual reduction with safeguard:         2.22049e-15
    Predicted reduction with safeguard:      2.22051e-15
    Ratio of actual and predicted reduction: 0.999992
    Trust-region flag:                       0

------------------------------------------------------------------------------------------------------------------
Trust-Region status output definitions

  iter    - Number of iterates (steps taken)
  value   - Objective function value
  gnorm   - Norm of the gradient
  snorm   - Norm of the step (update to optimization vector)
  delta   - Trust-Region radius
  #fval   - Number of times the objective function was evaluated
  #grad   - Number of times the gradient was computed

  tr_flag - Trust-Region flag
    0 - Both actual and predicted reductions are positive (success)
    1 - Actual reduction is positive and predicted reduction is negative (impossible)
    2 - Actual reduction is nonpositive and predicted reduction is positive
    3 - Actual reduction is nonpositive and predicted reduction is negative (impossible)
    4 - Actual and/or predicted reduction is a NaN
    5 - Subproblem solution did not produce sufficient decrease

  iterCG - Number of Truncated CG iterations

  flagGC - Trust-Region Truncated CG flag
    0 - Residual tolerance met
    1 - Iteration limit exceeded
    2 - Negative curvature detected
    3 - Trust-Region radius exceeded
    4 - Initial right hand side is zero
------------------------------------------------------------------------------------------------------------------
  iter  value          gnorm          snorm          delta          #fval     #grad     tr_flag   iterCG    flagCG    
  38    1.330589e-18   4.268492e-05   1.148725e-14   1.000000e+03   39        39        0         20        1         
  In TrustRegionUtilities::analyzeRatio
    Current objective function value:        1.33059e-18
    New objective function value:            1.28339e-18
    Actual reduction:                        4.71969e-20
    Predicted reduction:                     6.04762e-20
    Safeguard:                               2.22045e-15
    Actual reduction with safeguard:         2.22049e-15
    Predicted reduction with safeguard:      2.22051e-15
    Ratio of actual and predicted reduction: 0.999994
    Trust-region flag:                       0

------------------------------------------------------------------------------------------------------------------
Trust-Region status output definitions

  iter    - Number of iterates (steps taken)
  value   - Objective function value
  gnorm   - Norm of the gradient
  snorm   - Norm of the step (update to optimization vector)
  delta   - Trust-Region radius
  #fval   - Number of times the objective function was evaluated
  #grad   - Number of times the gradient was computed

  tr_flag - Trust-Region flag
    0 - Both actual and predicted reductions are positive (success)
    1 - Actual reduction is positive and predicted reduction is negative (impossible)
    2 - Actual reduction is nonpositive and predicted reduction is positive
    3 - Actual reduction is nonpositive and predicted reduction is negative (impossible)
    4 - Actual and/or predicted reduction is a NaN
    5 - Subproblem solution did not produce sufficient decrease

  iterCG - Number of Truncated CG iterations

  flagGC - Trust-Region Truncated CG flag
    0 - Residual tolerance met
    1 - Iteration limit exceeded
    2 - Negative curvature detected
    3 - Trust-Region radius exceeded
    4 - Initial right hand side is zero
------------------------------------------------------------------------------------------------------------------
  iter  value          gnorm          snorm          delta          #fval     #grad     tr_flag   iterCG    flagCG    
  39    1.283392e-18   3.610985e-05   1.442538e-14   1.000000e+03   40        40        0         20        1         
  In TrustRegionUtilities::analyzeRatio
    Current objective function value:        1.28339e-18
    New objective function value:            1.24089e-18
    Actual reduction:                        4.25069e-20
    Predicted reduction:                     5.7547e-20
    Safeguard:                               2.22045e-15
    Actual reduction with safeguard:         2.22049e-15
    Predicted reduction with safeguard:      2.2205e-15
    Ratio of actual and predicted reduction: 0.999993
    Trust-region flag:                       0

------------------------------------------------------------------------------------------------------------------
Trust-Region status output definitions

  iter    - Number of iterates (steps taken)
  value   - Objective function value
  gnorm   - Norm of the gradient
  snorm   - Norm of the step (update to optimization vector)
  delta   - Trust-Region radius
  #fval   - Number of times the objective function was evaluated
  #grad   - Number of times the gradient was computed

  tr_flag - Trust-Region flag
    0 - Both actual and predicted reductions are positive (success)
    1 - Actual reduction is positive and predicted reduction is negative (impossible)
    2 - Actual reduction is nonpositive and predicted reduction is positive
    3 - Actual reduction is nonpositive and predicted reduction is negative (impossible)
    4 - Actual and/or predicted reduction is a NaN
    5 - Subproblem solution did not produce sufficient decrease

  iterCG - Number of Truncated CG iterations

  flagGC - Trust-Region Truncated CG flag
    0 - Residual tolerance met
    1 - Iteration limit exceeded
    2 - Negative curvature detected
    3 - Trust-Region radius exceeded
    4 - Initial right hand side is zero
------------------------------------------------------------------------------------------------------------------
  iter  value          gnorm          snorm          delta          #fval     #grad     tr_flag   iterCG    flagCG    
  40    1.240885e-18   4.557578e-05   1.093722e-14   1.000000e+03   41        41        0         20        1         
  In TrustRegionUtilities::analyzeRatio
    Current objective function value:        1.24089e-18
    New objective function value:            1.19839e-18
    Actual reduction:                        4.24976e-20
    Predicted reduction:                     5.43276e-20
    Safeguard:                               2.22045e-15
    Actual reduction with safeguard:         2.22049e-15
    Predicted reduction with safeguard:      2.2205e-15
    Ratio of actual and predicted reduction: 0.999995
    Trust-region flag:                       0

------------------------------------------------------------------------------------------------------------------
Trust-Region status output definitions

  iter    - Number of iterates (steps taken)
  value   - Objective function value
  gnorm   - Norm of the gradient
  snorm   - Norm of the step (update to optimization vector)
  delta   - Trust-Region radius
  #fval   - Number of times the objective function was evaluated
  #grad   - Number of times the gradient was computed

  tr_flag - Trust-Region flag
    0 - Both actual and predicted reductions are positive (success)
    1 - Actual reduction is positive and predicted reduction is negative (impossible)
    2 - Actual reduction is nonpositive and predicted reduction is positive
    3 - Actual reduction is nonpositive and predicted reduction is negative (impossible)
    4 - Actual and/or predicted reduction is a NaN
    5 - Subproblem solution did not produce sufficient decrease

  iterCG - Number of Truncated CG iterations

  flagGC - Trust-Region Truncated CG flag
    0 - Residual tolerance met
    1 - Iteration limit exceeded
    2 - Negative curvature detected
    3 - Trust-Region radius exceeded
    4 - Initial right hand side is zero
------------------------------------------------------------------------------------------------------------------
  iter  value          gnorm          snorm          delta          #fval     #grad     tr_flag   iterCG    flagCG    
  41    1.198388e-18   3.428835e-05   1.378362e-14   1.000000e+03   42        42        0         20        1         
  In TrustRegionUtilities::analyzeRatio
    Current objective function value:        1.19839e-18
    New objective function value:            1.16096e-18
    Actual reduction:                        3.74266e-20
    Predicted reduction:                     5.08101e-20
    Safeguard:                               2.22045e-15
    Actual reduction with safeguard:         2.22048e-15
    Predicted reduction with safeguard:      2.2205e-15
    Ratio of actual and predicted reduction: 0.999994
    Trust-region flag:                       0

------------------------------------------------------------------------------------------------------------------
Trust-Region status output definitions

  iter    - Number of iterates (steps taken)
  value   - Objective function value
  gnorm   - Norm of the gradient
  snorm   - Norm of the step (update to optimization vector)
  delta   - Trust-Region radius
  #fval   - Number of times the objective function was evaluated
  #grad   - Number of times the gradient was computed

  tr_flag - Trust-Region flag
    0 - Both actual and predicted reductions are positive (success)
    1 - Actual reduction is positive and predicted reduction is negative (impossible)
    2 - Actual reduction is nonpositive and predicted reduction is positive
    3 - Actual reduction is nonpositive and predicted reduction is negative (impossible)
    4 - Actual and/or predicted reduction is a NaN
    5 - Subproblem solution did not produce sufficient decrease

  iterCG - Number of Truncated CG iterations

  flagGC - Trust-Region Truncated CG flag
    0 - Residual tolerance met
    1 - Iteration limit exceeded
    2 - Negative curvature detected
    3 - Trust-Region radius exceeded
    4 - Initial right hand side is zero
------------------------------------------------------------------------------------------------------------------
  iter  value          gnorm          snorm          delta          #fval     #grad     tr_flag   iterCG    flagCG    
  42    1.160961e-18   3.877397e-05   1.008913e-14   1.000000e+03   43        43        0         20        1         
  In TrustRegionUtilities::analyzeRatio
    Current objective function value:        1.16096e-18
    New objective function value:            1.1233e-18
    Actual reduction:                        3.76599e-20
    Predicted reduction:                     4.80225e-20
    Safeguard:                               2.22045e-15
    Actual reduction with safeguard:         2.22048e-15
    Predicted reduction with safeguard:      2.22049e-15
    Ratio of actual and predicted reduction: 0.999995
    Trust-region flag:                       0

------------------------------------------------------------------------------------------------------------------
Trust-Region status output definitions

  iter    - Number of iterates (steps taken)
  value   - Objective function value
  gnorm   - Norm of the gradient
  snorm   - Norm of the step (update to optimization vector)
  delta   - Trust-Region radius
  #fval   - Number of times the objective function was evaluated
  #grad   - Number of times the gradient was computed

  tr_flag - Trust-Region flag
    0 - Both actual and predicted reductions are positive (success)
    1 - Actual reduction is positive and predicted reduction is negative (impossible)
    2 - Actual reduction is nonpositive and predicted reduction is positive
    3 - Actual reduction is nonpositive and predicted reduction is negative (impossible)
    4 - Actual and/or predicted reduction is a NaN
    5 - Subproblem solution did not produce sufficient decrease

  iterCG - Number of Truncated CG iterations

  flagGC - Trust-Region Truncated CG flag
    0 - Residual tolerance met
    1 - Iteration limit exceeded
    2 - Negative curvature detected
    3 - Trust-Region radius exceeded
    4 - Initial right hand side is zero
------------------------------------------------------------------------------------------------------------------
  iter  value          gnorm          snorm          delta          #fval     #grad     tr_flag   iterCG    flagCG    
  43    1.123301e-18   3.055435e-05   1.316534e-14   1.000000e+03   44        44        0         20        1         
  In TrustRegionUtilities::analyzeRatio
    Current objective function value:        1.1233e-18
    New objective function value:            1.0898e-18
    Actual reduction:                        3.35051e-20
    Predicted reduction:                     4.56117e-20
    Safeguard:                               2.22045e-15
    Actual reduction with safeguard:         2.22048e-15
    Predicted reduction with safeguard:      2.22049e-15
    Ratio of actual and predicted reduction: 0.999995
    Trust-region flag:                       0

------------------------------------------------------------------------------------------------------------------
Trust-Region status output definitions

  iter    - Number of iterates (steps taken)
  value   - Objective function value
  gnorm   - Norm of the gradient
  snorm   - Norm of the step (update to optimization vector)
  delta   - Trust-Region radius
  #fval   - Number of times the objective function was evaluated
  #grad   - Number of times the gradient was computed

  tr_flag - Trust-Region flag
    0 - Both actual and predicted reductions are positive (success)
    1 - Actual reduction is positive and predicted reduction is negative (impossible)
    2 - Actual reduction is nonpositive and predicted reduction is positive
    3 - Actual reduction is nonpositive and predicted reduction is negative (impossible)
    4 - Actual and/or predicted reduction is a NaN
    5 - Subproblem solution did not produce sufficient decrease

  iterCG - Number of Truncated CG iterations

  flagGC - Trust-Region Truncated CG flag
    0 - Residual tolerance met
    1 - Iteration limit exceeded
    2 - Negative curvature detected
    3 - Trust-Region radius exceeded
    4 - Initial right hand side is zero
------------------------------------------------------------------------------------------------------------------
  iter  value          gnorm          snorm          delta          #fval     #grad     tr_flag   iterCG    flagCG    
  44    1.089796e-18   3.805572e-05   9.535059e-15   1.000000e+03   45        45        0         20        1         
  In TrustRegionUtilities::analyzeRatio
    Current objective function value:        1.0898e-18
    New objective function value:            1.05575e-18
    Actual reduction:                        3.40474e-20
    Predicted reduction:                     4.3325e-20
    Safeguard:                               2.22045e-15
    Actual reduction with safeguard:         2.22048e-15
    Predicted reduction with safeguard:      2.22049e-15
    Ratio of actual and predicted reduction: 0.999996
    Trust-region flag:                       0

------------------------------------------------------------------------------------------------------------------
Trust-Region status output definitions

  iter    - Number of iterates (steps taken)
  value   - Objective function value
  gnorm   - Norm of the gradient
  snorm   - Norm of the step (update to optimization vector)
  delta   - Trust-Region radius
  #fval   - Number of times the objective function was evaluated
  #grad   - Number of times the gradient was computed

  tr_flag - Trust-Region flag
    0 - Both actual and predicted reductions are positive (success)
    1 - Actual reduction is positive and predicted reduction is negative (impossible)
    2 - Actual reduction is nonpositive and predicted reduction is positive
    3 - Actual reduction is nonpositive and predicted reduction is negative (impossible)
    4 - Actual and/or predicted reduction is a NaN
    5 - Subproblem solution did not produce sufficient decrease

  iterCG - Number of Truncated CG iterations

  flagGC - Trust-Region Truncated CG flag
    0 - Residual tolerance met
    1 - Iteration limit exceeded
    2 - Negative curvature detected
    3 - Trust-Region radius exceeded
    4 - Initial right hand side is zero
------------------------------------------------------------------------------------------------------------------
  iter  value          gnorm          snorm          delta          #fval     #grad     tr_flag   iterCG    flagCG    
  45    1.055749e-18   2.853051e-05   1.264965e-14   1.000000e+03   46        46        0         20        1         
  In TrustRegionUtilities::analyzeRatio
    Current objective function value:        1.05575e-18
    New objective function value:            1.02513e-18
    Actual reduction:                        3.06182e-20
    Predicted reduction:                     4.17834e-20
    Safeguard:                               2.22045e-15
    Actual reduction with safeguard:         2.22048e-15
    Predicted reduction with safeguard:      2.22049e-15
    Ratio of actual and predicted reduction: 0.999995
    Trust-region flag:                       0

------------------------------------------------------------------------------------------------------------------
Trust-Region status output definitions

  iter    - Number of iterates (steps taken)
  value   - Objective function value
  gnorm   - Norm of the gradient
  snorm   - Norm of the step (update to optimization vector)
  delta   - Trust-Region radius
  #fval   - Number of times the objective function was evaluated
  #grad   - Number of times the gradient was computed

  tr_flag - Trust-Region flag
    0 - Both actual and predicted reductions are positive (success)
    1 - Actual reduction is positive and predicted reduction is negative (impossible)
    2 - Actual reduction is nonpositive and predicted reduction is positive
    3 - Actual reduction is nonpositive and predicted reduction is negative (impossible)
    4 - Actual and/or predicted reduction is a NaN
    5 - Subproblem solution did not produce sufficient decrease

  iterCG - Number of Truncated CG iterations

  flagGC - Trust-Region Truncated CG flag
    0 - Residual tolerance met
    1 - Iteration limit exceeded
    2 - Negative curvature detected
    3 - Trust-Region radius exceeded
    4 - Initial right hand side is zero
------------------------------------------------------------------------------------------------------------------
  iter  value          gnorm          snorm          delta          #fval     #grad     tr_flag   iterCG    flagCG    
  46    1.025131e-18   4.230162e-05   9.241799e-15   1.000000e+03   47        47        0         20        1         
  In TrustRegionUtilities::analyzeRatio
    Current objective function value:        1.02513e-18
    New objective function value:            9.93864e-19
    Actual reduction:                        3.12662e-20
    Predicted reduction:                     3.96986e-20
    Safeguard:                               2.22045e-15
    Actual reduction with safeguard:         2.22048e-15
    Predicted reduction with safeguard:      2.22049e-15
    Ratio of actual and predicted reduction: 0.999996
    Trust-region flag:                       0

------------------------------------------------------------------------------------------------------------------
Trust-Region status output definitions

  iter    - Number of iterates (steps taken)
  value   - Objective function value
  gnorm   - Norm of the gradient
  snorm   - Norm of the step (update to optimization vector)
  delta   - Trust-Region radius
  #fval   - Number of times the objective function was evaluated
  #grad   - Number of times the gradient was computed

  tr_flag - Trust-Region flag
    0 - Both actual and predicted reductions are positive (success)
    1 - Actual reduction is positive and predicted reduction is negative (impossible)
    2 - Actual reduction is nonpositive and predicted reduction is positive
    3 - Actual reduction is nonpositive and predicted reduction is negative (impossible)
    4 - Actual and/or predicted reduction is a NaN
    5 - Subproblem solution did not produce sufficient decrease

  iterCG - Number of Truncated CG iterations

  flagGC - Trust-Region Truncated CG flag
    0 - Residual tolerance met
    1 - Iteration limit exceeded
    2 - Negative curvature detected
    3 - Trust-Region radius exceeded
    4 - Initial right hand side is zero
------------------------------------------------------------------------------------------------------------------
  iter  value          gnorm          snorm          delta          #fval     #grad     tr_flag   iterCG    flagCG    
  47    9.938644e-19   2.607736e-05   1.215451e-14   1.000000e+03   48        48        0         20        1         
  In TrustRegionUtilities::analyzeRatio
    Current objective function value:        9.93864e-19
    New objective function value:            9.65171e-19
    Actual reduction:                        2.8693e-20
    Predicted reduction:                     3.92335e-20
    Safeguard:                               2.22045e-15
    Actual reduction with safeguard:         2.22047e-15
    Predicted reduction with safeguard:      2.22049e-15
    Ratio of actual and predicted reduction: 0.999995
    Trust-region flag:                       0

------------------------------------------------------------------------------------------------------------------
Trust-Region status output definitions

  iter    - Number of iterates (steps taken)
  value   - Objective function value
  gnorm   - Norm of the gradient
  snorm   - Norm of the step (update to optimization vector)
  delta   - Trust-Region radius
  #fval   - Number of times the objective function was evaluated
  #grad   - Number of times the gradient was computed

  tr_flag - Trust-Region flag
    0 - Both actual and predicted reductions are positive (success)
    1 - Actual reduction is positive and predicted reduction is negative (impossible)
    2 - Actual reduction is nonpositive and predicted reduction is positive
    3 - Actual reduction is nonpositive and predicted reduction is negative (impossible)
    4 - Actual and/or predicted reduction is a NaN
    5 - Subproblem solution did not produce sufficient decrease

  iterCG - Number of Truncated CG iterations

  flagGC - Trust-Region Truncated CG flag
    0 - Residual tolerance met
    1 - Iteration limit exceeded
    2 - Negative curvature detected
    3 - Trust-Region radius exceeded
    4 - Initial right hand side is zero
------------------------------------------------------------------------------------------------------------------
  iter  value          gnorm          snorm          delta          #fval     #grad     tr_flag   iterCG    flagCG    
  48    9.651714e-19   5.181382e-05   9.348371e-15   1.000000e+03   49        49        0         20        1         
  In TrustRegionUtilities::analyzeRatio
    Current objective function value:        9.65171e-19
    New objective function value:            9.35885e-19
    Actual reduction:                        2.92867e-20
    Predicted reduction:                     3.71254e-20
    Safeguard:                               2.22045e-15
    Actual reduction with safeguard:         2.22048e-15
    Predicted reduction with safeguard:      2.22048e-15
    Ratio of actual and predicted reduction: 0.999996
    Trust-region flag:                       0

------------------------------------------------------------------------------------------------------------------
Trust-Region status output definitions

  iter    - Number of iterates (steps taken)
  value   - Objective function value
  gnorm   - Norm of the gradient
  snorm   - Norm of the step (update to optimization vector)
  delta   - Trust-Region radius
  #fval   - Number of times the objective function was evaluated
  #grad   - Number of times the gradient was computed

  tr_flag - Trust-Region flag
    0 - Both actual and predicted reductions are positive (success)
    1 - Actual reduction is positive and predicted reduction is negative (impossible)
    2 - Actual reduction is nonpositive and predicted reduction is positive
    3 - Actual reduction is nonpositive and predicted reduction is negative (impossible)
    4 - Actual and/or predicted reduction is a NaN
    5 - Subproblem solution did not produce sufficient decrease

  iterCG - Number of Truncated CG iterations

  flagGC - Trust-Region Truncated CG flag
    0 - Residual tolerance met
    1 - Iteration limit exceeded
    2 - Negative curvature detected
    3 - Trust-Region radius exceeded
    4 - Initial right hand side is zero
------------------------------------------------------------------------------------------------------------------
  iter  value          gnorm          snorm          delta          #fval     #grad     tr_flag   iterCG    flagCG    
  49    9.358847e-19   2.333380e-05   1.161510e-14   1.000000e+03   50        50        0         20        1         
  In TrustRegionUtilities::analyzeRatio
    Current objective function value:        9.35885e-19
    New objective function value:            9.0569e-19
    Actual reduction:                        3.01944e-20
    Predicted reduction:                     4.12646e-20
    Safeguard:                               2.22045e-15
    Actual reduction with safeguard:         2.22048e-15
    Predicted reduction with safeguard:      2.22049e-15
    Ratio of actual and predicted reduction: 0.999995
    Trust-region flag:                       0

------------------------------------------------------------------------------------------------------------------
Trust-Region status output definitions

  iter    - Number of iterates (steps taken)
  value   - Objective function value
  gnorm   - Norm of the gradient
  snorm   - Norm of the step (update to optimization vector)
  delta   - Trust-Region radius
  #fval   - Number of times the objective function was evaluated
  #grad   - Number of times the gradient was computed

  tr_flag - Trust-Region flag
    0 - Both actual and predicted reductions are positive (success)
    1 - Actual reduction is positive and predicted reduction is negative (impossible)
    2 - Actual reduction is nonpositive and predicted reduction is positive
    3 - Actual reduction is nonpositive and predicted reduction is negative (impossible)
    4 - Actual and/or predicted reduction is a NaN
    5 - Subproblem solution did not produce sufficient decrease

  iterCG - Number of Truncated CG iterations

  flagGC - Trust-Region Truncated CG flag
    0 - Residual tolerance met
    1 - Iteration limit exceeded
    2 - Negative curvature detected
    3 - Trust-Region radius exceeded
    4 - Initial right hand side is zero
------------------------------------------------------------------------------------------------------------------
  iter  value          gnorm          snorm          delta          #fval     #grad     tr_flag   iterCG    flagCG    
  50    9.056903e-19   8.079713e-05   1.157871e-14   1.000000e+03   51        51        0         20        1         
Optimization Terminated with Status: Iteration Limit Exceeded
